1,0,0,0.00,-8.58,1.0395
2,0,0,0.00,-65.34,1.0722
3,0,0,0.00,-117.25,1.1155
4,0,0,0.00,-167.62,1.1274
5,1,1,0.20,-148.98,1.1075
6,1,1,0.33,-126.63,1.0606
7,0,1,0.29,-176.60,1.0788
8,1,1,0.38,-154.53,1.0309
9,0,1,0.33,-209.90,1.0799
10,0,1,0.30,-263.77,1.0827
11,0,1,0.27,-315.45,1.1436
12,0,1,0.25,-365.28,1.1420
13,0,1,0.23,-408.04,1.1836
14,0,1,0.21,-465.65,1.2032
15,0,1,0.20,-519.32,1.2108
16,0,1,0.19,-569.44,1.2483
17,0,1,0.18,-623.81,1.2384
18,0,1,0.17,-683.57,1.2759
19,0,1,0.16,-743.68,1.3230
20,0,1,0.15,-796.80,1.2688
21,1,1,0.19,-775.65,1.2402
22,1,1,0.23,-752.02,1.2005
23,0,1,0.22,-809.93,1.2334
24,0,1,0.21,-865.50,1.2303
25,0,1,0.20,-913.41,1.2430
26,0,1,0.19,-962.82,1.2411
27,1,1,0.22,-936.81,1.2299
28,1,1,0.25,-912.14,1.2229
29,0,1,0.24,-975.65,1.1918
30,0,1,0.23,-1023.81,1.2596
31,0,1,0.23,-1088.67,1.2573
32,0,1,0.22,-1152.13,1.2600
33,0,1,0.21,-1199.09,1.2967
34,1,1,0.24,-1163.98,1.2719
35,0,1,0.23,-1220.19,1.2670
36,0,1,0.22,-1272.76,1.2617
37,0,1,0.22,-1324.47,1.2873
38,1,1,0.24,-1310.69,1.2880
39,0,1,0.23,-1362.90,1.2737
40,1,1,0.25,-1334.64,1.2657
41,1,1,0.27,-1315.29,1.2426
42,0,1,0.26,-1372.46,1.2552
43,0,1,0.26,-1423.23,1.2733
44,1,1,0.27,-1393.52,1.2668
45,0,1,0.27,-1453.03,1.2724
46,1,1,0.28,-1428.42,1.2636
47,1,1,0.30,-1409.08,1.2595
48,0,1,0.29,-1468.55,1.2738
49,0,1,0.29,-1518.06,1.2950
50,1,1,0.30,-1494.92,1.3189
51,2,2,0.33,-1463.04,1.3391
52,0,2,0.33,-1511.25,1.3490
53,2,2,0.36,-1471.83,1.3299
54,1,2,0.37,-1448.42,1.2899
55,0,2,0.36,-1509.23,1.3149
56,0,2,0.36,-1567.05,1.3458
57,0,2,0.35,-1608.89,1.3367
58,0,2,0.34,-1649.72,1.3569
59,1,2,0.36,-1617.81,1.2974
60,1,2,0.37,-1596.07,1.3291
61,0,2,0.36,-1643.50,1.2981
62,0,2,0.35,-1693.92,1.3305
63,0,2,0.35,-1750.23,1.3550
64,1,2,0.36,-1725.26,1.3283
65,0,2,0.35,-1785.32,1.3449
66,1,2,0.36,-1764.79,1.3223
67,1,2,0.37,-1738.11,1.3165
68,0,2,0.37,-1798.43,1.3565
69,0,2,0.36,-1857.04,1.3349
70,0,2,0.36,-1913.75,1.3762
71,0,2,0.35,-1962.06,1.3633
72,0,2,0.35,-2018.53,1.3629
73,0,2,0.34,-2065.65,1.3642
74,1,2,0.35,-2029.87,1.3531
75,0,2,0.35,-2083.59,1.3385
76,1,2,0.36,-2058.07,1.3499
77,1,2,0.36,-2033.83,1.3182
78,0,2,0.36,-2091.99,1.3384
79,0,2,0.35,-2150.45,1.3668
80,0,2,0.35,-2209.86,1.3936
81,0,2,0.35,-2266.73,1.3944
82,1,2,0.35,-2245.30,1.3576
83,0,2,0.35,-2301.77,1.3886
84,0,2,0.35,-2345.07,1.3828
85,0,2,0.34,-2406.83,1.3758
86,1,2,0.35,-2380.24,1.3998
87,0,2,0.34,-2432.47,1.3646
88,0,2,0.34,-2497.03,1.3740
89,0,2,0.34,-2549.06,1.3949
90,0,2,0.33,-2611.92,1.3528
91,1,2,0.34,-2586.59,1.4114
92,0,2,0.34,-2641.56,1.3976
93,1,2,0.34,-2616.19,1.3667
94,0,2,0.34,-2672.00,1.3932
95,0,2,0.34,-2727.07,1.3907
96,0,2,0.33,-2784.59,1.3895
97,1,2,0.34,-2767.76,1.4214
98,0,2,0.34,-2820.82,1.4176
99,1,2,0.34,-2797.07,1.3976
100,0,2,0.34,-2849.09,1.4039
101,0,2,0.34,-2899.50,1.4280
102,0,2,0.33,-2939.73,1.4722
103,0,2,0.33,-2994.90,1.4377
104,0,2,0.33,-3058.91,1.4438
105,2,2,0.34,-3018.87,1.4515
106,0,2,0.34,-3062.33,1.4306
107,0,2,0.34,-3119.90,1.4613
108,0,2,0.33,-3177.01,1.4735
109,1,2,0.34,-3160.22,1.4719
110,2,2,0.35,-3118.35,1.4553
111,0,2,0.35,-3174.67,1.4571
112,1,2,0.36,-3151.08,1.4465
113,1,2,0.36,-3129.90,1.4342
114,0,2,0.36,-3183.17,1.4450
115,0,2,0.36,-3232.69,1.4676
116,0,2,0.35,-3294.65,1.4419
117,0,2,0.35,-3351.06,1.4517
118,0,2,0.35,-3406.83,1.4702
119,1,2,0.35,-3395.28,1.4722
120,1,2,0.36,-3376.04,1.4662
121,0,2,0.36,-3427.61,1.4300
122,1,2,0.36,-3394.29,1.4795
123,0,2,0.36,-3454.90,1.4155
124,0,2,0.35,-3516.01,1.4720
125,0,2,0.35,-3571.68,1.4468
126,0,2,0.35,-3624.84,1.4742
127,0,2,0.35,-3673.05,1.4758
128,0,2,0.34,-3728.47,1.4860
129,0,2,0.34,-3780.88,1.4855
130,0,2,0.34,-3839.20,1.4799
131,0,2,0.34,-3888.46,1.4475
132,1,2,0.34,-3868.27,1.4767
133,0,2,0.34,-3918.48,1.4450
134,1,2,0.34,-3896.13,1.4502
135,1,2,0.35,-3870.02,1.4706
136,0,2,0.35,-3926.19,1.4448
137,0,2,0.34,-3986.75,1.4794
138,0,2,0.34,-4048.21,1.4479
139,1,2,0.35,-4033.13,1.4412
140,0,2,0.34,-4079.92,1.4577
141,0,2,0.34,-4135.20,1.4657
142,0,2,0.34,-4185.47,1.4931
143,0,2,0.34,-4240.99,1.4635
144,0,2,0.33,-4296.52,1.4539
145,1,2,0.34,-4272.24,1.4716
146,0,2,0.34,-4318.96,1.4679
147,0,2,0.33,-4368.42,1.4980
148,1,2,0.34,-4358.69,1.5141
149,0,2,0.34,-4419.65,1.4810
150,0,2,0.33,-4473.26,1.5019
151,1,2,0.34,-4441.59,1.5285
152,1,2,0.34,-4417.24,1.4899
153,1,2,0.35,-4386.72,1.5323
154,0,2,0.34,-4437.79,1.5061
155,0,2,0.34,-4500.05,1.4848
156,0,2,0.34,-4556.11,1.5000
157,0,2,0.34,-4599.87,1.4974
158,1,2,0.34,-4576.30,1.4929
159,0,2,0.34,-4633.41,1.5231
160,1,2,0.34,-4609.48,1.4920
161,0,2,0.34,-4656.39,1.4946
162,0,2,0.34,-4712.05,1.5220
163,0,2,0.34,-4767.87,1.5072
164,0,2,0.34,-4812.39,1.4969
165,0,2,0.33,-4873.25,1.5004
166,0,2,0.33,-4933.11,1.5160
167,0,2,0.33,-4974.01,1.5133
168,0,2,0.33,-5028.24,1.5068
169,1,2,0.33,-5014.65,1.4792
170,0,2,0.33,-5075.35,1.4983
171,0,2,0.33,-5131.38,1.5183
172,0,2,0.33,-5183.11,1.4930
173,1,2,0.33,-5155.70,1.4871
174,0,2,0.33,-5206.82,1.4932
175,0,2,0.33,-5265.08,1.5012
176,0,2,0.32,-5314.99,1.5154
177,0,2,0.32,-5363.80,1.4787
178,1,2,0.33,-5338.97,1.4797
179,0,2,0.32,-5404.13,1.4954
180,0,2,0.32,-5462.09,1.5469
181,0,2,0.32,-5519.00,1.4997
182,0,2,0.32,-5571.27,1.5010
183,0,2,0.32,-5627.70,1.4972
184,0,2,0.32,-5683.71,1.5194
185,0,2,0.31,-5732.07,1.4918
186,0,2,0.31,-5788.99,1.5073
187,1,2,0.32,-5774.30,1.5035
188,0,2,0.31,-5830.37,1.4911
189,0,2,0.31,-5886.54,1.4858
190,0,2,0.31,-5933.51,1.4801
191,0,2,0.31,-5986.47,1.4957
192,0,2,0.31,-6041.24,1.4771
193,0,2,0.31,-6084.18,1.4977
194,1,2,0.31,-6059.75,1.5070
195,0,2,0.31,-6118.56,1.5536
196,0,2,0.31,-6179.37,1.5168
197,1,2,0.31,-6159.33,1.4952
198,0,2,0.31,-6215.64,1.4864
199,0,2,0.31,-6268.40,1.4813
200,1,2,0.31,-6237.78,1.5297
201,0,2,0.31,-6292.25,1.5357
202,0,2,0.31,-6349.61,1.5468
203,0,2,0.31,-6397.02,1.5207
204,0,2,0.30,-6444.84,1.5488
205,2,2,0.31,-6401.04,1.5526
206,0,2,0.31,-6453.25,1.5547
207,0,2,0.31,-6511.17,1.5151
208,1,2,0.31,-6488.38,1.5795
1,1,1,1.00,8.99,1.0899
2,1,1,1.00,31.57,1.0412
3,1,1,1.00,57.05,1.0175
4,0,1,0.75,4.94,1.0488
1,1,1,1.00,4.09,1.1219
2,1,1,1.00,25.74,1.0718
3,0,1,0.67,-28.28,1.1234
4,1,1,0.75,-2.99,1.0944
5,0,1,0.60,-59.60,1.1215
6,0,1,0.50,-119.61,1.1567
7,0,1,0.43,-183.37,1.1937
8,0,1,0.38,-218.81,1.1804
9,1,1,0.44,-192.74,1.1654
10,0,1,0.40,-254.00,1.1737
1,1,1,1.00,6.64,1.0977
2,0,1,0.50,-43.32,1.1206
3,0,1,0.33,-94.98,1.1442
4,0,1,0.25,-146.80,1.1607
5,0,1,0.20,-202.21,1.1771
1,0,0,0.00,-38.34,1.1751
2,1,1,0.50,-14.27,1.1188
3,1,1,0.67,13.00,1.0945
4,0,1,0.50,-31.50,1.0945
5,0,1,0.40,-89.52,1.1379
6,0,1,0.33,-149.43,1.1937
7,0,1,0.29,-201.79,1.1920
8,0,1,0.25,-254.82,1.2185
9,0,1,0.22,-311.19,1.2240
10,0,1,0.20,-364.11,1.2558
11,0,1,0.18,-420.47,1.2787
12,0,1,0.17,-475.00,1.2921
13,0,1,0.15,-524.66,1.2970
14,0,1,0.14,-582.07,1.2932
15,0,1,0.13,-634.80,1.3124
16,1,1,0.19,-609.74,1.2892
17,1,1,0.24,-579.92,1.2310
18,0,1,0.22,-638.43,1.2716
19,0,1,0.21,-700.04,1.2740
1,0,0,0.00,-50.11,1.5269
1,0,0,0.00,-53.23,1.6799
2,340,340,170.00,246.77,1.2884
3,1,340,113.67,274.38,1.2854
4,340,340,170.25,574.38,1.0710
5,0,340,136.20,518.16,1.1048
6,270,340,158.50,758.16,1.1740
7,0,340,135.86,700.49,1.1803
8,250,340,150.12,920.49,1.2091
9,0,340,133.44,856.19,1.2246
10,180,340,138.10,976.19,1.2164
11,1,340,125.64,1005.66,1.2597
12,310,340,141.00,1285.66,1.3944
13,0,340,130.15,1237.46,1.3897
14,190,340,134.43,1397.46,1.3343
15,0,340,125.47,1339.45,1.3223
16,300,340,136.38,1609.45,1.3472
17,0,340,128.35,1552.93,1.3659
18,330,340,139.56,1852.93,1.3306
19,0,340,132.21,1795.92,1.3501
20,210,340,136.10,1975.92,1.3307
21,0,340,129.62,1913.81,1.2843
22,290,340,136.91,2153.81,1.3694
23,0,340,130.96,2088.75,1.3025
24,520,520,147.17,2558.75,1.3944
25,0,520,141.28,2501.94,1.3246
26,220,520,144.31,2691.94,1.3076
27,0,520,138.96,2637.97,1.3457
28,300,520,144.71,2907.97,1.2493
29,0,520,139.72,2856.19,1.3313
30,300,520,145.07,3126.19,1.3697
31,1,520,140.42,3139.36,1.2870
32,350,520,146.97,3449.36,1.3217
33,0,520,142.52,3392.95,1.3189
34,380,520,149.50,3742.95,1.2918
35,0,520,145.23,3690.53,1.2707
36,240,520,147.86,3900.53,1.2168
37,0,520,143.86,3849.96,1.2661
38,300,520,147.97,4109.96,1.2809
39,1,520,144.21,4136.88,1.3506
40,280,520,147.60,4386.88,1.3351
41,1,520,144.02,4410.47,1.3294
42,310,520,147.98,4690.47,1.3189
43,1,520,144.56,4707.56,1.3230
44,220,520,146.27,4877.56,1.3174
45,0,520,143.02,4826.34,1.3154
46,350,520,147.52,5136.34,1.3687
47,0,520,144.38,5080.37,1.4059
48,490,520,151.58,5530.37,1.3087
49,0,520,148.49,5470.81,1.3602
50,180,520,149.12,5620.81,1.2689
51,1,520,146.22,5644.84,1.3730
52,610,610,155.13,6184.84,1.3579
53,0,610,152.21,6134.17,1.3890
54,290,610,154.76,6384.17,1.3642
55,1,610,151.96,6396.58,1.3613
56,250,610,153.71,6616.58,1.3395
57,0,610,151.02,6554.62,1.3597
58,1210,1210,169.28,7114.62,1.3914
59,0,1210,166.41,7050.26,1.3609
60,310,1210,168.80,7330.26,1.2711
61,0,1210,166.03,7271.63,1.3880
62,400,1210,169.81,7631.63,1.3478
63,0,1210,167.11,7573.21,1.2578
64,280,1210,168.88,7813.21,1.3133
65,1,1210,166.29,7844.42,1.3094
66,250,1210,167.56,8064.42,1.3388
67,0,1210,165.06,8011.15,1.2898
68,220,1210,165.87,8201.15,1.2532
69,0,1210,163.46,8145.08,1.4376
70,310,1210,165.56,8415.08,1.3501
71,0,1210,163.23,8368.11,1.2935
72,250,1210,164.43,8588.11,1.1463
73,0,1210,162.18,8539.70,1.2706
74,310,1210,164.18,8819.70,1.3676
75,0,1210,161.99,8775.46,1.3055
76,230,1210,162.88,8965.46,1.2392
77,1,1210,160.78,8989.15,1.2247
78,370,1210,163.46,9329.15,1.2615
79,0,1210,161.39,9273.34,1.2828
80,260,1210,162.62,9493.34,1.2997
81,0,1210,160.62,9435.42,1.3283
82,220,1210,161.34,9615.42,1.3037
83,0,1210,159.40,9565.26,1.1917
84,370,1210,161.90,9895.26,1.3243
85,0,1210,160.00,9839.59,1.3204
86,540,1210,164.42,10349.59,1.3341
87,0,1210,162.53,10300.36,1.1959
88,290,1210,163.98,10560.36,1.1734
89,1,1210,162.15,10576.75,1.2865
90,220,1210,162.79,10766.75,1.2862
91,0,1210,161.00,10710.68,1.2760
92,460,1210,164.25,11140.68,1.2976
93,0,1210,162.48,11081.31,1.3231
94,420,1210,165.22,11461.31,1.3121
95,0,1210,163.48,11407.38,1.3063
96,320,1210,165.11,11697.38,1.3797
97,0,1210,163.41,11637.57,1.2583
98,180,1210,163.58,11787.57,1.2014
99,0,1210,161.93,11730.56,1.3280
100,350,1210,163.81,12050.56,1.2392
101,0,1210,162.19,11994.29,1.3204
102,240,1210,162.95,12204.29,1.2754
103,0,1210,161.37,12143.03,1.3167
104,510,1210,164.72,12603.03,1.2462
105,0,1210,163.15,12544.31,1.3084
106,320,1210,164.63,12834.31,1.4188
107,0,1210,163.09,12774.60,1.2372
108,250,1210,163.90,12994.60,1.2737
109,2,1210,162.41,13030.19,1.2478
110,280,1210,163.48,13280.19,1.2578
111,0,1210,162.01,13226.26,1.2513
112,370,1210,163.87,13556.26,1.2218
113,0,1210,162.42,13511.88,1.2764
114,330,1210,163.89,13811.88,1.1618
115,1,1210,162.47,13829.36,1.3012
116,220,1210,162.97,14009.36,1.2606
117,0,1210,161.57,13948.30,1.2439
118,310,1210,162.83,14218.30,1.2526
119,0,1210,161.46,14170.99,1.3105
120,260,1210,162.28,14400.99,1.3024
121,0,1210,160.94,14339.93,1.3637
122,330,1210,162.33,14639.93,1.3437
123,1,1210,161.02,14660.73,1.3013
124,320,1210,162.30,14940.73,1.3717
125,1,1210,161.01,14960.72,1.3583
126,350,1210,162.51,15270.72,1.2144
127,0,1210,161.23,15214.75,1.2807
128,210,1210,161.61,15384.75,1.2810
129,0,1210,160.36,15323.94,1.3657
130,270,1210,161.20,15563.94,1.1995
131,0,1210,159.97,15511.21,1.2438
132,260,1210,160.73,15731.21,1.2704
133,0,1210,159.52,15670.25,1.2458
134,340,1210,160.87,15980.25,1.3364
135,0,1210,159.67,15923.14,1.2003
136,310,1210,160.78,16193.14,1.2815
137,0,1210,159.61,16142.22,1.2890
138,340,1210,160.91,16452.22,1.3325
139,2,1210,159.77,16481.95,1.2254
140,280,1210,160.63,16711.95,1.3591
141,0,1210,159.49,16651.94,1.3388
142,350,1210,160.83,16971.94,1.2251
143,0,1210,159.71,16914.73,1.3568
144,310,1210,160.75,17194.73,1.3449
145,0,1210,159.64,17139.10,1.2657
146,360,1210,161.01,17469.10,1.3782
147,0,1210,159.92,17421.46,1.2986
148,240,1210,160.46,17631.46,1.3083
149,1,1210,159.39,17654.99,1.3425
150,310,1210,160.39,17934.99,1.3484
151,0,1210,159.33,17884.42,1.3147
152,380,1210,160.78,18234.42,1.2993
153,1,1210,159.74,18253.47,1.1991
154,240,1210,160.26,18453.47,1.2754
155,0,1210,159.23,18394.55,1.3166
156,320,1210,160.26,18684.55,1.3969
157,0,1210,159.24,18631.42,1.2954
158,390,1210,160.70,18991.42,1.2965
159,1,1210,159.69,19017.98,1.3349
160,280,1210,160.44,19267.98,1.3908
161,1,1210,159.45,19289.83,1.2852
162,410,1210,161.00,19659.83,1.2227
163,0,1210,160.01,19601.27,1.3486
164,260,1210,160.62,19821.27,1.2775
165,0,1210,159.65,19764.30,1.3088
166,430,1210,161.28,20164.30,1.3446
167,0,1210,160.31,20113.36,1.3038
168,400,1210,161.74,20483.36,1.3495
169,0,1210,160.78,20430.10,1.3427
170,250,1210,161.31,20650.10,1.2496
171,1,1210,160.37,20670.09,1.3186
172,290,1210,161.12,20930.09,1.2427
173,0,1210,160.19,20872.94,1.2889
174,570,1210,162.55,21372.94,1.3493
175,0,1210,161.62,21314.88,1.3040
176,260,1210,162.18,21534.88,1.1930
177,1,1210,161.27,21553.47,1.2721
178,360,1210,162.38,21883.47,1.3001
179,0,1210,161.47,21831.66,1.3010
180,280,1210,162.13,22081.66,1.2888
181,0,1210,161.24,22025.10,1.3256
182,290,1210,161.95,22275.10,1.2531
183,1,1210,161.07,22298.38,1.2600
184,380,1210,162.26,22648.38,1.2695
185,0,1210,161.38,22594.60,1.3359
186,300,1210,162.12,22864.60,1.3156
187,1,1210,161.26,22886.39,1.3324
188,400,1210,162.53,23256.39,1.3932
189,0,1210,161.67,23201.88,1.2785
190,460,1210,163.24,23631.88,1.3119
191,0,1210,162.39,23580.57,1.2344
192,340,1210,163.31,23880.57,1.3250
193,1,1210,162.47,23899.41,1.3432
194,420,1210,163.80,24289.41,1.3073
195,0,1210,162.96,24238.40,1.3011
196,470,1210,164.53,24678.40,1.2817
197,0,1210,163.69,24619.79,1.3548
198,250,1210,164.13,24839.79,1.3463
199,0,1210,163.30,24782.68,1.2521
200,280,1210,163.88,25032.68,1.3196
201,0,1210,163.07,24974.52,1.2870
202,510,1210,164.79,25454.52,1.3014
203,0,1210,163.98,25400.81,1.3195
204,360,1210,164.94,25730.81,1.3153
205,0,1210,164.13,25672.94,1.2735
206,230,1210,164.45,25872.94,1.4088
207,0,1210,163.66,25815.52,1.3250
208,450,1210,165.03,26235.52,1.2829
209,1,1210,164.25,26254.52,1.2242
210,250,1210,164.66,26474.52,1.2710
211,1,1210,163.88,26498.51,1.3599
212,180,1210,163.96,26648.51,1.2917
213,1,1210,163.19,26669.85,1.2826
214,330,1210,163.97,26959.85,1.3437
215,0,1210,163.21,26898.89,1.3239
216,360,1210,164.12,27218.89,1.2569
217,1,1210,163.37,27242.18,1.2706
218,200,1210,163.54,27412.18,1.2756
219,0,1210,162.79,27356.71,1.4124
220,390,1210,163.82,27716.71,1.3877
221,1,1210,163.09,27740.21,1.2751
222,370,1210,164.02,28070.21,1.3128
223,0,1210,163.28,28005.90,1.3602
224,380,1210,164.25,28345.90,1.3196
225,0,1210,163.52,28300.68,1.3107
226,310,1210,164.17,28570.68,1.3906
227,0,1210,163.44,28520.37,1.4262
228,240,1210,163.78,28720.37,1.3623
229,0,1210,163.07,28659.25,1.4345
230,350,1210,163.88,28979.25,1.2564
231,0,1210,163.17,28925.08,1.3643
232,400,1210,164.19,29295.08,1.3298
233,0,1210,163.48,29237.85,1.4063
234,340,1210,164.24,29547.85,1.2767
235,0,1210,163.54,29491.03,1.1954
236,320,1210,164.20,29771.03,1.3094
237,0,1210,163.51,29713.72,1.2895
238,330,1210,164.21,30003.72,1.2896
239,0,1210,163.52,29954.51,1.4390
240,350,1210,164.30,30264.51,1.2899
241,0,1210,163.62,30203.99,1.3579
242,270,1210,164.06,30443.99,1.2425
243,1,1210,163.39,30456.88,1.3701
244,320,1210,164.03,30736.88,1.2916
245,1,1210,163.36,30750.93,1.2084
246,210,1210,163.55,30920.93,1.4201
247,1,1210,162.89,30944.60,1.4068
248,390,1210,163.81,31304.60,1.3444
249,0,1210,163.15,31246.74,1.3724
250,400,1210,164.10,31596.74,1.3764
251,0,1210,163.45,31534.19,1.2556
252,270,1210,163.87,31764.19,1.3477
253,0,1210,163.22,31708.61,1.3594
254,290,1210,163.72,31958.61,1.3246
255,0,1210,163.08,31900.28,1.3006
256,240,1210,163.38,32110.28,1.3506
257,0,1210,162.74,32046.58,1.2527
258,310,1210,163.31,32326.58,1.3754
259,0,1210,162.68,32267.72,1.2840
260,260,1210,163.06,32497.72,1.2718
261,0,1210,162.43,32440.56,1.2875
262,210,1210,162.61,32590.56,1.2830
263,1,1210,162.00,32612.30,1.4013
264,170,1210,162.03,32752.30,1.3868
265,0,1210,161.42,32690.24,1.3730
266,180,1210,161.49,32830.24,1.2406
267,1,1210,160.89,32831.66,1.2732
268,290,1210,161.37,33081.66,1.3104
269,0,1210,160.77,33023.50,1.2392
270,260,1210,161.14,33243.50,1.2904
271,0,1210,160.54,33192.94,1.3549
272,290,1210,161.02,33442.94,1.1823
273,0,1210,160.43,33377.88,1.3625
274,500,1210,161.67,33847.88,1.1996
275,0,1210,161.08,33796.67,1.3033
276,390,1210,161.91,34146.67,1.2506
277,0,1210,161.32,34091.00,1.2433
278,200,1210,161.46,34261.00,1.2688
279,0,1210,160.89,34205.04,1.1948
280,340,1210,161.53,34505.04,1.3418
281,0,1210,160.95,34447.97,1.3457
282,260,1210,161.30,34677.97,1.3428
283,0,1210,160.73,34622.80,1.3821
284,450,1210,161.75,35042.80,1.3135
285,0,1210,161.18,34991.26,1.2979
286,200,1210,161.32,35161.26,1.2771
287,0,1210,160.76,35101.21,1.3970
288,180,1210,160.82,35251.21,1.3607
289,1,1210,160.27,35272.05,1.2889
290,260,1210,160.61,35492.05,1.2498
291,0,1210,160.06,35435.59,1.1976
292,350,1210,160.71,35755.59,1.3028
293,1,1210,160.17,35792.74,1.3043
294,290,1210,160.61,36032.74,1.4516
295,1,1210,160.07,36053.44,1.3699
296,370,1210,160.78,36393.44,1.2907
297,0,1210,160.24,36336.72,1.3296
298,200,1210,160.37,36506.72,1.3244
299,0,1210,159.83,36455.86,1.3130
300,290,1210,160.27,36715.86,1.2302
301,0,1210,159.73,36664.30,1.2850
302,310,1210,160.23,36934.30,1.2067
303,1,1210,159.71,36944.04,1.2746
304,430,1210,160.60,37334.04,1.3976
305,0,1210,160.07,37279.41,1.2625
306,250,1210,160.36,37499.41,1.4146
307,1,1210,159.84,37519.20,1.2739
308,320,1210,160.36,37809.20,1.3980
309,0,1210,159.84,37752.83,1.2519
310,290,1210,160.26,38002.83,1.3154
311,0,1210,159.75,37937.57,1.3441
312,300,1210,160.20,38197.57,1.2861
313,0,1210,159.69,38156.20,1.2759
314,1090,1210,162.65,38596.20,1.2918
315,0,1210,162.13,38544.69,1.2719
316,270,1210,162.47,38774.69,1.1850
317,0,1210,161.96,38719.12,1.2726
318,450,1210,162.87,39139.12,1.2420
319,0,1210,162.36,39087.45,1.2324
320,280,1210,162.72,39337.45,1.3149
321,0,1210,162.22,39279.53,1.3075
322,310,1210,162.68,39549.53,1.2140
323,0,1210,162.17,39493.80,1.3275
324,270,1210,162.51,39733.80,1.2340
325,0,1210,162.01,39680.07,1.3674
326,180,1210,162.06,39830.07,1.3340
327,0,1210,161.57,39780.64,1.2781
328,270,1210,161.90,40010.64,1.2611
329,1,1210,161.41,40025.23,1.2869
330,270,1210,161.74,40255.23,1.2072
331,0,1210,161.25,40200.10,1.3492
332,270,1210,161.58,40430.10,1.2960
333,0,1210,161.09,40372.98,1.4290
334,370,1210,161.72,40712.98,1.3360
335,1,1210,161.24,40734.02,1.3521
336,350,1210,161.80,41044.02,1.3081
337,1,1210,161.32,41058.41,1.3277
338,350,1210,161.88,41378.41,1.4048
339,0,1210,161.40,41322.64,1.2887
340,170,1210,161.43,41452.64,1.1576
341,1,1210,160.96,41492.29,1.2940
342,350,1210,161.51,41802.29,1.2441
343,0,1210,161.04,41750.42,1.4171
344,510,1210,162.05,42230.42,1.2759
345,0,1210,161.58,42193.62,1.2585
346,170,1210,161.61,42323.62,1.2782
347,0,1210,161.14,42262.21,1.2725
348,250,1210,161.40,42482.21,1.1818
349,0,1210,160.93,42424.29,1.2177
350,270,1210,161.25,42654.29,1.2655
351,0,1210,160.79,42606.13,1.2866
352,270,1210,161.10,42846.13,1.2640
353,1,1210,160.64,42870.00,1.3305
354,360,1210,161.21,43200.00,1.1860
355,1,1210,160.75,43170.96,1.2241
356,300,1210,161.15,43440.96,1.2725
357,0,1210,160.69,43390.20,1.2837
358,200,1210,160.80,43560.20,1.2949
359,0,1210,160.36,43511.90,1.3418
360,440,1210,161.13,43911.90,1.2892
361,0,1210,160.69,43857.17,1.2357
362,240,1210,160.91,44057.17,1.2697
363,0,1210,160.46,44004.46,1.3368
364,340,1210,160.96,44314.46,1.2989
365,0,1210,160.52,44258.93,1.2240
366,220,1210,160.68,44448.93,1.2331
367,0,1210,160.24,44398.79,1.2755
368,280,1210,160.57,44648.79,1.2614
369,0,1210,160.13,44591.78,1.2545
370,390,1210,160.75,44951.78,1.2457
371,0,1210,160.32,44893.06,1.3087
372,310,1210,160.72,45173.06,1.3332
373,1,1210,160.29,45182.06,1.2183
374,320,1210,160.72,45462.06,1.2515
375,0,1210,160.29,45404.50,1.3461
376,300,1210,160.66,45674.50,1.2964
377,0,1210,160.24,45613.04,1.3386
378,320,1210,160.66,45903.04,1.2754
379,0,1210,160.23,45849.27,1.3377
380,390,1210,160.84,46199.27,1.3173
381,0,1210,160.42,46142.64,1.3365
382,250,1210,160.65,46362.64,1.2748
383,0,1210,160.23,46311.40,1.2628
384,480,1210,161.07,46761.40,1.2138
385,0,1210,160.65,46704.69,1.2228
386,280,1210,160.96,46954.69,1.2796
387,0,1210,160.54,46898.96,1.2708
388,180,1210,160.59,47048.96,1.2681
389,0,1210,160.18,46994.23,1.1543
390,260,1210,160.43,47224.23,1.2526
391,0,1210,160.02,47175.11,1.3686
392,300,1210,160.38,47445.11,1.2630
393,0,1210,159.97,47386.85,1.2725
394,320,1210,160.38,47676.85,1.2595
395,0,1210,159.97,47630.15,1.2462
396,360,1210,160.48,47960.15,1.2893
397,0,1210,160.07,47903.18,1.3406
398,290,1210,160.40,48153.18,1.2267
399,0,1210,160.00,48093.47,1.2170
400,260,1210,160.25,48313.47,1.2820
401,0,1210,159.85,48260.90,1.3229
402,460,1210,160.59,48690.90,1.2737
403,1,1210,160.20,48722.17,1.2316
404,490,1210,161.01,49182.17,1.3224
405,1,1210,160.62,49212.93,1.2892
406,280,1210,160.91,49462.93,1.1973
407,1,1210,160.52,49487.54,1.2955
408,380,1210,161.06,49837.54,1.2877
409,0,1210,160.67,49780.87,1.2305
410,340,1210,161.10,50090.87,1.1741
411,0,1210,160.71,50031.16,1.2184
412,320,1210,161.10,50321.16,1.1531
413,0,1210,160.71,50267.49,1.2861
414,310,1210,161.07,50547.49,1.2334
415,1,1210,160.68,50509.76,1.2360
416,200,1210,160.78,50669.76,1.2956
417,0,1210,160.39,50613.99,1.2678
418,530,1210,161.28,51113.99,1.2576
419,0,1210,160.89,51059.46,1.3961
420,300,1210,161.22,51329.46,1.2286
421,0,1210,160.84,51274.59,1.3261
422,290,1210,161.14,51524.59,1.3154
423,0,1210,160.76,51467.08,1.2943
424,340,1210,161.19,51767.08,1.2242
425,0,1210,160.81,51716.54,1.3537
426,300,1210,161.13,51986.54,1.2607
427,0,1210,160.76,51925.48,1.3484
428,230,1210,160.92,52115.48,1.2635
429,0,1210,160.54,52057.37,1.2478
430,300,1210,160.87,52327.37,1.2240
431,0,1210,160.49,52268.16,1.2839
432,310,1210,160.84,52548.16,1.2448
433,0,1210,160.47,52495.94,1.2818
434,80,1210,160.28,52545.94,1.3352
435,0,1210,159.91,52495.71,1.2395
436,230,1210,160.08,52695.71,1.2484
437,0,1210,159.71,52638.20,1.2755
438,310,1210,160.05,52918.20,1.3005
439,1,1210,159.69,52940.14,1.3932
440,280,1210,159.96,53170.14,1.2163
441,0,1210,159.60,53115.57,1.2888
442,290,1210,159.90,53375.57,1.2485
443,0,1210,159.53,53318.51,1.2554
444,350,1210,159.96,53638.51,1.2765
445,0,1210,159.60,53578.25,1.3060
446,320,1210,159.96,53868.25,1.2523
447,0,1210,159.61,53820.05,1.2015
448,530,1210,160.43,54320.05,1.3142
449,0,1210,160.08,54258.10,1.2443
450,240,1210,160.25,54458.10,1.2234
451,1,1210,159.90,54477.74,1.2503
452,270,1210,160.14,54717.74,1.2489
453,0,1210,159.79,54671.73,1.2785
454,410,1210,160.34,55051.73,1.2291
455,0,1210,159.99,54999.41,1.2943
456,230,1210,160.14,55199.41,1.1818
457,0,1210,159.79,55149.24,1.2164
458,380,1210,160.27,55499.24,1.2928
459,0,1210,159.92,55437.63,1.3640
460,250,1210,160.12,55657.63,1.2495
461,0,1210,159.77,55599.32,1.2895
462,370,1210,160.23,55939.32,1.2514
463,0,1210,159.88,55886.98,1.2758
464,230,1210,160.03,56076.98,1.2548
465,1,1210,159.69,56090.85,1.2409
466,280,1210,159.95,56340.85,1.2862
467,0,1210,159.61,56284.88,1.3084
468,210,1210,159.71,56464.88,1.2337
469,0,1210,159.37,56405.77,1.3122
470,340,1210,159.76,56715.77,1.2793
471,0,1210,159.42,56662.10,1.2295
472,250,1210,159.61,56882.10,1.3048
473,1,1210,159.27,56899.60,1.2761
474,250,1210,159.47,57119.60,1.2669
475,0,1210,159.13,57060.49,1.2873
476,530,1210,159.91,57550.49,1.3121
477,0,1210,159.57,57495.07,1.3152
478,290,1210,159.85,57755.07,1.3001
479,1,1210,159.52,57781.75,1.3408
480,940,1210,161.14,58271.75,1.3055
481,1,1210,160.81,58245.12,1.1982
482,420,1210,161.35,58625.12,1.2459
483,0,1210,161.01,58569.95,1.2540
484,240,1210,161.18,58779.95,1.2262
485,0,1210,160.84,58716.49,1.2662
486,410,1210,161.36,59096.49,1.2479
487,0,1210,161.02,59043.22,1.2877
488,220,1210,161.15,59233.22,1.3456
489,0,1210,160.82,59172.20,1.3188
490,410,1210,161.32,59552.20,1.2045
491,1,1210,161.00,59572.65,1.3090
492,420,1210,161.52,59962.65,1.2233
493,0,1210,161.20,59907.03,1.3073
494,300,1210,161.48,60167.03,1.2320
495,1,1210,161.15,60183.52,1.1693
496,300,1210,161.43,60443.52,1.2930
497,1,1210,161.11,60456.85,1.3282
498,360,1210,161.51,60776.85,1.2215
499,1,1210,161.19,60788.88,1.2116
500,210,1210,161.29,60968.88,1.2768
501,1,1210,160.97,60989.91,1.2645
502,340,1210,161.32,61299.91,1.2639
503,1,1210,161.00,61332.78,1.3048
504,380,1210,161.44,61682.78,1.2208
505,0,1210,161.12,61627.55,1.3541
506,280,1210,161.35,61867.55,1.2054
507,0,1210,161.04,61814.22,1.3292
508,330,1210,161.37,62114.22,1.1839
509,0,1210,161.05,62060.00,1.3017
510,350,1210,161.42,62380.00,1.2402
511,0,1210,161.11,62337.93,1.2816
512,400,1210,161.57,62697.93,1.1976
513,1,1210,161.26,62712.63,1.2479
514,310,1210,161.55,62992.63,1.3090
515,1,1210,161.24,62995.71,1.3067
516,390,1210,161.68,63355.71,1.3228
517,1,1210,161.37,63378.60,1.3349
518,250,1210,161.54,63588.60,1.2915
519,1,1210,161.23,63609.54,1.2519
520,470,1210,161.82,64049.54,1.3205
521,1,1210,161.52,64067.03,1.3540
522,480,1210,162.13,64517.03,1.1993
523,0,1210,161.82,64457.12,1.2924
524,270,1210,162.02,64697.12,1.2811
525,0,1210,161.71,64636.52,1.3265
526,250,1210,161.88,64846.52,1.3397
527,0,1210,161.57,64789.50,1.2830
528,510,1210,162.23,65269.50,1.1963
529,0,1210,161.93,65236.38,1.2616
530,260,1210,162.11,65466.38,1.2931
531,1,1210,161.81,65444.94,1.3088
532,380,1210,162.22,65794.94,1.2056
533,1,1210,161.92,65759.84,1.2909
534,300,1210,162.18,66029.84,1.2763
535,1,1210,161.87,66054.95,1.3023
536,150,1210,161.85,66174.95,1.2960
537,1,1210,161.55,66208.85,1.2723
538,460,1210,162.11,66628.85,1.3655
539,1,1210,161.81,66649.62,1.2660
540,270,1210,162.01,66879.62,1.1921
541,0,1210,161.71,66832.31,1.3890
542,410,1210,162.17,67202.31,1.1729
543,0,1210,161.87,67159.74,1.2922
544,320,1210,162.16,67439.74,1.2562
545,1,1210,161.86,67461.38,1.1775
546,280,1210,162.08,67711.38,1.2846
547,0,1210,161.78,67657.60,1.3028
548,270,1210,161.98,67897.60,1.2135
549,0,1210,161.69,67860.16,1.2688
550,250,1210,161.85,68080.16,1.2814
551,1,1210,161.56,68083.29,1.3524
552,270,1210,161.75,68313.29,1.2834
553,0,1210,161.46,68255.26,1.3954
554,330,1210,161.76,68545.26,1.2348
555,1,1210,161.47,68573.23,1.1946
556,280,1210,161.69,68813.23,1.2972
557,1,1210,161.40,68823.22,1.1481
558,380,1210,161.79,69173.22,1.3143
559,0,1210,161.50,69113.81,1.2814
560,270,1210,161.69,69353.81,1.2690
561,0,1210,161.41,69295.98,1.3119
562,420,1210,161.87,69685.98,1.2380
563,0,1210,161.58,69634.44,1.2559
564,220,1210,161.68,69824.44,1.3361
565,0,1210,161.40,69789.47,1.2780
566,230,1210,161.52,69989.47,1.3127
567,0,1210,161.23,69937.01,1.2216
568,330,1210,161.53,70237.01,1.2276
569,0,1210,161.25,70172.55,1.2533
570,470,1210,161.79,70602.55,1.1830
571,0,1210,161.50,70553.02,1.2694
572,320,1210,161.78,70833.02,1.1867
573,0,1210,161.50,70787.54,1.3863
574,230,1210,161.62,70987.54,1.3756
575,0,1210,161.34,70935.59,1.3077
576,490,1210,161.91,71395.59,1.2679
577,0,1210,161.63,71371.94,1.2474
578,350,1210,161.95,71691.94,1.3678
579,0,1210,161.67,71633.87,1.3646
580,230,1210,161.79,71833.87,1.2954
581,1,1210,161.51,71815.76,1.3309
582,410,1210,161.94,72195.76,1.3480
583,1,1210,161.67,72205.11,1.3450
584,310,1210,161.92,72475.11,1.3085
585,1,1210,161.64,72505.97,1.2221
586,370,1210,162.00,72835.97,1.2913
587,0,1210,161.72,72781.35,1.2195
588,340,1210,162.03,73091.35,1.2724
589,0,1210,161.75,73029.89,1.3688
590,450,1210,162.24,73449.89,1.2411
591,1,1210,161.97,73474.63,1.3374
592,280,1210,162.17,73714.63,1.2273
593,1,1210,161.90,73705.49,1.3284
594,250,1210,162.04,73925.49,1.2334
595,1,1210,161.77,73940.27,1.2597
596,270,1210,161.95,74180.27,1.2468
597,1,1210,161.69,74192.81,1.2247
598,290,1210,161.90,74452.81,1.2810
599,0,1210,161.63,74391.08,1.2919
600,270,1210,161.81,74631.08,1.2742
601,0,1210,161.54,74598.61,1.3551
602,350,1210,161.85,74918.61,1.2312
603,1,1210,161.59,74945.69,1.2383
604,340,1210,161.88,75245.69,1.2389
605,1,1210,161.62,75269.90,1.3012
606,330,1210,161.89,75569.90,1.2112
607,0,1210,161.63,75508.04,1.2674
608,380,1210,161.99,75858.04,1.4110
609,1,1210,161.72,75829.83,1.1975
610,310,1210,161.97,76099.83,1.3162
611,0,1210,161.70,76046.76,1.3558
612,410,1210,162.11,76426.76,1.2337
613,0,1210,161.84,76380.88,1.2676
614,350,1210,162.15,76700.88,1.2680
615,0,1210,161.88,76641.17,1.1910
616,300,1210,162.11,76911.17,1.2411
617,0,1210,161.85,76866.31,1.3620
618,490,1210,162.38,77316.31,1.2412
619,0,1210,162.11,77256.80,1.1798
620,230,1210,162.22,77456.80,1.1681
621,1,1210,161.96,77437.38,1.2646
622,460,1210,162.44,77867.38,1.3459
623,0,1210,162.18,77880.26,1.3422
624,310,1210,162.42,78160.26,1.2468
625,0,1210,162.16,78121.74,1.2880
626,430,1210,162.59,78521.74,1.1827
627,1,1210,162.33,78548.26,1.2345
628,200,1210,162.39,78718.26,1.2651
629,1,1210,162.13,78723.23,1.2957
630,1340,1340,164.00,79423.23,1.2852
631,0,1340,163.74,79372.40,1.2794
632,410,1340,164.13,79752.40,1.2027
633,0,1340,163.87,79707.12,1.2537
634,410,1340,164.26,80077.12,1.2832
635,0,1340,164.00,80029.06,1.3109
636,210,1340,164.08,80209.06,1.1943
637,0,1340,163.82,80193.69,1.2938
638,190,1340,163.86,80353.69,1.2686
639,1,1340,163.60,80317.63,1.2932
640,230,1340,163.71,80507.63,1.2702
641,0,1340,163.45,80477.31,1.1817
642,260,1340,163.60,80687.31,1.2808
643,1,1340,163.35,80665.57,1.2910
644,390,1340,163.70,81015.57,1.2848
645,1,1340,163.45,81017.96,1.1866
646,290,1340,163.65,81277.96,1.1775
647,1,1340,163.39,81235.57,1.2311
648,530,1340,163.96,81735.57,1.1835
649,1,1340,163.71,81755.76,1.1877
650,230,1340,163.81,81945.76,1.3309
651,0,1340,163.56,81897.74,1.2710
652,360,1340,163.86,82227.74,1.1643
653,0,1340,163.61,82170.73,1.2766
654,320,1340,163.85,82460.73,1.2176
655,0,1340,163.60,82472.66,1.2725
656,170,1340,163.61,82612.66,1.2766
657,1,1340,163.36,82585.35,1.1497
658,260,1340,163.51,82805.35,1.3063
659,0,1340,163.26,82757.85,1.1227
660,380,1340,163.59,83107.85,1.2607
661,0,1340,163.34,83096.04,1.1779
662,400,1340,163.70,83466.04,1.1835
663,1,1340,163.45,83439.96,1.2491
664,370,1340,163.76,83779.96,1.2165
665,1,1340,163.52,83738.30,1.2408
666,460,1340,163.96,84158.30,1.2377
667,0,1340,163.72,84114.36,1.2475
668,260,1340,163.86,84344.36,1.1779
669,0,1340,163.62,84321.43,1.3056
670,330,1340,163.87,84621.43,1.2540
671,1,1340,163.62,84581.54,1.2671
672,290,1340,163.81,84841.54,1.1558
673,1,1340,163.57,84840.19,1.2309
674,470,1340,164.02,85280.19,1.2604
675,0,1340,163.78,85236.73,1.2149
676,110,1340,163.70,85316.73,1.2607
677,0,1340,163.46,85275.22,1.3391
678,320,1340,163.69,85565.22,1.3443
679,1,1340,163.45,85572.13,1.2655
680,260,1340,163.59,85802.13,1.1578
681,1,1340,163.35,85816.23,1.3656
682,580,1340,163.96,86336.23,1.2860
683,0,1340,163.72,86283.00,1.2095
684,430,1340,164.11,86673.00,1.1893
685,0,1340,163.87,86619.83,1.2583
686,410,1340,164.23,86989.83,1.2102
687,0,1340,163.99,86938.27,1.2657
688,310,1340,164.21,87208.27,1.2970
689,1,1340,163.97,87213.53,1.1745
690,320,1340,164.20,87503.53,1.2263
691,1,1340,163.96,87509.49,1.2027
692,340,1340,164.21,87819.49,1.2974
693,0,1340,163.98,87766.62,1.1988
694,430,1340,164.36,88166.62,1.2724
695,0,1340,164.12,88108.11,1.3475
696,220,1340,164.20,88298.11,1.2856
697,0,1340,163.97,88263.26,1.3102
698,2030,2030,166.64,89383.26,1.1503
699,0,2030,166.40,89346.06,1.3179
700,410,2030,166.75,89726.06,1.1523
701,1,2030,166.51,89731.86,1.2425
702,240,2030,166.62,89941.86,1.1751
703,1,2030,166.38,89953.85,1.3048
704,190,2030,166.42,90103.85,1.1934
705,0,2030,166.18,90074.88,1.2651
706,280,2030,166.34,90324.88,1.2634
707,0,2030,166.11,90268.65,1.3255
708,780,2030,166.97,90788.65,1.2085
709,1,2030,166.74,90798.30,1.3039
710,610,2030,167.36,91378.30,1.2905
711,0,2030,167.13,91333.43,1.1996
712,1020,2030,168.33,92093.43,1.2545
713,0,2030,168.09,92039.66,1.2695
714,270,2030,168.23,92269.66,1.2250
715,0,2030,168.00,92237.07,1.2631
716,500,2030,168.46,92697.07,1.1580
717,1,2030,168.23,92713.64,1.1826
718,320,2030,168.44,93003.64,1.2392
719,1,2030,168.21,93038.15,1.2153
720,370,2030,168.49,93368.15,1.1938
721,1,2030,168.26,93399.43,1.2369
722,280,2030,168.41,93649.43,1.2481
723,1,2030,168.18,93660.57,1.2487
724,280,2030,168.33,93910.57,1.1797
725,0,2030,168.10,93876.53,1.2299
726,440,2030,168.48,94286.53,1.1834
727,2,2030,168.25,94294.01,1.2014
728,390,2030,168.55,94654.01,1.1773
729,1,2030,168.32,94687.85,1.2460
730,330,2030,168.54,94987.85,1.2066
731,0,2030,168.31,94943.18,1.1459
732,370,2030,168.59,95263.18,1.1837
733,0,2030,168.36,95218.69,1.2778
734,150,2030,168.33,95338.69,1.2614
735,0,2030,168.10,95310.77,1.2696
736,260,2030,168.23,95540.77,1.2120
737,1,2030,168.00,95543.74,1.1238
738,920,2030,169.02,96203.74,1.3312
739,1,2030,168.79,96219.73,1.2617
740,140,2030,168.75,96329.73,1.2380
741,1,2030,168.53,96319.13,1.2680
742,1050,2030,169.72,96909.13,1.2164
743,1,2030,169.49,96940.59,1.2367
744,380,2030,169.77,97290.59,1.1707
745,1,2030,169.54,97300.21,1.3196
746,480,2030,169.96,97750.21,1.1893
747,0,2030,169.73,97728.36,1.1965
748,370,2030,170.00,98058.36,1.2568
749,1,2030,169.78,98085.94,1.1871
750,260,2030,169.90,98315.94,1.1171
751,1,2030,169.67,98287.41,1.1852
752,320,2030,169.87,98577.41,1.2518
753,1,2030,169.65,98559.33,1.3160
754,160,2030,169.63,98689.33,1.2373
755,1,2030,169.41,98717.49,1.3443
756,360,2030,169.66,99037.49,1.2046
757,0,2030,169.44,99007.21,1.2110
758,230,2030,169.52,99207.21,1.2237
759,1,2030,169.30,99231.34,1.1994
760,230,2030,169.38,99431.34,1.2102
761,0,2030,169.15,99390.33,1.2236
762,240,2030,169.25,99600.33,1.2557
763,0,2030,169.02,99544.16,1.3336
764,240,2030,169.12,99754.16,1.2011
765,0,2030,168.90,99734.80,1.2288
766,380,2030,169.17,100084.80,1.1938
767,1,2030,168.95,100104.64,1.2268
768,220,2030,169.02,100294.64,1.3427
769,0,2030,168.80,100240.67,1.2085
770,440,2030,169.15,100650.67,1.1752
771,0,2030,168.93,100608.26,1.1956
772,260,2030,169.05,100818.26,1.2231
773,1,2030,168.83,100852.23,1.1424
774,300,2030,169.00,101122.23,1.1522
775,0,2030,168.78,101090.79,1.2126
776,200,2030,168.82,101260.79,1.3146
777,0,2030,168.61,101231.29,1.2327
778,640,2030,169.21,101801.29,1.2551
779,1,2030,169.00,101830.71,1.2885
780,800,2030,169.81,102370.71,1.2499
781,0,2030,169.59,102331.18,1.2102
782,1010,2030,170.66,102861.18,1.2965
783,0,2030,170.45,102825.79,1.2074
784,310,2030,170.62,103105.79,1.2786
785,1,2030,170.41,103116.99,1.1489
786,480,2030,170.80,103516.99,1.2538
787,1,2030,170.59,103485.97,1.3212
788,500,2030,171.00,103955.97,1.2060
789,1,2030,170.79,103986.05,1.2663
790,260,2030,170.90,104216.05,1.2835
791,2,2030,170.69,104246.82,1.2065
792,490,2030,171.09,104666.82,1.2943
793,0,2030,170.88,104612.87,1.2142
794,280,2030,171.01,104852.87,1.1488
795,0,2030,170.80,104802.15,1.1920
796,240,2030,170.88,105012.15,1.2257
797,0,2030,170.67,105005.66,1.2171
798,510,2030,171.10,105485.66,1.1020
799,0,2030,170.88,105439.00,1.2509
800,250,2030,170.98,105659.00,1.2278
801,1,2030,170.77,105674.15,1.2404
802,240,2030,170.85,105884.15,1.1898
803,1,2030,170.64,105934.21,1.2347
804,290,2030,170.79,106184.21,1.2595
805,0,2030,170.58,106128.05,1.1859
806,90,2030,170.48,106188.05,1.2089
807,0,2030,170.27,106147.50,1.1971
808,240,2030,170.35,106357.50,1.2527
809,1,2030,170.14,106396.45,1.3226
810,360,2030,170.38,106726.45,1.1616
811,0,2030,170.17,106673.63,1.1862
812,430,2030,170.49,107073.63,1.2143
813,0,2030,170.28,107045.17,1.1748
814,300,2030,170.44,107315.17,1.2361
815,0,2030,170.23,107283.56,1.2121
816,350,2030,170.45,107603.56,1.1944
817,1,2030,170.24,107594.36,1.1095
818,470,2030,170.61,107994.36,1.2318
819,1,2030,170.40,107967.04,1.1244
820,340,2030,170.61,108277.04,1.1027
821,0,2030,170.40,108234.00,1.1292
822,910,2030,171.30,108684.00,1.0913
823,1,2030,171.09,108689.96,1.1271
824,420,2030,171.40,109079.96,1.2078
825,0,2030,171.19,109066.07,1.2162
826,240,2030,171.27,109276.07,1.1879
827,0,2030,171.06,109230.12,1.1950
828,770,2030,171.79,109740.12,1.2163
829,1,2030,171.58,109739.08,1.1851
830,790,2030,172.33,110079.08,1.0718
831,0,2030,172.12,110018.03,1.1885
832,400,2030,172.39,110388.03,1.1943
833,1,2030,172.19,110396.62,1.2032
834,380,2030,172.44,110746.62,1.1898
835,0,2030,172.23,110731.95,1.2950
836,520,2030,172.65,111211.95,1.1424
837,1,2030,172.44,111171.36,1.2683
838,890,2030,173.30,111611.36,1.1210
839,0,2030,173.09,111587.04,1.1974
840,600,2030,173.60,111917.04,1.1094
841,0,2030,173.39,111874.91,1.2047
842,650,2030,173.96,112264.91,1.1516
843,0,2030,173.75,112229.87,1.1906
844,500,2030,174.14,112699.87,1.1301
845,1,2030,173.93,112682.56,1.1288
846,330,2030,174.12,112982.56,1.2462
847,1,2030,173.91,112994.74,1.1592
848,330,2030,174.10,113294.74,1.1863
849,0,2030,173.89,113273.62,1.2757
850,730,2030,174.55,113933.62,1.2744
851,0,2030,174.34,113891.18,1.1378
852,370,2030,174.57,114231.18,1.2038
853,1,2030,174.37,114262.75,1.1962
854,300,2030,174.52,114532.75,1.2458
855,0,2030,174.31,114486.45,1.1791
856,290,2030,174.45,114746.45,1.0997
857,1,2030,174.24,114714.86,1.1650
858,350,2030,174.45,115024.86,1.2195
859,1,2030,174.25,115011.81,1.2202
860,260,2030,174.35,115221.81,1.1662
861,1,2030,174.15,115216.74,1.1227
862,230,2030,174.21,115416.74,1.1077
863,0,2030,174.01,115370.73,1.0864
864,300,2030,174.15,115640.73,1.2114
865,1,2030,173.95,115659.47,1.1219
866,320,2030,174.12,115949.47,1.1227
867,0,2030,173.92,115938.59,1.2270
868,350,2030,174.12,116258.59,1.1182
869,0,2030,173.92,116210.93,1.1363
870,1340,2030,175.26,116910.93,1.0845
871,0,2030,175.06,116871.08,1.1408
872,730,2030,175.70,117341.08,1.1298
873,0,2030,175.50,117295.11,1.2424
874,330,2030,175.68,117595.11,1.2556
875,0,2030,175.47,117552.72,1.1608
876,360,2030,175.68,117882.72,1.1361
877,1,2030,175.49,117893.81,1.1525
878,530,2030,175.89,118393.81,1.1447
879,0,2030,175.69,118345.10,1.1216
880,360,2030,175.90,118675.10,1.1443
881,0,2030,175.70,118638.05,1.1378
882,500,2030,176.07,119108.05,1.0805
883,1,2030,175.87,119114.84,1.0762
884,370,2030,176.09,119454.84,1.2190
885,1,2030,175.89,119447.67,1.1312
886,850,2030,176.65,120037.67,1.1208
887,1,2030,176.45,120040.17,1.1854
888,280,2030,176.57,120290.17,1.1914
889,0,2030,176.37,120245.59,1.0815
890,830,2030,177.11,120815.59,1.2093
891,1,2030,176.91,120776.29,1.1564
892,410,2030,177.17,121156.29,1.0976
893,1,2030,176.97,121165.23,1.2105
894,330,2030,177.14,121465.23,1.1748
895,0,2030,176.95,121436.82,1.1026
896,150,2030,176.92,121556.82,1.0801
897,0,2030,176.72,121505.78,1.1886
898,330,2030,176.89,121805.78,1.1566
899,1,2030,176.69,121808.84,1.0553
900,290,2030,176.82,122068.84,1.1820
901,0,2030,176.62,122014.22,1.1777
902,1160,2030,177.71,122684.22,1.1520
903,1,2030,177.52,122701.35,1.1302
904,370,2030,177.73,123041.35,1.0614
905,1,2030,177.53,123057.03,1.2365
906,370,2030,177.75,123397.03,1.1462
907,0,2030,177.55,123376.85,1.2056
908,1280,2030,178.77,124156.85,1.1471
909,0,2030,178.57,124151.32,1.1616
910,530,2030,178.95,124611.32,1.2741
911,0,2030,178.76,124585.15,1.0672
912,200,2030,178.78,124755.15,1.1716
913,0,2030,178.59,124724.32,1.1839
914,390,2030,178.82,125084.32,1.0976
915,1,2030,178.62,125126.65,1.1171
916,340,2030,178.80,125436.65,1.1848
917,0,2030,178.60,125395.17,1.2969
918,540,2030,179.00,125895.17,1.1614
919,0,2030,178.80,125862.32,1.1267
920,330,2030,178.97,126152.32,1.1759
921,0,2030,178.77,126127.28,1.1728
922,350,2030,178.96,126447.28,1.2209
923,1,2030,178.77,126444.43,1.2360
924,230,2030,178.82,126644.43,1.2393
925,0,2030,178.63,126622.17,1.1840
926,330,2030,178.79,126922.17,1.1701
927,1,2030,178.60,126923.60,1.0906
928,300,2030,178.73,127183.60,1.1514
929,0,2030,178.54,127130.82,1.1627
930,350,2030,178.72,127450.82,1.1078
931,1,2030,178.53,127475.50,1.1533
932,230,2030,178.59,127675.50,1.2085
933,0,2030,178.40,127643.63,1.1851
934,550,2030,178.79,128123.63,1.1317
935,0,2030,178.60,128101.20,1.0726
936,250,2030,178.68,128311.20,1.1409
937,1,2030,178.49,128317.21,1.2043
938,1000,2030,179.36,129057.21,1.1480
939,0,2030,179.17,129018.57,1.1762
940,910,2030,179.95,129628.57,1.1316
941,1,2030,179.76,129650.62,1.1157
942,910,2030,180.54,130290.62,1.1776
943,1,2030,180.35,130278.96,1.2125
944,490,2030,180.67,130738.96,1.1619
945,1,2030,180.48,130741.60,1.2264
946,270,2030,180.58,130981.60,1.0829
947,0,2030,180.39,130984.40,1.0877
948,380,2030,180.60,131334.40,1.1032
949,0,2030,180.41,131318.75,1.1228
950,500,2030,180.74,131738.75,1.0915
951,0,2030,180.55,131704.70,1.1418
952,520,2030,180.91,132194.70,1.1181
953,0,2030,180.72,132156.42,1.1554
954,270,2030,180.81,132396.42,1.1709
955,0,2030,180.63,132341.05,1.0863
956,880,2030,181.36,132961.05,1.1421
957,1,2030,181.17,132956.63,1.1185
958,440,2030,181.44,133366.63,1.2066
959,0,2030,181.25,133319.99,1.1409
960,310,2030,181.38,133599.99,1.1007
961,1,2030,181.20,133587.86,1.1671
962,370,2030,181.39,133927.86,1.1793
963,0,2030,181.20,133868.99,1.1636
964,390,2030,181.42,134228.99,1.1997
965,1,2030,181.23,134234.94,1.0889
966,780,2030,181.85,134904.94,1.2407
967,1,2030,181.67,134914.39,1.0982
968,330,2030,181.82,135214.39,1.0997
969,0,2030,181.63,135185.55,1.2173
970,350,2030,181.81,135485.55,1.1890
971,1,2030,181.62,135502.49,1.1131
972,490,2030,181.94,135952.49,1.0949
973,0,2030,181.75,135893.74,1.0770
974,680,2030,182.26,136313.74,1.1280
975,1,2030,182.07,136365.18,1.2987
976,570,2030,182.47,136855.18,1.2304
977,0,2030,182.29,136800.11,1.2670
978,660,2030,182.77,137390.11,1.0876
979,1,2030,182.59,137406.69,1.1017
980,430,2030,182.84,137806.69,1.1412
981,1,2030,182.66,137871.43,1.1022
982,200,2030,182.67,138031.43,1.1477
983,1,2030,182.49,138043.93,1.2130
984,440,2030,182.75,138443.93,1.1648
985,0,2030,182.56,138394.78,1.1537
986,470,2030,182.86,138794.78,1.1390
987,0,2030,182.67,138765.38,1.1331
988,350,2030,182.84,139085.38,1.0824
989,0,2030,182.66,139048.12,1.0966
990,1350,2030,183.83,139708.12,1.0590
991,1,2030,183.65,139729.96,1.1011
992,450,2030,183.92,140149.96,1.1054
993,0,2030,183.73,140102.73,1.1669
994,180,2030,183.73,140252.73,1.2380
995,0,2030,183.54,140240.95,0.9844
996,180,2030,183.54,140390.95,1.2132
997,0,2030,183.36,140388.60,1.1242
998,430,2030,183.60,140788.60,1.0949
999,0,2030,183.42,140783.77,1.0091
1000,390,2030,183.63,141143.77,1.1002
1001,1,2030,183.44,141149.86,1.1994
1002,260,2030,183.52,141379.86,1.1484
1003,0,2030,183.34,141343.38,1.0759
1004,350,2030,183.50,141663.38,1.1002
1005,1,2030,183.32,141680.27,1.2199
1006,630,2030,183.77,142040.27,1.1232
1007,0,2030,183.58,142023.68,1.1509
1008,330,2030,183.73,142323.68,1.2086
1009,0,2030,183.55,142321.03,1.1640
1010,490,2030,183.85,142781.03,1.1628
1011,0,2030,183.67,142761.47,1.0771
1012,880,2030,184.36,143381.47,1.0964
1013,0,2030,184.17,143371.24,1.1512
1014,770,2030,184.75,143871.24,1.1607
1015,1,2030,184.57,143829.94,1.2009
1016,250,2030,184.64,144049.94,1.0820
1017,1,2030,184.46,144079.46,1.0594
1018,470,2030,184.74,144509.46,1.0501
1019,0,2030,184.55,144520.34,1.0952
1020,310,2030,184.68,144800.34,1.0771
1021,0,2030,184.50,144804.96,1.0952
1022,610,2030,184.91,145344.96,1.1196
1023,1,2030,184.73,145344.31,1.0040
1024,390,2030,184.93,145704.31,1.0838
1025,0,2030,184.75,145655.70,1.1690
1026,330,2030,184.89,145955.70,1.2069
1027,1,2030,184.72,145972.62,1.0883
1028,600,2030,185.12,146502.62,1.0906
1029,0,2030,184.94,146529.57,1.2032
1030,460,2030,185.21,146959.57,1.0249
1031,1,2030,185.03,146967.80,1.1343
1032,330,2030,185.17,147257.80,1.0253
1033,0,2030,184.99,147254.54,1.1748
1034,470,2030,185.26,147694.54,1.1090
1035,1,2030,185.09,147696.92,1.0533
1036,310,2030,185.21,147976.92,1.1341
1037,0,2030,185.03,147958.06,1.0258
1038,380,2030,185.22,148308.06,1.0777
1039,0,2030,185.04,148273.33,1.1689
1040,330,2030,185.18,148573.33,1.1423
1041,0,2030,185.00,148535.08,1.1132
1042,710,2030,185.50,148985.08,1.0394
1043,0,2030,185.33,148943.46,1.0786
1044,360,2030,185.49,149263.46,1.0955
1045,0,2030,185.32,149214.39,1.1058
1046,280,2030,185.41,149454.39,1.0399
1047,1,2030,185.23,149463.06,1.0304
1048,360,2030,185.40,149743.06,1.0941
1049,0,2030,185.22,149780.32,1.0861
1050,610,2030,185.62,150320.32,1.1823
1051,1,2030,185.45,150338.72,1.2214
1052,260,2030,185.52,150568.72,1.2102
1053,0,2030,185.34,150530.18,1.1682
1054,230,2030,185.39,150730.18,1.1112
1055,1,2030,185.21,150719.96,1.1067
1056,560,2030,185.57,151199.96,1.1378
1057,0,2030,185.39,151143.19,1.3524
1058,920,2030,186.09,151603.19,1.2182
1059,1,2030,185.91,151609.15,1.2404
1060,500,2030,186.21,152069.15,1.2412
1061,0,2030,186.03,152042.09,1.2597
1062,640,2030,186.46,152602.09,1.1783
1063,1,2030,186.28,152594.55,1.1029
1064,400,2030,186.48,152964.55,1.0750
1065,0,2030,186.31,152920.56,1.1962
1066,600,2030,186.70,153260.56,1.1678
1067,1,2030,186.52,153284.23,1.1448
1068,630,2030,186.94,153884.23,1.1879
1069,1,2030,186.77,153886.62,1.2206
1070,210,2030,186.79,154066.62,1.1952
1071,1,2030,186.61,154025.61,1.2566
1072,300,2030,186.72,154295.61,1.1017
1073,0,2030,186.55,154235.65,1.2065
1074,500,2030,186.84,154705.65,1.2014
1075,0,2030,186.66,154659.60,1.2363
1076,610,2030,187.06,155239.60,1.0714
1077,0,2030,186.88,155231.58,1.1456
1078,660,2030,187.32,155621.58,1.1177
1079,0,2030,187.15,155562.87,1.2240
1080,360,2030,187.31,155892.87,1.1393
1081,1,2030,187.14,155927.81,1.0756
1082,750,2030,187.66,156417.81,1.0594
1083,1,2030,187.48,156426.28,1.1328
1084,330,2030,187.62,156726.28,1.0841
1085,0,2030,187.44,156708.48,1.1355
1086,330,2030,187.57,157008.48,1.1306
1087,0,2030,187.40,156948.86,1.1998
1088,210,2030,187.42,157128.86,1.1445
1089,0,2030,187.25,157066.76,1.1930
1090,330,2030,187.38,157356.76,1.1065
1091,0,2030,187.21,157307.79,1.0621
1092,190,2030,187.21,157467.79,1.2063
1093,1,2030,187.04,157507.08,1.0417
1094,490,2030,187.32,157947.08,1.1200
1095,0,2030,187.15,157926.54,1.2135
1096,270,2030,187.22,158166.54,1.0752
1097,1,2030,187.05,158146.03,1.1089
1098,490,2030,187.33,158596.03,1.1851
1099,1,2030,187.16,158564.25,1.1314
1100,660,2030,187.59,158964.25,1.1757
1101,0,2030,187.42,158938.75,1.2197
1102,510,2030,187.71,159418.75,1.1164
1103,1,2030,187.54,159455.21,1.1878
1104,70,2030,187.44,159495.21,1.1523
1105,1,2030,187.27,159501.02,1.1984
1106,670,2030,187.70,159911.02,1.2608
1107,0,2030,187.53,159889.01,1.0827
1108,390,2030,187.72,160239.01,1.2074
1109,1,2030,187.55,160224.74,1.3075
1110,250,2030,187.60,160444.74,1.1623
1111,0,2030,187.44,160385.08,1.2544
1112,390,2030,187.62,160735.08,1.1802
1113,0,2030,187.45,160693.81,1.2146
1114,600,2030,187.82,161223.81,1.2043
1115,2,2030,187.65,161246.67,1.1007
1116,330,2030,187.78,161546.67,1.2011
1117,0,2030,187.61,161493.06,1.1680
1118,540,2030,187.93,161773.06,1.2185
1119,1,2030,187.76,161782.10,1.1112
1120,740,2030,188.25,162252.10,1.2316
1121,0,2030,188.09,162205.23,1.1645
1122,970,2030,188.78,162725.23,1.1835
1123,1,2030,188.62,162736.72,1.1849
1124,220,2030,188.64,162926.72,1.1735
1125,0,2030,188.48,162888.80,1.1759
1126,680,2030,188.91,163308.80,1.1891
1127,0,2030,188.74,163272.14,1.1127
1128,410,2030,188.94,163642.14,1.1478
1129,1,2030,188.77,163602.89,1.2730
1130,450,2030,189.01,164022.89,1.0907
1131,0,2030,188.84,163975.43,1.2525
1132,370,2030,189.00,164305.43,1.1685
1133,0,2030,188.83,164333.08,1.1431
1134,260,2030,188.89,164563.08,1.2363
1135,0,2030,188.73,164597.38,1.2275
1136,430,2030,188.94,164997.38,1.2209
1137,1,2030,188.77,165010.00,1.1525
1138,1010,2030,189.50,165570.00,1.1835
1139,1,2030,189.33,165564.08,1.1508
1140,360,2030,189.48,165854.08,1.2485
1141,1,2030,189.32,165825.38,1.2135
1142,520,2030,189.61,166275.38,1.1389
1143,0,2030,189.44,166266.89,1.2131
1144,370,2030,189.60,166586.89,1.1213
1145,0,2030,189.43,166544.14,1.1061
1146,280,2030,189.51,166794.14,1.1506
1147,0,2030,189.35,166756.44,1.2155
1148,400,2030,189.53,167116.44,1.0628
1149,1,2030,189.36,167122.95,1.1227
1150,250,2030,189.42,167342.95,1.1082
1151,1,2030,189.25,167336.84,1.3048
1152,290,2030,189.34,167596.84,1.2154
1153,0,2030,189.18,167535.44,1.3205
1154,300,2030,189.27,167805.44,1.3012
1155,0,2030,189.11,167766.79,1.1893
1156,660,2030,189.52,168356.79,1.1179
1157,0,2030,189.35,168341.58,1.1892
1158,920,2030,189.98,169001.58,1.2106
1159,0,2030,189.82,168958.07,1.2440
1160,450,2030,190.04,169328.07,1.1805
1161,1,2030,189.88,169342.82,1.1947
1162,450,2030,190.10,169762.82,1.2160
1163,0,2030,189.94,169745.78,1.2040
1164,450,2030,190.16,170165.78,1.2531
1165,0,2030,190.00,170118.07,1.2586
1166,790,2030,190.52,170648.07,1.2496
1167,1,2030,190.35,170653.18,1.1400
1168,300,2030,190.45,170913.18,1.3073
1169,1,2030,190.29,170903.77,1.3159
1170,230,2030,190.32,171093.77,1.2291
1171,1,2030,190.16,171112.21,1.2725
1172,820,2030,190.70,171672.21,1.1710
1173,1,2030,190.53,171656.69,1.1615
1174,450,2030,190.75,172066.69,1.2411
1175,0,2030,190.59,172053.77,1.1961
1176,660,2030,190.99,172453.77,1.1396
1177,1,2030,190.83,172486.78,1.1252
1178,260,2030,190.89,172716.78,1.1931
1179,0,2030,190.73,172722.18,1.2002
1180,1220,2030,191.60,173442.18,1.1017
1181,0,2030,191.44,173392.12,1.1228
1182,680,2030,191.85,173812.12,1.2114
1183,1,2030,191.69,173835.01,1.2021
1184,480,2030,191.93,174275.01,1.2112
1185,0,2030,191.77,174237.54,1.2297
1186,340,2030,191.90,174547.54,1.0528
1187,0,2030,191.73,174489.12,1.1737
1188,630,2030,192.10,174859.12,1.2070
1189,0,2030,191.94,174799.71,1.2089
1190,220,2030,191.96,174989.71,1.2537
1191,1,2030,191.80,175012.92,1.0986
1192,200,2030,191.81,175182.92,1.1992
1193,0,2030,191.65,175201.84,1.1865
1194,490,2030,191.90,175661.84,1.1003
1195,0,2030,191.74,175652.39,1.1346
1196,390,2030,191.91,176012.39,1.1546
1197,1,2030,191.75,176022.26,1.1133
1198,350,2030,191.88,176342.26,1.0259
1199,0,2030,191.72,176289.54,1.1961
1200,900,2030,192.31,176739.54,1.1826
1201,0,2030,192.15,176733.22,1.2968
1202,420,2030,192.34,177123.22,1.1957
1203,1,2030,192.18,177081.96,1.2364
1204,470,2030,192.41,177511.96,1.1700
1205,0,2030,192.25,177453.50,1.1734
1206,480,2030,192.49,177673.50,1.2093
1207,1,2030,192.33,177697.93,1.1413
1208,390,2030,192.49,178047.93,1.1510
1209,2,2030,192.34,178095.65,1.1213
1210,270,2030,192.40,178335.65,1.0477
1211,0,2030,192.24,178300.61,1.1748
1212,320,2030,192.35,178580.61,1.1584
1213,1,2030,192.19,178621.29,1.1171
1214,550,2030,192.48,179141.29,1.1681
1215,1,2030,192.33,179180.36,1.1385
1216,1500,2030,193.40,179810.36,1.1471
1217,1,2030,193.24,179795.28,1.0757
1218,980,2030,193.89,180475.28,1.0784
1219,1,2030,193.73,180506.97,1.1246
1220,430,2030,193.92,180866.97,1.1839
1221,0,2030,193.77,180840.77,1.1235
1222,310,2030,193.86,181120.77,1.1085
1223,1,2030,193.70,181147.26,1.0805
1224,290,2030,193.78,181407.26,1.0090
1225,0,2030,193.62,181395.95,1.1577
1226,650,2030,194.00,181785.95,1.0740
1227,1,2030,193.84,181778.11,1.0845
1228,610,2030,194.18,182288.11,1.0947
1229,0,2030,194.02,182233.38,1.0740
1230,220,2030,194.04,182423.38,1.1224
1231,1,2030,193.88,182410.08,1.1026
1232,290,2030,193.96,182620.08,1.1311
1233,1,2030,193.81,182660.09,1.0254
1234,370,2030,193.95,183000.09,1.0893
1235,1,2030,193.79,183019.68,1.0080
1236,540,2030,194.07,183529.68,1.0857
1237,0,2030,193.92,183503.28,1.0491
1238,660,2030,194.29,183903.28,1.0560
1239,0,2030,194.13,183846.16,1.1680
1240,1090,2030,194.86,184666.16,1.1242
1241,1,2030,194.70,184640.98,1.0339
1242,630,2030,195.05,185190.98,1.0160
1243,0,2030,194.89,185147.25,1.1540
1244,420,2030,195.08,185537.25,1.0988
1245,1,2030,194.92,185546.32,1.0418
1246,560,2030,195.21,186076.32,1.1105
1247,0,2030,195.06,186019.01,1.0645
1248,370,2030,195.20,186309.01,1.1299
1249,0,2030,195.04,186263.49,1.0220
1250,350,2030,195.16,186583.49,1.0722
1251,1,2030,195.01,186577.56,1.1842
1252,820,2030,195.51,187127.56,1.0789
1253,1,2030,195.35,187138.58,1.0641
1254,920,2030,195.93,187598.58,1.1067
1255,0,2030,195.77,187588.08,1.0314
1256,460,2030,195.98,188018.08,1.0494
1257,1,2030,195.83,188024.04,0.9533
1258,260,2030,195.88,188254.04,1.1186
1259,1,2030,195.73,188245.42,1.0430
1260,480,2030,195.95,188695.42,1.0752
1261,0,2030,195.80,188657.66,1.0465
1262,290,2030,195.87,188917.66,1.1012
1263,0,2030,195.72,188869.99,1.1168
1264,280,2030,195.78,189109.99,1.0710
1265,0,2030,195.63,189061.73,1.0968
1266,410,2030,195.80,189401.73,1.1207
1267,0,2030,195.64,189342.47,1.1444
1268,680,2030,196.02,189742.47,0.9904
1269,1,2030,195.87,189754.57,1.0058
1270,910,2030,196.43,190404.57,0.9916
1271,1,2030,196.28,190379.25,1.0407
1272,660,2030,196.64,190969.25,1.0515
1273,0,2030,196.49,190917.54,1.1192
1274,530,2030,196.75,191417.54,1.0157
1275,0,2030,196.60,191380.28,1.0046
1276,1300,2030,197.46,192000.28,1.1237
1277,1,2030,197.31,192029.24,1.0513
1278,320,2030,197.40,192319.24,1.0472
1279,1,2030,197.25,192347.15,1.0260
1280,1030,2030,197.90,192917.15,0.8976
1281,1,2030,197.75,192919.54,0.9966
1282,470,2030,197.96,193359.54,1.0754
1283,1,2030,197.81,193375.70,0.9547
1284,250,2030,197.85,193595.70,1.0230
1285,0,2030,197.69,193537.94,1.0589
1286,440,2030,197.88,193937.94,0.9253
1287,0,2030,197.73,193896.95,0.9756
1288,1080,2030,198.41,194486.95,1.0027
1289,0,2030,198.26,194506.08,0.9588
1290,410,2030,198.42,194886.08,1.0087
1291,0,2030,198.27,194859.81,1.0081
1292,270,2030,198.32,195099.81,1.0246
1293,0,2030,198.17,195044.42,1.0647
1294,600,2030,198.48,195564.42,1.0512
1295,1,2030,198.33,195582.01,1.0396
1296,1370,2030,199.23,196312.01,0.9810
1297,0,2030,199.08,196267.85,1.0590
1298,560,2030,199.36,196797.85,0.9665
1299,0,2030,199.20,196745.07,1.0525
1300,640,2030,199.54,197125.07,1.0684
1301,1,2030,199.39,197131.86,1.0825
1302,500,2030,199.62,197591.86,1.0594
1303,0,2030,199.47,197533.05,1.0688
1304,870,2030,199.98,198133.05,1.3737
1305,0,2030,199.83,198113.86,1.0008
1306,590,2030,200.13,198633.86,1.0056
1307,0,2030,199.97,198597.92,0.9231
1308,390,2030,200.12,198917.92,1.0727
1309,0,2030,199.97,198885.17,0.9882
1310,750,2030,200.39,199375.17,1.0501
1311,1,2030,200.23,199402.35,0.9719
1312,630,2030,200.56,199772.35,0.9467
1313,1,2030,200.41,199775.43,0.9568
1314,840,2030,200.90,200315.43,1.0538
1315,0,2030,200.74,200258.02,1.0410
1316,470,2030,200.95,200698.02,0.9649
1317,0,2030,200.80,200676.37,1.0416
1318,460,2030,200.99,201106.37,1.0405
1319,0,2030,200.84,201065.85,0.9905
1320,580,2030,201.13,201385.85,1.0177
1321,1,2030,200.98,201380.76,0.9596
1322,520,2030,201.22,201820.76,0.9256
1323,0,2030,201.07,201764.59,1.0691
1324,470,2030,201.27,202154.59,0.9900
1325,0,2030,201.12,202124.23,0.9306
1326,710,2030,201.50,202574.23,1.0173
1327,0,2030,201.35,202595.27,1.0153
1328,600,2030,201.65,203125.27,1.0790
1329,0,2030,201.50,203094.66,0.9536
1330,200,2030,201.50,203264.66,0.9551
1331,2,2030,201.35,203301.99,0.9342
1332,860,2030,201.84,203711.99,1.0124
1333,1,2030,201.69,203730.73,0.9375
1334,450,2030,201.88,204140.73,0.9304
1335,0,2030,201.73,204136.23,0.9727
1336,1370,2030,202.60,204816.23,0.9886
1337,1,2030,202.45,204827.41,0.9916
1338,370,2030,202.57,205167.41,0.9615
1339,0,2030,202.42,205127.20,1.0086
1340,460,2030,202.61,205557.20,0.9274
1341,0,2030,202.46,205508.00,1.0046
1342,520,2030,202.70,205998.00,0.8472
1343,1,2030,202.55,206003.81,0.9302
1344,710,2030,202.93,206453.81,0.9775
1345,0,2030,202.78,206437.42,0.9632
1346,250,2030,202.81,206657.42,0.9403
1347,0,2030,202.66,206617.66,0.9365
1348,440,2030,202.84,207027.66,1.0155
1349,1,2030,202.69,207003.15,1.0263
1350,410,2030,202.84,207373.15,0.9481
1351,0,2030,202.69,207367.97,1.1139
1352,320,2030,202.78,207657.97,0.9800
1353,1,2030,202.63,207672.90,1.0538
1354,990,2030,203.21,208212.90,0.9228
1355,0,2030,203.06,208186.46,0.9379
1356,370,2030,203.18,208526.46,1.0042
1357,0,2030,203.03,208491.02,0.9824
1358,410,2030,203.19,208871.02,1.0421
1359,0,2030,203.04,208831.95,0.9419
1360,980,2030,203.61,209361.95,0.9910
1361,0,2030,203.46,209357.06,0.9005
1362,220,2030,203.47,209547.06,0.9742
1363,0,2030,203.32,209501.81,0.9390
1364,350,2030,203.43,209821.81,0.9201
1365,0,2030,203.28,209776.74,0.9088
1366,900,2030,203.79,210226.74,0.9322
1367,0,2030,203.64,210200.96,0.9578
1368,320,2030,203.73,210490.96,0.9169
1369,1,2030,203.58,210480.13,0.9106
1370,1060,2030,204.20,211080.13,0.9511
1371,1,2030,204.05,211084.17,0.9379
1372,360,2030,204.17,211404.17,1.0679
1373,1,2030,204.02,211407.26,1.0145
1374,600,2030,204.31,211927.26,0.9117
1375,1,2030,204.16,211891.21,1.1377
1376,410,2030,204.31,212271.21,0.9107
1377,0,2030,204.16,212217.93,1.0457
1378,370,2030,204.28,212557.93,0.9353
1379,0,2030,204.13,212513.92,1.0566
1380,790,2030,204.56,213043.92,1.0317
1381,1,2030,204.41,213018.67,0.9672
1382,140,2030,204.36,213118.67,0.9570
1383,0,2030,204.22,213079.72,0.9117
1384,480,2030,204.42,213529.72,0.9468
1385,1,2030,204.27,213561.10,0.9413
1386,410,2030,204.42,213941.10,1.0145
1387,0,2030,204.27,213884.33,0.9851
1388,400,2030,204.41,214254.33,0.9106
1389,0,2030,204.26,214205.39,0.9870
1390,820,2030,204.71,214765.39,0.9846
1391,0,2030,204.56,214714.40,0.9758
1392,520,2030,204.79,215204.40,0.9748
1393,1,2030,204.64,215214.85,0.9439
1394,250,2030,204.67,215434.85,0.8987
1395,1,2030,204.53,215474.68,0.9955
1396,580,2030,204.80,215984.68,1.0054
1397,1,2030,204.65,216003.91,0.9271
1398,410,2030,204.80,216343.91,0.9430
1399,1,2030,204.65,216359.10,0.9710
1400,920,2030,205.16,216629.10,0.8563
1401,0,2030,205.02,216574.40,0.9282
1402,670,2030,205.35,217124.40,0.9060
1403,0,2030,205.20,217076.60,0.9228
1404,350,2030,205.30,217396.60,1.0017
1405,1,2030,205.16,217420.20,0.9644
1406,440,2030,205.33,217820.20,0.9575
1407,1,2030,205.18,217826.20,0.9767
1408,490,2030,205.38,218286.20,0.9213
1409,0,2030,205.24,218239.88,0.8901
1410,340,2030,205.33,218549.88,0.8799
1411,0,2030,205.19,218500.00,0.8850
1412,310,2030,205.26,218770.00,0.9827
1413,1,2030,205.12,218794.99,0.8937
1414,740,2030,205.50,219264.99,0.9481
1415,0,2030,205.35,219261.57,0.9397
1416,590,2030,205.62,219771.57,1.0169
1417,0,2030,205.48,219732.49,0.9607
1418,390,2030,205.61,220092.49,0.9363
1419,0,2030,205.46,220127.12,0.9643
1420,480,2030,205.65,220537.12,0.9021
1421,0,2030,205.51,220514.48,0.9240
1422,400,2030,205.65,220884.48,0.8805
1423,0,2030,205.50,220842.10,0.8672
1424,460,2030,205.68,221272.10,0.9129
1425,1,2030,205.54,221277.08,0.9223
1426,340,2030,205.63,221587.08,1.0458
1427,0,2030,205.49,221549.34,0.9421
1428,450,2030,205.66,221969.34,0.9809
1429,0,2030,205.52,221933.51,0.9183
1430,420,2030,205.67,222323.51,0.8793
1431,1,2030,205.52,222335.20,0.9552
1432,800,2030,205.94,222875.20,1.0539
1433,0,2030,205.79,222837.10,0.9621
1434,510,2030,206.01,223277.10,0.8566
1435,0,2030,205.86,223225.53,0.9672
1436,320,2030,205.94,223505.53,0.9814
1437,1,2030,205.80,223519.66,0.8810
1438,280,2030,205.85,223769.66,0.9318
1439,0,2030,205.71,223710.20,0.9484
1440,460,2030,205.88,224130.20,0.9944
1441,0,2030,205.74,224103.80,0.9299
1442,420,2030,205.89,224493.80,0.9990
1443,0,2030,205.75,224451.33,0.9024
1444,470,2030,205.93,224891.33,0.8255
1445,0,2030,205.79,224878.77,0.9696
1446,450,2030,205.96,225298.77,0.9174
1447,0,2030,205.81,225310.26,0.9396
1448,670,2030,206.13,225720.26,1.0030
1449,1,2030,205.99,225725.36,0.9530
1450,230,2030,206.01,225925.36,1.1340
1451,1,2030,205.87,225934.80,0.9300
1452,490,2030,206.06,226394.80,0.9985
1453,0,2030,205.92,226331.50,0.9148
1454,260,2030,205.96,226561.50,0.8929
1455,1,2030,205.82,226573.42,0.9167
1456,540,2030,206.05,227083.42,0.9249
1457,0,2030,205.91,227020.56,0.9661
1458,460,2030,206.08,227430.56,0.9782
1459,1,2030,205.94,227454.47,0.9486
1460,340,2030,206.03,227764.47,0.9420
1461,0,2030,205.89,227732.50,0.8977
1462,880,2030,206.35,228162.50,0.8581
1463,0,2030,206.21,228144.40,0.9213
1464,540,2030,206.44,228654.40,0.9066
1465,1,2030,206.30,228644.79,0.9353
1466,380,2030,206.42,228964.79,0.9846
1467,0,2030,206.28,228904.83,0.8382
1468,780,2030,206.67,229604.83,0.9515
1469,0,2030,206.53,229572.87,0.8720
1470,660,2030,206.84,230162.87,0.9929
1471,0,2030,206.69,230114.58,0.9119
1472,360,2030,206.80,230434.58,0.8828
1473,1,2030,206.66,230454.66,0.9511
1474,470,2030,206.84,230894.66,0.9762
1475,0,2030,206.70,230833.16,0.9832
1476,510,2030,206.90,231273.16,0.9265
1477,1,2030,206.76,231272.56,0.8897
1478,420,2030,206.91,231622.56,1.0119
1479,1,2030,206.77,231634.58,0.9573
1480,320,2030,206.85,231924.58,1.0647
1481,1,2030,206.71,231923.61,0.9875
1482,770,2030,207.09,232433.61,0.9535
1483,0,2030,206.95,232431.48,0.9332
1484,320,2030,207.02,232711.48,0.8998
1485,0,2030,206.88,232646.82,1.0297
1486,740,2030,207.24,233116.82,0.8901
1487,0,2030,207.10,233065.31,0.9662
1488,1400,2030,207.90,233965.31,1.2998
1489,0,2030,207.76,233912.69,1.1664
1490,470,2030,207.94,234352.69,0.9971
1491,1,2030,207.80,234412.44,0.9903
1492,390,2030,207.92,234772.44,0.9158
1493,1,2030,207.79,234798.48,0.8908
1494,230,2030,207.80,234998.48,0.9983
1495,0,2030,207.66,234956.48,0.9977
1496,500,2030,207.86,235416.48,0.9896
1497,1,2030,207.72,235422.57,1.0601
1498,700,2030,208.05,235662.57,0.9589
1499,0,2030,207.91,235632.92,0.9565
1500,610,2030,208.18,236172.92,0.9477
1501,0,2030,208.04,236145.28,1.0184
1502,680,2030,208.35,236755.28,0.9710
1503,1,2030,208.21,236735.44,0.9476
1504,860,2030,208.65,237335.44,0.8724
1505,0,2030,208.51,237300.80,0.9751
1506,460,2030,208.68,237720.80,0.8972
1507,1,2030,208.54,237714.88,0.9160
1508,500,2030,208.73,238184.88,0.8719
1509,0,2030,208.59,238143.99,0.8768
1510,360,2030,208.69,238473.99,0.8855
1511,1,2030,208.56,238487.35,0.8957
1512,340,2030,208.64,238787.35,0.9164
1513,0,2030,208.50,238735.09,0.9664
1514,700,2030,208.83,239365.09,0.9425
1515,0,2030,208.69,239319.75,0.9784
1516,280,2030,208.74,239569.75,0.9742
1517,0,2030,208.60,239530.84,0.9121
1518,310,2030,208.67,239810.84,0.9555
1519,1,2030,208.53,239815.83,0.8971
1520,440,2030,208.68,240225.83,0.8658
1,1,1,1.00,20.04,1.1932
2,260,260,130.50,240.04,1.3686
3,1,260,87.33,264.62,1.2022
4,240,260,125.50,474.62,1.5383
5,0,260,100.40,412.76,1.6521
6,270,270,128.67,642.76,1.4375
7,0,270,110.29,582.50,1.4470
8,270,270,130.25,812.50,1.2563
9,0,270,115.78,759.78,1.2686
10,230,270,127.20,939.78,1.2565
11,0,270,115.64,883.37,1.2697
12,250,270,126.83,1103.37,1.2047
13,0,270,117.08,1039.16,1.2233
14,170,270,120.86,1169.16,1.2175
15,0,270,112.80,1110.25,1.2179
16,300,300,124.50,1380.25,1.2061
17,0,300,117.18,1337.52,1.2347
18,240,300,124.00,1537.52,1.2192
19,0,300,117.47,1488.63,1.2907
20,240,300,123.60,1698.63,1.1205
21,1,300,117.76,1722.30,1.2033
22,310,310,126.50,1992.30,1.2967
23,0,310,121.00,1946.37,1.2030
24,230,310,125.54,2136.37,1.2030
25,0,310,120.52,2078.95,1.2594
26,290,310,127.04,2338.95,1.2796
27,0,310,122.33,2281.12,1.3323
28,380,380,131.54,2621.12,1.2317
29,0,380,127.00,2567.55,1.2712
30,1210,1210,163.10,3097.55,1.1483
31,1,1210,157.87,3125.39,1.2304
32,370,1210,164.50,3465.39,1.2249
33,0,1210,159.52,3415.55,1.1258
34,310,1210,163.94,3695.55,1.1706
35,2,1210,159.31,3722.19,1.3044
36,1120,1210,186.00,4382.19,1.1900
37,0,1210,180.97,4317.13,1.1380
38,290,1210,183.84,4567.13,1.0880
39,0,1210,179.13,4512.55,1.0842
40,380,1210,184.15,4862.55,1.1301
41,0,1210,179.66,4807.08,1.1815
42,500,1210,187.29,5277.08,1.1688
43,0,1210,182.93,5220.81,1.1861
44,270,1210,184.91,5460.81,1.1464
45,0,1210,180.80,5409.77,1.1842
46,210,1210,181.43,5589.77,1.1877
47,0,1210,177.57,5531.22,1.1566
48,430,1210,182.83,5931.22,1.2076
49,1,1210,179.12,5952.61,1.1754
50,290,1210,181.34,6192.61,1.1802
51,1,1210,177.80,6217.22,1.2314
52,420,1210,182.46,6607.22,1.1835
53,1,1210,179.04,6606.37,1.1807
54,470,1210,184.43,7036.37,1.2672
55,0,1210,181.07,6989.47,1.2194
56,340,1210,183.91,7299.47,1.2342
57,0,1210,180.68,7238.31,1.2025
58,280,1210,182.40,7478.31,1.1302
59,0,1210,179.31,7420.28,1.2731
60,320,1210,181.65,7710.28,1.2321
61,0,1210,178.67,7650.47,1.2454
62,320,1210,180.95,7930.47,1.2026
63,0,1210,178.08,7881.01,1.2242
64,420,1210,181.86,8271.01,1.1899
65,0,1210,179.06,8217.84,1.2787
66,190,1210,179.23,8377.84,1.2604
67,1,1210,176.57,8406.21,1.2118
68,190,1210,176.76,8566.21,1.3209
69,1,1210,174.22,8589.51,1.1755
70,320,1210,176.30,8879.51,1.1860
71,0,1210,173.82,8826.34,1.2587
72,550,1210,179.04,9336.34,1.1585
73,0,1210,176.59,9275.63,1.2091
74,130,1210,175.96,9375.63,1.1945
75,0,1210,173.61,9312.32,1.2310
76,330,1210,175.67,9602.32,1.2288
77,1,1210,173.40,9618.55,1.1536
78,460,1210,177.08,10048.55,1.1746
1,1,1,1.00,16.54,0.9019
2,270,270,135.50,246.54,0.6106
3,0,270,90.33,191.17,0.7279
4,420,420,172.75,571.17,1.0800
5,0,420,138.20,514.44,1.1054
6,450,450,190.17,914.44,1.2534
7,0,450,163.00,851.18,1.2622
8,320,450,182.62,1131.18,1.2319
9,0,450,162.33,1070.87,1.2381
10,340,450,180.10,1370.87,1.0620
11,0,450,163.73,1316.39,1.0791
12,310,450,175.92,1596.39,1.1107
13,0,450,162.38,1539.18,1.1173
14,340,450,175.07,1849.18,1.1525
15,0,450,163.40,1793.37,1.2552
16,300,450,171.94,2063.37,1.1735
17,0,450,161.82,2006.24,1.2030
18,270,450,167.83,2246.24,1.1772
19,0,450,159.00,2198.13,1.2104
20,370,450,169.55,2538.13,1.2652
21,1,450,161.52,2551.66,1.2444
22,430,450,173.73,2951.66,1.2628
23,1,450,166.22,2966.39,1.2560
24,580,580,183.46,3516.39,1.2393
25,0,580,176.12,3459.41,1.2944
26,290,580,180.50,3719.41,1.3125
27,1,580,173.85,3738.89,1.3335
28,340,580,179.79,4038.89,1.3640
29,0,580,173.59,3981.18,1.3801
30,330,580,178.80,4281.18,1.3000
31,1,580,173.06,4300.38,1.2880
32,250,580,175.47,4500.38,1.3556
33,0,580,170.15,4442.61,1.3428
34,240,580,172.21,4652.61,1.3236
35,1,580,167.31,4611.64,1.3619
36,270,580,170.17,4851.64,1.3731
37,0,580,165.57,4791.13,1.3471
38,290,580,168.84,5051.13,1.3079
39,0,580,164.51,5001.47,1.3325
40,230,580,166.15,5201.47,1.3040
41,0,580,162.10,5141.26,1.4263
42,340,580,166.33,5451.26,1.2417
43,1,580,162.49,5472.90,1.2641
44,320,580,166.07,5762.90,1.2866
45,1,580,162.40,5781.74,1.3686
46,260,580,164.52,6001.74,1.3028
47,0,580,161.02,5939.83,1.1540
48,260,580,163.08,6159.83,1.3471
49,0,580,159.76,6102.52,1.3376
50,230,580,161.16,6302.52,1.2302
51,1,580,158.02,6321.23,1.3841
52,450,580,163.63,6731.23,1.2887
53,1,580,160.57,6744.12,1.3564
54,420,580,165.37,7134.12,1.3635
55,0,580,162.36,7071.36,1.3318
56,140,580,161.96,7181.36,1.2416
57,0,580,159.12,7134.49,1.3525
58,360,580,162.59,7464.49,1.3285
59,0,580,159.83,7403.47,1.4074
60,380,580,163.50,7743.47,1.2835
61,0,580,160.82,7688.00,1.3041
62,280,580,162.74,7938.00,1.4306
63,0,580,160.16,7893.14,1.3280
64,200,580,160.78,8043.14,1.3404
65,0,580,158.31,7990.10,1.3682
66,410,580,162.12,8360.10,1.2958
67,0,580,159.70,8299.60,1.2125
68,240,580,160.88,8509.60,1.3426
69,0,580,158.55,8452.04,1.3641
70,290,580,160.43,8702.04,1.3332
71,1,580,158.18,8725.17,1.3155
72,440,580,162.10,9135.17,1.3676
73,0,580,159.88,9074.51,1.4303
74,300,580,161.77,9344.51,1.2890
75,0,580,159.61,9281.15,1.2988
76,310,580,161.59,9561.15,1.2035
77,0,580,159.49,9510.99,1.3468
78,490,580,163.73,9970.99,1.2919
79,0,580,161.66,9916.12,1.2335
80,270,580,163.01,10156.12,1.3657
81,0,580,161.00,10098.56,1.2737
82,570,580,165.99,10608.56,1.3748
83,1,580,164.00,10641.97,1.3167
84,300,580,165.62,10911.97,1.2115
85,0,580,163.67,10847.57,1.3817
86,340,580,165.72,11147.57,1.2341
87,0,580,163.82,11093.10,1.3260
88,230,580,164.57,11283.10,1.2775
89,1,580,162.73,11303.94,1.3034
90,200,580,163.14,11453.94,1.3281
91,0,580,161.35,11395.77,1.3421
92,300,580,162.86,11665.77,1.2248
93,0,580,161.11,11608.35,1.3147
94,350,580,163.12,11928.35,1.4041
95,0,580,161.40,11871.12,1.2328
96,1010,1010,170.24,12421.12,1.3151
97,0,1010,168.48,12358.06,1.3460
98,260,1010,169.42,12578.06,1.2507
99,0,1010,167.71,12521.15,1.2279
100,400,1010,170.03,12881.15,1.2636
101,1,1010,168.36,12901.14,1.3615
102,370,1010,170.33,13241.14,1.3185
103,0,1010,168.68,13189.58,1.2797
104,310,1010,170.04,13459.58,1.2792
105,0,1010,168.42,13400.67,1.3154
106,230,1010,169.00,13600.67,1.2994
107,0,1010,167.42,13546.10,1.2894
108,130,1010,167.07,13636.10,1.3145
109,0,1010,165.54,13579.97,1.3717
110,250,1010,166.31,13799.97,1.2877
111,0,1010,164.81,13756.57,1.3676
112,240,1010,165.48,13966.57,1.2943
113,0,1010,164.02,13911.90,1.3769
114,300,1010,165.21,14161.90,1.2759
115,1,1010,163.78,14186.86,1.3691
116,720,1010,168.58,14646.86,1.3077
117,0,1010,167.14,14594.53,1.2204
118,410,1010,169.19,14974.53,1.1839
119,0,1010,167.77,14911.02,1.2148
120,150,1010,167.62,15031.02,1.2968
121,0,1010,166.24,14977.95,1.2308
122,320,1010,167.50,15267.95,1.2646
123,0,1010,166.14,15213.08,1.2199
124,410,1010,168.10,15573.08,1.2265
125,0,1010,166.76,15523.62,1.1275
126,430,1010,168.85,15923.62,1.3589
127,0,1010,167.52,15868.69,1.1841
128,330,1010,168.79,16158.69,1.2096
129,0,1010,167.48,16108.93,1.2607
130,210,1010,167.81,16268.93,1.2505
131,0,1010,166.53,16211.91,1.3007
132,260,1010,167.23,16441.91,1.2351
133,0,1010,165.98,16380.35,1.3167
134,230,1010,166.46,16580.35,1.2656
135,0,1010,165.22,16519.20,1.2724
136,400,1010,166.95,16889.20,1.2881
137,0,1010,165.73,16838.76,1.3417
138,580,1010,168.73,17378.76,1.4037
139,0,1010,167.52,17317.00,1.2842
140,350,1010,168.82,17637.00,1.3140
141,0,1010,167.62,17580.27,1.2521
142,370,1010,169.05,17920.27,1.2890
143,0,1010,167.87,17859.66,1.1753
144,280,1010,168.65,18109.66,1.2002
145,0,1010,167.48,18048.95,1.3428
146,160,1010,167.43,18178.95,1.2394
147,0,1010,166.29,18136.68,1.2446
148,350,1010,167.53,18426.68,1.2164
149,0,1010,166.41,18376.51,1.2599
150,420,1010,168.10,18746.51,1.2747
151,0,1010,166.99,18692.44,1.3398
152,260,1010,167.60,18922.44,1.2858
153,0,1010,166.50,18871.60,1.2905
154,380,1010,167.89,19211.60,1.2390
155,1,1010,166.81,19235.61,1.2114
156,350,1010,167.99,19555.61,1.2544
157,0,1010,166.92,19503.24,1.3484
158,200,1010,167.13,19673.24,1.3658
159,0,1010,166.08,19612.58,1.2588
160,370,1010,167.35,19952.58,1.3469
161,0,1010,166.31,19890.52,1.2163
162,410,1010,167.81,20270.52,1.2626
163,0,1010,166.79,20219.69,1.2589
164,290,1010,167.54,20469.69,1.2242
165,0,1010,166.52,20411.28,1.2939
166,440,1010,168.17,20811.28,1.3178
167,1,1010,167.17,20840.70,1.2875
168,340,1010,168.20,21150.70,1.4345
169,0,1010,167.20,21089.14,1.3813
170,300,1010,167.98,21359.14,1.2629
171,1,1010,167.01,21379.89,1.2446
172,400,1010,168.36,21729.89,1.3247
173,2,1010,167.40,21760.25,1.3500
174,790,1010,170.98,22090.25,1.3128
175,1,1010,170.01,22121.32,1.2552
176,400,1010,171.31,22481.32,1.3412
177,0,1010,170.34,22423.01,1.3157
178,340,1010,171.30,22733.01,1.2674
179,0,1010,170.34,22681.49,1.2316
180,310,1010,171.12,22961.49,1.3100
181,0,1010,170.17,22913.97,1.3278
182,290,1010,170.83,23163.97,1.2773
183,0,1010,169.90,23106.65,1.3710
184,250,1010,170.33,23316.65,1.2164
185,0,1010,169.41,23259.64,1.3558
186,360,1010,170.44,23579.64,1.2901
187,1,1010,169.53,23604.27,1.1786
188,310,1010,170.28,23874.27,1.2968
189,1,1010,169.38,23893.61,1.2185
190,470,1010,170.96,24333.61,1.2936
191,1,1010,170.07,24349.90,1.3581
192,270,1010,170.59,24579.90,1.2525
193,1,1010,169.72,24598.15,1.2015
194,220,1010,169.97,24788.15,1.3244
195,1,1010,169.11,24814.27,1.2745
196,220,1010,169.37,25004.27,1.1991
197,1,1010,168.51,25019.61,1.2066
198,180,1010,168.57,25169.61,1.2214
199,0,1010,167.72,25109.80,1.3677
200,280,1010,168.28,25349.80,1.3029
201,0,1010,167.45,25287.24,1.3014
202,290,1010,168.05,25527.24,1.1966
203,1,1010,167.23,25538.84,1.3189
204,390,1010,168.32,25888.84,1.2767
205,0,1010,167.50,25832.32,1.2444
206,360,1010,168.44,26152.32,1.3571
207,0,1010,167.62,26101.41,1.3064
208,340,1010,168.45,26411.41,1.2543
209,1,1010,167.65,26436.18,1.2483
210,310,1010,168.33,26716.18,1.2716
211,0,1010,167.53,26665.85,1.3329
212,320,1010,168.25,26955.85,1.3243
213,0,1010,167.46,26899.88,1.2905
214,190,1010,167.57,27059.88,1.2925
215,0,1010,166.79,27006.90,1.3620
216,330,1010,167.54,27306.90,1.2876
217,1,1010,166.77,27326.10,1.3170
218,380,1010,167.75,27676.10,1.3427
219,0,1010,166.99,27614.44,1.3407
220,410,1010,168.09,27984.44,1.2260
221,0,1010,167.33,27929.21,1.2753
222,330,1010,168.06,28209.21,1.3198
223,0,1010,167.31,28158.30,1.2812
224,320,1010,167.99,28448.30,1.2630
225,0,1010,167.24,28391.09,1.2657
226,270,1010,167.70,28621.09,1.1987
227,1,1010,166.96,28635.73,1.2555
228,480,1010,168.34,29075.73,1.2998
229,0,1010,167.60,29021.96,1.2413
230,280,1010,168.09,29271.96,1.2295
231,1,1010,167.37,29285.12,1.3153
232,370,1010,168.24,29625.12,1.2552
233,0,1010,167.52,29570.45,1.3911
234,260,1010,167.91,29800.45,1.2742
235,0,1010,167.20,29740.04,1.2897
236,320,1010,167.85,30030.04,1.3924
237,1,1010,167.14,30060.06,1.3028
238,310,1010,167.74,30340.06,1.2985
239,2,1010,167.05,30364.85,1.2986
240,450,1010,168.23,30784.85,1.2811
241,0,1010,167.53,30737.55,1.2047
242,420,1010,168.57,31117.55,1.3268
243,0,1010,167.88,31060.02,1.2937
244,280,1010,168.34,31300.02,1.2243
245,0,1010,167.65,31245.95,1.3008
246,320,1010,168.27,31535.95,1.2534
247,0,1010,167.59,31478.73,1.3309
248,330,1010,168.25,31778.73,1.2714
249,0,1010,167.57,31718.62,1.3089
250,460,1010,168.74,32138.62,1.2091
251,1,1010,168.07,32164.76,1.2348
252,390,1010,168.95,32524.76,1.3663
253,1,1010,168.29,32546.43,1.2377
254,300,1010,168.81,32816.43,1.3547
255,1,1010,168.15,32827.03,1.2851
256,260,1010,168.51,33047.03,1.2987
257,0,1010,167.85,32988.82,1.2788
258,310,1010,168.40,33258.82,1.3050
259,0,1010,167.75,33199.11,1.2197
260,310,1010,168.30,33479.11,1.2569
261,0,1010,167.66,33425.14,1.3227
262,330,1010,168.27,33715.14,1.3025
263,1,1010,167.64,33715.74,1.3588
264,540,1010,169.05,34225.74,1.2776
265,0,1010,168.41,34170.57,1.2751
266,210,1010,168.57,34350.57,1.2128
267,1,1010,167.94,34377.78,1.3242
268,560,1010,169.40,34897.78,1.2552
269,1,1010,168.78,34918.97,1.3604
270,280,1010,169.19,35158.97,1.2994
271,0,1010,168.56,35099.71,1.3461
272,320,1010,169.12,35379.71,1.3512
273,0,1010,168.50,35318.80,1.4169
274,520,1010,169.78,35808.80,1.3208
275,0,1010,169.17,35750.20,1.2962
276,550,1010,170.55,36270.20,1.2161
277,0,1010,169.93,36215.57,1.2075
278,370,1010,170.65,36555.57,1.2944
279,1,1010,170.04,36583.70,1.3238
280,280,1010,170.44,36833.70,1.2243
281,1,1010,169.83,36855.97,1.2520
282,370,1010,170.54,37195.97,1.3025
283,1,1010,169.94,37219.81,1.3016
284,250,1010,170.23,37439.81,1.2074
285,1,1010,169.63,37414.98,1.3288
286,1180,1180,173.16,37914.98,1.3004
287,1,1180,172.56,37941.15,1.3402
288,340,1180,173.15,38251.15,1.2895
289,1,1180,172.55,38272.24,1.2826
290,310,1180,173.02,38552.24,1.3110
291,0,1180,172.43,38495.13,1.3319
292,490,1180,173.52,38955.13,1.3055
293,1,1180,172.93,38970.40,1.2375
294,220,1180,173.09,39160.40,1.2936
295,1,1180,172.51,39175.69,1.3364
296,400,1180,173.27,39545.69,1.2987
297,0,1180,172.69,39492.17,1.2847
298,290,1180,173.08,39742.17,1.2693
299,0,1180,172.51,39682.26,1.2925
300,350,1180,173.10,40002.26,1.1893
301,0,1180,172.52,39944.15,1.3511
302,280,1180,172.88,40184.15,1.2891
303,0,1180,172.31,40131.33,1.2268
304,280,1180,172.66,40371.33,1.2850
305,0,1180,172.10,40312.60,1.3197
306,360,1180,172.71,40642.60,1.3374
307,1,1180,172.15,40659.34,1.2597
308,260,1180,172.44,40889.34,1.2948
309,0,1180,171.88,40839.93,1.3256
310,350,1180,172.45,41159.93,1.2440
311,0,1180,171.90,41097.32,1.4112
312,280,1180,172.24,41337.32,1.3744
313,0,1180,171.69,41279.21,1.2379
314,400,1180,172.42,41649.21,1.2834
315,0,1180,171.87,41587.65,1.2684
316,340,1180,172.41,41897.65,1.4003
317,0,1180,171.86,41846.92,1.2535
318,320,1180,172.33,42126.92,1.1527
319,0,1180,171.79,42066.96,1.3551
320,180,1180,171.81,42196.96,1.3576
321,1,1180,171.28,42212.91,1.2556
322,320,1180,171.74,42502.91,1.3226
323,0,1180,171.21,42449.05,1.2270
324,330,1180,171.70,42749.05,1.1656
325,0,1180,171.17,42689.49,1.2964
326,180,1180,171.20,42839.49,1.2896
327,0,1180,170.68,42788.98,1.2269
328,190,1180,170.73,42948.98,1.2453
329,1,1180,170.22,42968.97,1.2085
330,200,1180,170.31,43138.97,1.2311
331,1,1180,169.80,43161.21,1.1876
332,320,1180,170.25,43451.21,1.2675
333,0,1180,169.74,43389.55,1.3641
334,260,1180,170.01,43619.55,1.2267
335,1,1180,169.50,43637.60,1.2992
336,340,1180,170.01,43937.60,1.2155
337,0,1180,169.51,43878.43,1.3032
338,170,1180,169.51,44008.43,1.2770
339,1,1180,169.01,44028.07,1.2502
340,420,1180,169.75,44408.07,1.2506
341,0,1180,169.25,44352.66,1.3267
342,310,1180,169.66,44622.66,1.3447
343,0,1180,169.17,44563.50,1.2863
344,340,1180,169.67,44873.50,1.2556
345,0,1180,169.17,44818.33,1.2285
346,380,1180,169.78,45168.33,1.3138
347,2,1180,169.30,45206.85,1.3101
348,300,1180,169.68,45456.85,1.2852
349,0,1180,169.19,45403.22,1.2945
350,380,1180,169.79,45743.22,1.2759
351,1,1180,169.31,45758.61,1.3131
352,350,1180,169.82,46068.61,1.3145
353,0,1180,169.34,46015.04,1.2302
354,230,1180,169.51,46205.04,1.2909
355,0,1180,169.04,46151.86,1.2622
356,160,1180,169.01,46281.86,1.2402
357,0,1180,168.54,46234.47,1.1986
358,270,1180,168.82,46474.47,1.2473
359,0,1180,168.35,46416.05,1.1958
360,990,1180,170.63,46956.05,1.3266
361,0,1180,170.16,46902.48,1.2528
362,460,1180,170.96,47332.48,1.2924
363,0,1180,170.49,47277.41,1.2807
364,290,1180,170.82,47527.41,1.3129
365,0,1180,170.35,47464.25,1.2777
366,260,1180,170.60,47684.25,1.2585
367,0,1180,170.13,47627.13,1.3925
368,310,1180,170.51,47907.13,1.2833
369,1,1180,170.05,47923.97,1.2724
370,340,1180,170.51,48203.97,1.2632
371,0,1180,170.05,48147.66,1.2861
372,320,1180,170.45,48437.66,1.2436
373,0,1180,170.00,48377.85,1.2123
374,290,1180,170.32,48627.85,1.2724
375,1,1180,169.87,48648.19,1.3122
376,390,1180,170.45,49008.19,1.2492
377,0,1180,170.00,48954.56,1.3535
378,430,1180,170.69,49334.56,1.2555
379,0,1180,170.24,49277.59,1.1953
380,330,1180,170.66,49567.59,1.2393
381,1,1180,170.21,49584.08,1.3146
382,330,1180,170.63,49884.08,1.1938
383,0,1180,170.19,49825.92,1.1712
384,340,1180,170.63,50125.92,1.1882
385,0,1180,170.18,50068.85,1.3197
386,300,1180,170.52,50338.85,1.2768
387,2,1180,170.09,50375.30,1.2641
388,270,1180,170.34,50605.30,1.2980
389,1,1180,169.91,50627.99,1.1920
390,290,1180,170.22,50887.99,1.1840
391,0,1180,169.78,50829.97,1.2996
392,410,1180,170.39,51199.97,1.1560
393,0,1180,169.96,51138.56,1.3310
394,310,1180,170.31,51418.56,1.2918
395,1,1180,169.89,51445.44,1.2417
396,230,1180,170.04,51645.44,1.2879
397,0,1180,169.61,51586.77,1.3194
398,420,1180,170.24,51976.77,1.2586
399,1,1180,169.81,51999.86,1.2892
400,470,1180,170.56,52439.86,1.1823
401,0,1180,170.14,52387.04,1.2559
402,290,1180,170.44,52647.04,1.3477
403,0,1180,170.01,52593.08,1.3843
404,380,1180,170.53,52943.08,1.2891
405,0,1180,170.11,52892.75,1.2677
406,410,1180,170.70,53272.75,1.3097
407,0,1180,170.29,53211.89,1.3108
408,150,1180,170.24,53331.89,1.2864
409,1,1180,169.82,53303.36,1.2823
410,380,1180,170.33,53653.36,1.1935
411,1,1180,169.92,53678.49,1.3031
412,430,1180,170.55,54068.49,1.1993
413,2,1180,170.15,54096.61,1.3082
414,260,1180,170.36,54326.61,1.2763
415,1,1180,169.95,54344.24,1.2855
416,400,1180,170.51,54704.24,1.2757
417,0,1180,170.10,54646.58,1.2928
418,280,1180,170.36,54896.58,1.3314
419,0,1180,169.95,54840.91,1.2263
420,190,1180,170.00,54990.91,1.2113
421,1,1180,169.60,55010.30,1.3327
422,300,1180,169.91,55270.30,1.2474
423,0,1180,169.51,55218.84,1.2389
424,260,1180,169.72,55438.84,1.2012
425,0,1180,169.32,55374.48,1.3009
426,390,1180,169.84,55734.48,1.4023
427,0,1180,169.44,55674.67,1.3778
428,270,1180,169.68,55914.67,1.2647
429,0,1180,169.28,55859.00,1.2876
430,200,1180,169.35,56029.00,1.3440
431,0,1180,168.96,55974.93,1.2338
432,370,1180,169.43,56304.93,1.2766
433,1,1180,169.04,56329.86,1.1989
434,410,1180,169.59,56699.86,1.2458
435,1,1180,169.20,56716.30,1.3603
436,330,1180,169.57,57006.30,1.3722
437,0,1180,169.19,56950.39,1.4441
438,440,1180,169.80,57360.39,1.2991
439,0,1180,169.42,57300.03,1.3114
440,370,1180,169.87,57630.03,1.2825
441,1,1180,169.49,57649.33,1.1893
442,250,1180,169.67,57869.33,1.2595
443,0,1180,169.29,57818.70,1.3392
444,180,1180,169.31,57968.70,1.2713
445,1,1180,168.93,57986.29,1.2497
446,350,1180,169.34,58306.29,1.4142
447,0,1180,168.96,58256.23,1.2513
448,340,1180,169.34,58566.23,1.2891
449,0,1180,168.97,58512.01,1.2621
450,320,1180,169.30,58802.01,1.2078
451,1,1180,168.93,58826.52,1.2748
452,240,1180,169.09,59036.52,1.2945
453,0,1180,168.71,58981.65,1.2946
454,320,1180,169.05,59271.65,1.2556
455,0,1180,168.67,59216.12,1.2476
456,380,1180,169.14,59556.12,1.2594
457,0,1180,168.77,59504.61,1.2627
458,300,1180,169.05,59774.61,1.3845
459,0,1180,168.69,59713.49,1.2941
460,80,1180,168.49,59763.49,1.3888
461,1,1180,168.13,59789.76,1.1996
462,310,1180,168.44,60059.76,1.2716
463,0,1180,168.07,60002.65,1.3465
464,150,1180,168.03,60122.65,1.3499
465,0,1180,167.67,60075.09,1.3117
466,280,1180,167.91,60325.09,1.2109
467,1,1180,167.56,60334.23,1.2162
468,290,1180,167.82,60594.23,1.1995
469,0,1180,167.46,60538.71,1.3695
470,490,1180,168.15,60978.71,1.2689
471,0,1180,167.79,60918.50,1.2255
472,290,1180,168.05,61178.50,1.2816
473,0,1180,167.69,61123.43,1.2321
474,320,1180,168.01,61413.43,1.2440
475,0,1180,167.66,61354.92,1.2547
476,350,1180,168.04,61664.92,1.2294
477,1,1180,167.69,61688.25,1.2276
478,280,1180,167.93,61918.25,1.2653
479,1,1180,167.58,61891.61,1.2802
480,340,1180,167.94,62201.61,1.2667
481,0,1180,167.59,62153.59,1.2735
482,280,1180,167.82,62393.59,1.2641
483,1,1180,167.48,62412.59,1.2878
484,280,1180,167.71,62652.59,1.2848
485,0,1180,167.36,62593.08,1.3096
486,500,1180,168.05,63053.08,1.2489
487,0,1180,167.70,62995.87,1.3732
488,310,1180,168.00,63265.87,1.2736
489,0,1180,167.65,63209.80,1.1914
490,260,1180,167.84,63419.80,1.3540
491,1,1180,167.50,63439.94,1.3008
492,460,1180,168.10,63869.94,1.2464
493,0,1180,167.75,63829.11,1.3038
494,350,1180,168.12,64139.11,1.2344
495,0,1180,167.78,64083.24,1.2827
496,290,1180,168.03,64343.24,1.2728
497,0,1180,167.69,64283.87,1.2665
498,330,1180,168.02,64583.87,1.2863
499,0,1180,167.68,64519.61,1.2934
500,320,1180,167.99,64799.61,1.3039
501,0,1180,167.65,64744.39,1.2229
502,270,1180,167.85,64974.39,1.2890
503,0,1180,167.52,64919.12,1.1769
504,180,1180,167.55,65059.12,1.3113
505,1,1180,167.22,65045.24,1.2612
506,290,1180,167.46,65305.24,1.2255
507,1,1180,167.13,65323.43,1.3236
508,380,1180,167.55,65643.43,1.3159
509,0,1180,167.22,65591.63,1.3645
510,330,1180,167.54,65891.63,1.3255
511,0,1180,167.21,65830.37,1.2638
512,330,1180,167.53,66110.37,1.2561
513,0,1180,167.20,66060.41,1.2483
514,370,1180,167.60,66400.41,1.2716
515,0,1180,167.27,66340.60,1.3456
516,240,1180,167.41,66550.60,1.2539
517,0,1180,167.09,66497.03,1.2691
518,280,1180,167.31,66747.03,1.2284
519,0,1180,166.98,66703.26,1.2116
520,300,1180,167.24,66963.26,1.2167
521,0,1180,166.92,66907.93,1.2464
522,320,1180,167.21,67187.93,1.3007
523,1,1180,166.89,67198.04,1.2306
524,380,1180,167.30,67548.04,1.3383
525,0,1180,166.98,67493.55,1.2775
526,200,1180,167.05,67663.55,1.2739
527,0,1180,166.73,67600.49,1.3460
528,920,1180,168.16,68200.49,1.2620
529,0,1180,167.84,68167.24,1.1831
530,330,1180,168.14,68467.24,1.2341
531,1,1180,167.83,68495.30,1.2837
532,310,1180,168.10,68775.30,1.2240
533,0,1180,167.78,68720.83,1.2666
534,200,1180,167.84,68880.83,1.3286
535,1,1180,167.53,68909.79,1.2652
536,330,1180,167.83,69199.79,1.3129
537,0,1180,167.52,69161.08,1.2220
538,380,1180,167.91,69501.08,1.3080
539,0,1180,167.60,69461.71,1.2963
540,300,1180,167.85,69721.71,1.3024
541,0,1180,167.54,69671.17,1.2986
542,330,1180,167.84,69961.17,1.2150
543,0,1180,167.53,69902.85,1.2691
544,260,1180,167.70,70132.85,1.2230
545,1,1180,167.39,70157.85,1.2757
546,360,1180,167.75,70477.85,1.3464
547,0,1180,167.44,70456.70,1.2723
548,310,1180,167.70,70726.70,1.3557
549,0,1180,167.39,70693.46,1.2772
550,350,1180,167.73,70993.46,1.2852
551,0,1180,167.42,70976.06,1.2094
552,330,1180,167.72,71266.06,1.2814
553,0,1180,167.41,71211.39,1.3293
554,370,1180,167.78,71551.39,1.2177
555,0,1180,167.48,71500.11,1.3307
556,270,1180,167.66,71740.11,1.2342
557,0,1180,167.36,71693.98,1.3358
558,390,1180,167.76,72043.98,1.2866
559,1,1180,167.46,72058.67,1.2728
560,250,1180,167.61,72278.67,1.3254
561,1,1180,167.31,72288.08,1.2551
562,320,1180,167.58,72568.08,1.3069
563,1,1180,167.29,72574.04,1.2741
564,360,1180,167.63,72894.04,1.3848
565,0,1180,167.33,72843.13,1.2183
566,140,1180,167.28,72953.13,1.2405
567,1,1180,166.99,72965.14,1.2890
568,290,1180,167.21,73215.14,1.2609
569,1,1180,166.91,73231.02,1.2735
570,410,1180,167.34,73601.02,1.1951
571,1,1180,167.05,73599.40,1.3023
572,290,1180,167.26,73859.40,1.2684
573,0,1180,166.97,73810.64,1.2636
574,290,1180,167.19,74070.64,1.2318
575,0,1180,166.90,74040.65,1.2720
576,380,1180,167.27,74380.65,1.2380
577,1,1180,166.98,74416.67,1.1902
578,320,1180,167.24,74706.67,1.3062
579,0,1180,166.95,74657.16,1.2826
580,420,1180,167.39,75047.16,1.2747
581,0,1180,167.10,74984.75,1.3590
582,410,1180,167.52,75364.75,1.3143
583,0,1180,167.23,75355.11,1.2846
584,310,1180,167.48,75635.11,1.3941
585,0,1180,167.19,75589.47,1.3497
586,330,1180,167.47,75879.47,1.3203
587,0,1180,167.18,75833.43,1.3148
588,330,1180,167.46,76133.43,1.1965
589,0,1180,167.17,76081.37,1.2340
590,340,1180,167.47,76391.37,1.2765
591,0,1180,167.18,76347.20,1.3182
592,350,1180,167.49,76657.20,1.3338
593,0,1180,167.21,76621.76,1.1920
594,310,1180,167.45,76901.76,1.3549
595,1,1180,167.17,76905.33,1.2651
596,190,1180,167.21,77065.33,1.2419
597,1,1180,166.93,77078.62,1.3154
598,290,1180,167.14,77338.62,1.2229
599,1,1180,166.86,77332.70,1.3034
600,270,1180,167.03,77572.70,1.3360
601,0,1180,166.75,77530.18,1.2767
602,140,1180,166.71,77640.18,1.1965
603,1,1180,166.43,77634.26,1.3361
604,280,1180,166.62,77874.26,1.1956
605,1,1180,166.35,77868.34,1.2334
606,230,1180,166.45,78068.34,1.2768
607,0,1180,166.18,78030.36,1.3240
608,200,1180,166.24,78200.36,1.3042
609,0,1180,165.96,78163.50,1.2733
610,350,1180,166.26,78473.50,1.2668
611,0,1180,165.99,78439.13,1.2680
612,410,1180,166.39,78819.13,1.2687
613,1,1180,166.12,78824.24,1.3242
614,190,1180,166.16,78984.24,1.2510
615,1,1180,165.89,78950.96,1.2523
616,380,1180,166.24,79300.96,1.1949
617,0,1180,165.97,79245.97,1.2107
618,330,1180,166.23,79535.97,1.2496
619,0,1180,165.97,79496.70,1.2707
620,400,1180,166.34,79866.70,1.2961
621,1,1180,166.08,79872.66,1.2275
622,540,1180,166.68,80382.66,1.2046
623,0,1180,166.41,80339.79,1.2365
624,210,1180,166.48,80519.79,1.2817
625,0,1180,166.21,80494.72,1.2139
626,110,1180,166.12,80574.72,1.3247
627,1,1180,165.86,80604.69,1.2526
628,360,1180,166.17,80934.69,1.3820
629,0,1180,165.91,80889.75,1.2893
630,310,1180,166.13,81169.75,1.2403
631,1,1180,165.87,81164.20,1.1589
632,380,1180,166.21,81514.20,1.2096
633,1,1180,165.95,81520.99,1.3595
634,330,1180,166.21,81820.99,1.2836
635,0,1180,165.95,81784.50,1.2629
636,300,1180,166.16,82054.50,1.2551
637,0,1180,165.90,82033.00,1.2688
638,380,1180,166.23,82383.00,1.2769
639,1,1180,165.97,82392.74,1.2558
640,410,1180,166.36,82772.74,1.1435
641,0,1180,166.10,82754.49,1.2428
642,410,1180,166.48,83134.49,1.2087
643,1,1180,166.22,83151.83,1.2542
644,270,1180,166.38,83391.83,1.2424
645,0,1180,166.12,83347.09,1.2945
646,190,1180,166.16,83507.09,1.3046
647,1,1180,165.90,83514.58,1.2167
648,300,1180,166.11,83784.58,1.3288
649,1,1180,165.86,83814.13,1.2432
650,290,1180,166.05,84064.13,1.3453
651,0,1180,165.79,84002.12,1.3403
652,310,1180,166.01,84282.12,1.2265
653,0,1180,165.76,84231.64,1.2789
654,400,1180,166.12,84591.64,1.2274
655,0,1180,165.86,84586.41,1.2389
656,420,1180,166.25,84966.41,1.2349
657,1,1180,166.00,84978.06,1.2638
658,260,1180,166.14,85208.06,1.1880
659,1,1180,165.89,85171.10,1.2676
660,270,1180,166.05,85401.10,1.2801
661,0,1180,165.80,85379.10,1.2428
662,280,1180,165.97,85629.10,1.2545
663,1,1180,165.72,85643.40,1.2693
664,420,1180,166.11,86023.40,1.2755
665,0,1180,165.86,85963.38,1.2799
666,240,1180,165.97,86173.38,1.2164
667,0,1180,165.72,86139.71,1.1852
668,300,1180,165.92,86399.71,1.1932
669,0,1180,165.67,86374.29,1.1986
670,370,1180,165.98,86714.29,1.2144
671,0,1180,165.73,86665.39,1.2710
672,270,1180,165.88,86895.39,1.2343
673,0,1180,165.64,86865.84,1.3186
674,310,1180,165.85,87145.84,1.3005
675,1,1180,165.61,87158.64,1.3379
676,300,1180,165.81,87428.64,1.2977
677,1,1180,165.56,87409.35,1.1731
678,380,1180,165.88,87759.35,1.2052
679,1,1180,165.64,87738.14,1.2124
680,290,1180,165.82,87998.14,1.2489
681,0,1180,165.58,87965.37,1.1919
682,250,1180,165.70,88185.37,1.2836
683,1,1180,165.46,88191.13,1.3117
684,330,1180,165.70,88481.13,1.2925
685,0,1180,165.46,88505.34,1.3141
686,210,1180,165.52,88675.34,1.2525
687,0,1180,165.28,88640.11,1.1638
688,350,1180,165.55,88960.11,1.2115
689,0,1180,165.31,88922.72,1.2763
690,560,1180,165.88,89452.72,1.2608
691,0,1180,165.64,89416.45,1.3057
692,250,1180,165.76,89626.45,1.2910
693,0,1180,165.52,89597.26,1.2216
694,340,1180,165.78,89897.26,1.3224
695,0,1180,165.54,89853.65,1.2282
696,390,1180,165.86,90213.65,1.2402
697,1,1180,165.62,90201.62,1.1954
698,250,1180,165.74,90421.62,1.2508
699,1,1180,165.51,90394.35,1.3105
700,370,1180,165.80,90724.35,1.2763
701,0,1180,165.56,90674.78,1.2375
702,320,1180,165.78,90964.78,1.2067
703,0,1180,165.55,90929.24,1.2346
704,360,1180,165.82,91259.24,1.3247
705,0,1180,165.59,91208.61,1.2916
706,320,1180,165.81,91498.61,1.2697
707,0,1180,165.57,91459.65,1.2733
708,400,1180,165.90,91819.65,1.2608
709,1,1180,165.67,91818.03,1.2686
710,190,1180,165.71,91978.03,1.3248
711,1,1180,165.47,91995.22,1.2623
712,790,1180,166.35,92715.22,1.2378
713,1,1180,166.12,92724.76,1.2064
714,810,1180,167.02,93084.76,1.1721
715,1,1180,166.79,93099.12,1.3209
716,330,1180,167.02,93399.12,1.1393
717,0,1180,166.78,93367.52,1.2459
718,250,1180,166.90,93587.52,1.1937
719,0,1180,166.67,93539.01,1.2289
720,460,1180,167.07,93969.01,1.2604
721,0,1180,166.84,93915.83,1.2879
722,780,1180,167.69,94435.83,1.2551
723,0,1180,167.46,94415.43,1.2691
724,260,1180,167.59,94645.43,1.1896
725,0,1180,167.36,94601.68,1.2402
726,440,1180,167.73,95011.68,1.2276
727,0,1180,167.50,94970.25,1.2517
728,480,1180,167.93,95420.25,1.2759
729,0,1180,167.70,95369.10,1.2044
730,280,1180,167.85,95609.10,1.1516
731,0,1180,167.63,95573.54,1.2224
732,380,1180,167.92,95923.54,1.2509
733,0,1180,167.69,95911.82,1.1905
734,650,1180,168.34,96301.82,1.2769
735,0,1180,168.11,96255.73,1.2246
736,430,1180,168.47,96645.73,1.2442
737,1,1180,168.24,96650.98,1.1752
738,380,1180,168.53,96990.98,1.2054
739,0,1180,168.30,96954.38,1.1865
740,360,1180,168.56,97244.38,1.2605
741,1,1180,168.33,97259.96,1.2000
742,400,1180,168.65,97619.96,1.2095
743,0,1180,168.42,97570.19,1.2111
744,380,1180,168.70,97920.19,1.2559
745,1,1180,168.48,97924.47,1.2021
746,380,1180,168.76,98274.47,1.2872
747,0,1180,168.54,98245.28,1.1750
748,260,1180,168.66,98475.28,1.2288
749,0,1180,168.43,98433.86,1.2567
750,260,1180,168.56,98663.86,1.2563
751,1,1180,168.33,98666.94,1.1755
752,300,1180,168.51,98936.94,1.2466
753,0,1180,168.28,98898.58,1.2539
754,290,1180,168.45,99158.58,1.1438
755,1,1180,168.22,99163.92,1.2750
756,260,1180,168.35,99383.92,1.1770
757,0,1180,168.12,99322.96,1.2037
758,340,1180,168.35,99632.96,1.2342
759,0,1180,168.13,99593.60,1.1917
760,380,1180,168.41,99943.60,1.2351
761,0,1180,168.19,99883.04,1.1113
762,250,1180,168.29,100103.04,1.2154
763,1,1180,168.07,100097.12,1.2688
764,490,1180,168.49,100557.12,1.2469
765,0,1180,168.27,100543.32,1.2010
766,200,1180,168.32,100713.32,1.1897
767,0,1180,168.10,100664.85,1.2621
768,800,1180,168.92,101204.85,1.3161
769,0,1180,168.70,101172.72,1.1822
770,420,1180,169.03,101562.72,1.2214
771,0,1180,168.81,101535.31,1.1947
772,350,1180,169.04,101855.31,1.1568
773,1,1180,168.82,101867.00,1.2400
774,340,1180,169.05,102177.00,1.2356
775,0,1180,168.83,102120.09,1.1804
776,470,1180,169.22,102550.09,1.2409
777,1,1180,169.00,102572.98,1.1967
778,370,1180,169.26,102902.98,1.2367
779,1,1180,169.04,102933.55,1.1486
780,300,1180,169.21,103193.55,1.1530
781,0,1180,168.99,103189.09,1.1934
782,500,1180,169.42,103619.09,1.1670
783,0,1180,169.20,103613.06,1.2171
784,320,1180,169.39,103903.06,1.1148
785,0,1180,169.18,103848.78,1.2922
786,920,1180,170.13,104508.78,1.1777
787,1,1180,169.92,104548.86,1.1836
788,330,1180,170.12,104848.86,1.1840
789,1,1180,169.90,104876.60,1.2295
790,1400,1400,171.46,105636.60,1.2434
791,0,1400,171.25,105592.74,1.2513
792,240,1400,171.33,105792.74,1.1397
793,0,1400,171.12,105758.77,1.1762
794,360,1400,171.35,106088.77,1.1909
795,0,1400,171.14,106042.40,1.1717
796,280,1400,171.28,106292.40,1.1852
797,1,1400,171.06,106300.59,1.2453
798,170,1400,171.06,106440.59,1.1522
799,0,1400,170.85,106407.72,1.1824
800,460,1400,171.21,106837.72,1.0958
801,1,1400,171.00,106859.65,1.0939
802,370,1400,171.24,107199.65,1.2428
803,0,1400,171.03,107173.06,1.2645
804,250,1400,171.13,107393.06,1.2697
805,1,1400,170.92,107395.07,1.2160
806,280,1400,171.05,107645.07,1.2606
807,1,1400,170.84,107649.34,1.2202
808,310,1400,171.01,107929.34,1.1465
809,1,1400,170.80,107920.25,1.1427
810,500,1400,171.21,108350.25,1.1750
811,0,1400,171.00,108308.11,1.1740
812,360,1400,171.23,108638.11,1.2418
813,1,1400,171.02,108644.62,1.1924
814,510,1400,171.44,109124.62,1.1617
815,1,1400,171.23,109159.79,1.1895
816,250,1400,171.33,109379.79,1.2369
817,1,1400,171.12,109395.37,1.0771
818,330,1400,171.31,109685.37,1.1858
819,0,1400,171.10,109644.70,1.1070
820,310,1400,171.27,109914.70,1.1193
821,0,1400,171.06,109875.72,1.2158
822,220,1400,171.12,110065.72,1.2188
823,0,1400,170.91,110007.60,1.2156
824,1140,1400,172.09,110647.60,1.1923
825,1,1400,171.88,110666.08,1.1755
826,680,1400,172.50,111076.08,1.1789
827,1,1400,172.29,111094.12,1.1837
828,250,1400,172.39,111314.12,1.1923
829,0,1400,172.18,111262.55,1.2165
830,380,1400,172.43,111612.55,1.1286
831,0,1400,172.22,111569.61,1.1094
832,990,1400,173.20,112109.61,1.1814
833,1,1400,173.00,112141.97,1.1226
834,500,1400,173.39,112571.97,1.1860
835,0,1400,173.18,112513.76,1.1763
836,300,1400,173.33,112773.76,1.1603
837,1,1400,173.13,112752.11,1.2145
838,410,1400,173.41,113132.11,1.1598
839,0,1400,173.20,113097.13,1.1728
840,420,1400,173.50,113477.13,1.1652
841,0,1400,173.29,113475.44,1.1894
842,480,1400,173.65,113915.44,1.1785
843,0,1400,173.45,113870.73,1.1559
844,270,1400,173.56,114110.73,1.2271
845,1,1400,173.36,114120.88,1.1552
846,420,1400,173.65,114510.88,1.1548
847,1,1400,173.45,114490.12,1.2613
848,250,1400,173.54,114710.12,1.1891
849,0,1400,173.33,114662.54,1.1031
850,240,1400,173.41,114872.54,1.1760
851,0,1400,173.21,114840.92,1.2148
852,370,1400,173.44,115180.92,1.2300
853,0,1400,173.23,115171.20,1.2048
854,500,1400,173.62,115641.20,1.2166
855,1,1400,173.42,115644.29,1.2092
856,190,1400,173.43,115804.29,1.1298
857,0,1400,173.23,115772.34,1.1573
858,260,1400,173.33,116002.34,1.1723
859,0,1400,173.13,115972.99,1.0037
860,260,1400,173.23,116202.99,1.1773
861,0,1400,173.03,116234.66,1.1701
862,330,1400,173.21,116534.66,1.0868
863,1,1400,173.01,116554.99,1.1961
864,370,1400,173.24,116894.99,1.0856
865,1,1400,173.04,116903.04,1.1650
866,670,1400,173.62,117503.04,1.1795
867,0,1400,173.42,117456.79,1.1699
868,280,1400,173.54,117706.79,1.1941
869,0,1400,173.34,117652.57,1.2192
870,450,1400,173.66,118072.57,1.1827
871,0,1400,173.46,118026.38,1.1440
872,360,1400,173.67,118356.38,1.1638
873,1,1400,173.47,118365.45,1.2224
874,310,1400,173.63,118645.45,1.1767
875,0,1400,173.43,118653.13,1.2194
876,550,1400,173.86,119133.13,1.0751
877,0,1400,173.66,119103.06,1.2233
878,260,1400,173.76,119333.06,1.1506
879,1,1400,173.57,119360.34,1.2482
880,1510,1510,175.08,120190.34,1.1784
881,1,1510,174.89,120222.40,1.1479
882,480,1510,175.23,120672.40,1.1644
883,0,1510,175.03,120641.22,1.1135
884,330,1510,175.21,120931.22,1.1741
885,0,1510,175.01,120880.26,1.2473
886,500,1510,175.38,121310.26,1.1396
887,1,1510,175.18,121323.83,1.1490
888,550,1510,175.60,121843.83,1.1130
889,1,1510,175.41,121882.23,1.1666
890,330,1510,175.58,122182.23,1.1905
891,1,1510,175.38,122185.31,1.1584
892,720,1510,176.00,122835.31,1.2136
893,1,1510,175.80,122825.58,1.1101
894,300,1510,175.94,123095.58,1.2178
895,0,1510,175.74,123060.70,1.0520
896,480,1510,176.08,123500.70,1.2322
897,1,1510,175.89,123517.99,1.1146
898,330,1510,176.06,123807.99,1.1294
899,1,1510,175.86,123791.02,1.1415
900,630,1510,176.37,124161.02,1.1998
901,0,1510,176.17,124121.54,1.1330
902,470,1510,176.50,124561.54,1.1059
903,1,1510,176.30,124548.42,1.1314
904,590,1510,176.76,125068.42,1.1291
905,0,1510,176.57,125062.86,1.1898
906,420,1510,176.83,125442.86,1.1142
907,1,1510,176.64,125436.94,1.1757
908,410,1510,176.90,125806.94,1.1767
909,0,1510,176.70,125786.84,1.2221
910,400,1510,176.95,126156.84,1.1167
911,0,1510,176.75,126104.60,1.2712
912,840,1510,177.48,126494.60,1.1435
913,1,1510,177.29,126470.07,1.2469
914,400,1510,177.53,126840.07,1.1298
915,1,1510,177.34,126861.06,1.0578
916,250,1510,177.42,127081.06,1.1752
917,1,1510,177.23,127116.18,1.2583
918,310,1510,177.37,127396.18,1.1304
919,1,1510,177.18,127401.69,1.1260
920,480,1510,177.51,127851.69,1.1300
921,0,1510,177.31,127807.36,1.1756
922,360,1510,177.51,128137.36,1.1367
923,0,1510,177.32,128083.63,1.0723
924,670,1510,177.85,128683.63,1.0821
925,1,1510,177.66,128723.06,1.2471
926,530,1510,178.04,129223.06,1.2961
927,0,1510,177.85,129180.89,1.0391
928,710,1510,178.42,129630.89,1.1646
929,1,1510,178.23,129645.69,1.0538
930,470,1510,178.55,130085.69,1.2190
931,0,1510,178.36,130028.34,1.1850
932,380,1510,178.57,130338.34,1.1630
933,0,1510,178.38,130274.68,1.1480
934,1250,1510,179.53,131024.68,1.2111
935,0,1510,179.34,130990.84,1.2615
936,350,1510,179.52,131300.84,1.1627
937,1,1510,179.33,131305.81,1.0865
938,590,1510,179.77,131855.81,1.0791
939,0,1510,179.57,131811.80,1.2293
940,330,1510,179.73,132111.80,1.2664
941,0,1510,179.54,132089.06,1.0613
942,290,1510,179.66,132349.06,1.1524
943,0,1510,179.47,132291.05,1.1955
944,370,1510,179.67,132631.05,1.0911
945,1,1510,179.48,132614.83,1.2416
946,640,1510,179.97,132994.83,1.2041
947,0,1510,179.78,132964.38,1.1542
948,750,1510,180.38,133454.38,1.2789
949,2,1510,180.19,133493.43,1.1987
950,330,1510,180.35,133783.43,1.1364
951,2,1510,180.16,133812.24,1.1482
952,530,1510,180.53,134292.24,1.1641
953,0,1510,180.34,134245.08,1.1045
954,230,1510,180.39,134445.08,1.1776
955,0,1510,180.20,134386.97,1.1528
956,390,1510,180.42,134746.97,1.1853
957,1,1510,180.24,134748.92,1.1640
958,180,1510,180.24,134898.92,1.0961
959,0,1510,180.05,134861.66,1.1525
960,650,1510,180.54,135251.66,1.1536
961,1,1510,180.35,135275.49,1.2012
962,360,1510,180.54,135605.49,1.1624
963,0,1510,180.35,135555.70,1.1779
964,300,1510,180.47,135825.70,1.2133
965,0,1510,180.29,135776.04,1.1954
966,1380,1510,181.53,136466.04,1.1711
967,1,1510,181.34,136479.79,1.1391
968,510,1510,181.68,136959.79,1.1831
969,1,1510,181.50,136918.07,1.2091
970,510,1510,181.83,137388.07,1.1653
971,0,1510,181.65,137343.91,1.0970
972,260,1510,181.73,137573.91,1.1019
973,0,1510,181.54,137541.91,1.0407
974,290,1510,181.65,137801.91,1.1111
975,0,1510,181.47,137768.74,1.0970
976,320,1510,181.61,138058.74,1.0521
977,1,1510,181.42,138079.09,1.1055
978,410,1510,181.66,138419.09,1.1348
979,0,1510,181.47,138364.02,1.1727
980,320,1510,181.61,138654.02,1.0853
981,1,1510,181.43,138661.01,1.1612
982,560,1510,181.81,139141.01,1.1093
983,0,1510,181.63,139078.30,1.0906
984,450,1510,181.90,139488.30,1.0899
985,1,1510,181.72,139504.69,1.1104
986,220,1510,181.76,139694.69,1.0973
987,1,1510,181.57,139719.08,1.0824
988,390,1510,181.78,140079.08,1.1674
989,1,1510,181.60,140052.33,1.1326
990,670,1510,182.09,140462.33,1.0942
991,0,1510,181.91,140450.45,1.0994
992,370,1510,182.10,140790.45,1.1427
993,0,1510,181.92,140747.16,1.1218
994,1200,1510,182.94,141457.16,1.1273
995,0,1510,182.76,141429.46,1.1328
996,550,1510,183.13,141909.46,1.1771
997,0,1510,182.94,141859.42,1.2704
998,630,1510,183.39,142459.42,1.0414
999,1,1510,183.21,142477.97,1.1334
1000,470,1510,183.50,142907.97,1.1224
1001,1,1510,183.31,142914.11,1.0771
1002,380,1510,183.51,143254.11,1.0959
1003,0,1510,183.33,143213.61,1.1609
1004,350,1510,183.49,143523.61,1.0787
1005,1,1510,183.31,143558.67,1.1645
1006,390,1510,183.52,143918.67,1.2405
1007,1,1510,183.33,143930.99,1.1042
1008,420,1510,183.57,144320.99,1.1035
1009,0,1510,183.39,144292.48,1.1419
1010,350,1510,183.55,144612.48,1.0367
1011,1,1510,183.37,144614.43,1.1208
1012,300,1510,183.49,144884.43,1.2588
1013,1,1510,183.31,144919.75,1.1627
1014,860,1510,183.97,145519.75,1.1495
1015,0,1510,183.79,145519.89,1.1212
1016,550,1510,184.15,145999.89,1.2047
1017,1,1510,183.97,146011.21,1.1547
1018,380,1510,184.17,146361.21,1.1689
1019,1,1510,183.99,146367.70,1.1600
1020,380,1510,184.18,146717.70,1.1011
1021,1,1510,184.00,146670.57,1.2015
1022,270,1510,184.08,146910.57,1.0735
1023,0,1510,183.90,146902.07,1.0467
1024,570,1510,184.28,147392.07,1.0734
1025,0,1510,184.10,147345.90,1.1100
1026,1350,1510,185.24,148205.90,1.1255
1027,1,1510,185.06,148189.88,1.0869
1028,260,1510,185.13,148409.88,1.1045
1029,0,1510,184.95,148422.51,1.1534
1030,90,1510,184.86,148482.51,1.0820
1031,0,1510,184.68,148460.47,1.1336
1032,360,1510,184.85,148790.47,1.1354
1033,1,1510,184.67,148810.15,1.1528
1034,440,1510,184.92,149220.15,1.0700
1035,1,1510,184.74,149251.82,1.1913
1036,1070,1510,185.59,150061.82,1.0902
1037,1,1510,185.42,150046.11,1.0749
1038,300,1510,185.53,150316.11,1.0484
1039,0,1510,185.35,150294.72,1.1515
1040,330,1510,185.49,150594.72,1.1763
1041,0,1510,185.31,150563.91,1.1060
1042,260,1510,185.38,150793.91,1.1763
1043,0,1510,185.20,150775.37,1.0241
1044,670,1510,185.67,151185.37,1.0697
1045,0,1510,185.49,151150.05,1.0648
1046,330,1510,185.63,151450.05,1.1069
1047,0,1510,185.45,151410.50,1.1226
1048,800,1510,186.04,152130.50,1.0880
1049,1,1510,185.86,152150.88,1.1810
1050,520,1510,186.18,152600.88,1.0629
1051,1,1510,186.00,152585.30,1.0840
1052,380,1510,186.19,152925.30,1.0434
1053,0,1510,186.01,152877.60,1.1641
1054,400,1510,186.21,153237.60,1.0704
1055,0,1510,186.04,153215.16,1.1373
1056,640,1510,186.47,153785.16,1.1080
1057,0,1510,186.29,153726.05,1.2265
1058,760,1510,186.83,154226.05,1.1185
1059,1,1510,186.66,154236.10,1.0100
1060,480,1510,186.93,154676.10,1.1333
1061,0,1510,186.76,154706.90,1.1353
1062,820,1510,187.35,155266.90,1.0944
1063,0,1510,187.18,155249.66,1.1306
1064,290,1510,187.27,155499.66,1.0936
1065,1,1510,187.10,155502.05,1.0910
1066,810,1510,187.68,156052.05,1.1170
1067,1,1510,187.51,156026.90,1.1601
1068,780,1510,188.06,156696.90,1.1656
1069,0,1510,187.89,156652.16,1.1148
1070,970,1510,188.62,157172.16,1.0901
1071,0,1510,188.44,157150.80,1.1183
1072,390,1510,188.63,157510.80,1.0997
1073,0,1510,188.45,157479.15,1.1005
1074,880,1510,189.10,158099.15,1.1150
1075,0,1510,188.92,158065.70,1.1064
1076,1010,1510,189.69,158955.70,1.2456
1077,1,1510,189.51,158954.21,1.2701
1078,740,1510,190.02,159434.21,1.0474
1079,1,1510,189.85,159450.39,1.0937
1080,410,1510,190.05,159830.39,1.0498
1081,0,1510,189.87,159845.48,1.1773
1082,1310,1510,190.91,160505.48,1.0773
1083,0,1510,190.73,160470.66,1.0667
1084,910,1510,191.40,161120.66,1.0924
1085,0,1510,191.22,161157.55,1.0615
1086,770,1510,191.75,161667.55,1.1608
1087,0,1510,191.58,161631.48,1.0543
1088,920,1510,192.25,162291.48,1.0255
1089,0,1510,192.07,162254.71,1.0749
1090,510,1510,192.36,162734.71,1.0385
1091,0,1510,192.19,162707.17,1.1220
1092,900,1510,192.83,163157.17,1.1386
1093,1,1510,192.66,163185.24,1.0145
1094,710,1510,193.13,163635.24,1.0894
1095,1,1510,192.96,163596.37,1.1603
1096,100,1510,192.87,163666.37,1.1169
1097,0,1510,192.69,163659.29,1.1277
1098,400,1510,192.88,164019.29,1.0046
1099,0,1510,192.71,163969.42,1.0855
1100,760,1510,193.22,164619.42,1.1292
1101,0,1510,193.05,164581.68,1.1143
1102,740,1510,193.54,165061.68,1.1636
1103,0,1510,193.37,165028.77,1.1337
1104,290,1510,193.46,165288.77,1.1421
1105,0,1510,193.28,165263.58,1.0716
1106,340,1510,193.41,165563.58,1.1737
1107,0,1510,193.24,165568.87,1.1256
1108,510,1510,193.53,165818.87,1.0867
1109,1,1510,193.35,165811.33,1.0414
1110,370,1510,193.51,166151.33,1.0479
1111,2,1510,193.34,166185.39,1.1720
1112,610,1510,193.71,166725.39,1.1187
1113,1,1510,193.54,166757.76,1.1383
1114,310,1510,193.64,167037.76,1.0360
1115,1,1510,193.47,167058.30,1.1338
1116,530,1510,193.77,167518.30,1.1775
1117,0,1510,193.60,167487.24,1.0385
1118,320,1510,193.71,167777.24,1.0688
1119,1,1510,193.54,167797.44,1.1430
1120,1110,1510,194.36,168457.44,1.0770
1121,0,1510,194.19,168413.76,1.1722
1122,600,1510,194.55,168893.76,1.1803
1123,0,1510,194.37,168918.19,1.0377
1124,240,1510,194.41,169128.19,1.0938
1125,1,1510,194.24,169151.62,1.1126
1126,390,1510,194.42,169511.62,1.0390
1127,0,1510,194.24,169481.61,0.9837
1128,290,1510,194.33,169741.61,1.0815
1129,0,1510,194.16,169720.28,1.0611
1130,290,1510,194.24,169970.28,1.1054
1131,0,1510,194.07,169931.65,1.1376
1132,790,1510,194.60,170461.65,1.0804
1133,0,1510,194.42,170432.95,0.9933
1134,230,1510,194.46,170632.95,1.0470
1135,0,1510,194.28,170606.82,1.0957
1136,840,1510,194.85,171186.82,1.1259
1137,0,1510,194.68,171156.24,1.1363
1138,300,1510,194.77,171426.24,1.1504
1139,0,1510,194.60,171431.53,1.0168
1140,510,1510,194.88,171861.53,1.1263
1141,1,1510,194.71,171884.67,1.0812
1142,310,1510,194.81,172164.67,1.0193
1143,0,1510,194.64,171988.66,1.4107
1144,350,1510,194.78,172308.66,1.1634
1145,0,1510,194.61,172285.92,1.1256
1146,570,1510,194.93,172785.92,1.1268
1147,1,1510,194.76,172803.53,1.1033
1148,300,1510,194.86,173063.53,1.0602
1149,1,1510,194.69,173082.85,0.9562
1150,480,1510,194.94,173532.85,1.0429
1151,0,1510,194.77,173471.54,1.1484
1152,660,1510,195.17,173861.54,1.2387
1153,0,1510,195.00,173803.82,1.1312
1154,890,1510,195.60,174243.82,1.0673
1155,0,1510,195.43,174190.09,1.0390
1156,1000,1510,196.13,174740.09,1.1737
1157,0,1510,195.96,174723.69,1.1553
1158,480,1510,196.21,175173.69,1.0829
1159,1,1510,196.04,175148.81,1.0551
1160,290,1510,196.12,175408.81,1.0499
1161,1,1510,195.95,175417.98,1.0142
1162,620,1510,196.31,176007.98,1.0749
1163,0,1510,196.15,175954.40,1.1233
1164,320,1510,196.25,176244.40,1.1060
1165,0,1510,196.08,176204.74,1.1046
1166,440,1510,196.29,176604.74,1.1162
1167,1,1510,196.13,176619.04,1.1056
1168,420,1510,196.32,176969.04,1.1197
1169,0,1510,196.15,176908.19,1.2023
1170,1030,1510,196.86,177448.19,1.0970
1171,0,1510,196.69,177393.14,1.1058
1172,460,1510,196.92,177823.14,1.1382
1173,0,1510,196.75,177799.09,1.0735
1174,340,1510,196.87,178109.09,1.0306
1175,1,1510,196.71,178127.89,1.1152
1176,1180,1510,197.54,178817.89,1.0052
1177,1,1510,197.38,178829.82,0.9777
1178,620,1510,197.73,179199.82,1.0359
1179,0,1510,197.57,179151.25,1.0080
1180,330,1510,197.68,179451.25,1.0748
1181,0,1510,197.51,179409.32,1.0614
1182,460,1510,197.73,179839.32,1.0806
1183,1,1510,197.57,179805.06,0.9931
1184,500,1510,197.82,180275.06,1.0973
1185,0,1510,197.66,180243.69,1.0341
1186,430,1510,197.85,180643.69,1.1018
1187,0,1510,197.68,180605.51,1.0832
1188,250,1510,197.73,180825.51,1.0754
1189,0,1510,197.56,180768.18,1.0630
1190,310,1510,197.66,181038.18,1.0792
1191,1,1510,197.49,181055.26,0.9872
1192,400,1510,197.66,181405.26,1.0785
1193,1,1510,197.50,181440.57,1.0894
1194,370,1510,197.64,181780.57,1.0259
1195,0,1510,197.48,181728.46,1.0699
1196,420,1510,197.66,182118.46,1.0237
1197,0,1510,197.50,182067.85,1.0473
1198,530,1510,197.77,182557.85,1.0649
1199,1,1510,197.61,182581.81,1.0662
1200,910,1510,198.20,183191.81,1.0070
1201,1,1510,198.04,183194.20,1.0026
1202,650,1510,198.42,183584.20,1.1747
1203,0,1510,198.25,183532.09,1.2415
1204,420,1510,198.44,183922.09,1.1372
1205,0,1510,198.27,183908.11,1.1240
1206,490,1510,198.51,184368.11,1.1088
1207,1,1510,198.35,184377.38,1.0620
1208,360,1510,198.48,184687.38,0.9875
1209,1,1510,198.32,184707.38,1.0389
1210,620,1510,198.67,185247.38,1.0567
1211,0,1510,198.50,185203.50,1.0552
1212,280,1510,198.57,185453.50,1.1533
1213,1,1510,198.41,185477.34,1.0481
1214,340,1510,198.52,185787.34,1.0768
1215,0,1510,198.36,185795.06,1.1016
1216,190,1510,198.35,185955.06,0.9940
1217,0,1510,198.19,185912.99,0.9919
1218,890,1510,198.76,186352.99,1.0066
1219,0,1510,198.60,186293.85,1.0503
1220,370,1510,198.74,186633.85,1.0856
1221,1,1510,198.57,186675.90,1.0588
1222,340,1510,198.69,186985.90,0.9950
1223,1,1510,198.53,186961.22,0.9983
1224,460,1510,198.74,187381.22,0.9812
1225,1,1510,198.58,187386.20,0.9563
1226,420,1510,198.76,187776.20,1.0702
1227,1,1510,198.60,187789.29,0.9445
1228,500,1510,198.85,188219.29,1.0458
1229,1,1510,198.69,188259.72,1.0616
1230,870,1510,199.23,188869.72,1.0280
1231,0,1510,199.07,188849.55,0.9993
1232,890,1510,199.63,189479.55,1.0079
1233,1,1510,199.47,189486.74,1.0241
1234,610,1510,199.80,190016.74,1.0769
1235,0,1510,199.64,189954.88,1.0404
1236,550,1510,199.92,190434.88,1.0304
1237,0,1510,199.76,190391.37,1.0298
1238,330,1510,199.87,190691.37,1.0993
1239,0,1510,199.71,190636.26,1.0287
1240,760,1510,200.16,191136.26,0.9894
1241,1,1510,200.00,191136.04,1.0584
1242,550,1510,200.28,191616.04,0.9979
1243,1,1510,200.12,191633.02,1.0147
1244,330,1510,200.22,191933.02,0.9953
1245,0,1510,200.06,191888.81,1.0262
1246,360,1510,200.19,192218.81,1.0922
1247,0,1510,200.03,192187.39,1.0479
1248,350,1510,200.15,192507.39,0.9790
1249,0,1510,199.99,192486.42,0.9458
1250,480,1510,200.21,192936.42,0.9501
1251,0,1510,200.05,192912.43,1.1081
1252,200,1510,200.05,193082.43,1.0594
1253,0,1510,199.89,193037.64,1.0418
1254,250,1510,199.93,193257.64,1.0340
1255,0,1510,199.77,193223.13,0.9942
1256,570,1510,200.07,193723.13,1.0065
1257,1,1510,199.91,193742.56,1.0550
1258,350,1510,200.03,194062.56,1.0434
1259,0,1510,199.87,194016.86,0.9706
1260,350,1510,199.99,194336.86,0.9698
1261,0,1510,199.83,194294.98,1.0445
1262,850,1510,200.35,194834.98,1.0159
1263,1,1510,200.19,194849.72,0.9899
1264,540,1510,200.46,195359.72,0.9997
1265,0,1510,200.30,195305.52,1.0452
1266,150,1510,200.26,195415.52,1.0260
1267,0,1510,200.10,195379.24,0.9605
1268,410,1510,200.27,195759.24,1.0501
1269,1,1510,200.11,195770.21,0.9374
1270,550,1510,200.39,196250.21,1.0553
1271,1,1510,200.23,196236.60,0.8359
1272,580,1510,200.53,196746.60,0.9048
1273,0,1510,200.37,196695.24,1.0395
1274,490,1510,200.60,197115.24,0.9687
1275,1,1510,200.44,197121.75,0.9699
1276,920,1510,201.00,197571.75,1.0705
1277,0,1510,200.85,197520.35,0.9582
1278,860,1510,201.36,198120.35,0.9259
1279,0,1510,201.21,198079.88,0.9594
1280,320,1510,201.30,198369.88,0.9115
1281,0,1510,201.14,198312.90,0.9397
1282,370,1510,201.27,198652.90,1.0112
1283,0,1510,201.12,198616.26,1.1197
1284,750,1510,201.54,199106.26,1.0280
1285,0,1510,201.39,199060.18,1.0296
1286,590,1510,201.69,199580.18,1.0411
1287,0,1510,201.53,199543.59,0.9655
1288,80,1510,201.44,199583.59,0.9884
1289,0,1510,201.28,199525.43,1.0359
1290,380,1510,201.42,199875.43,1.0304
1291,1,1510,201.26,199892.62,0.9624
1292,300,1510,201.34,200162.62,0.9648
1293,1,1510,201.19,200177.31,0.8502
1294,230,1510,201.21,200377.31,1.0056
1295,0,1510,201.05,200322.18,0.9876
1296,480,1510,201.27,200772.18,0.9813
1297,0,1510,201.11,200709.77,1.0319
1298,190,1510,201.10,200869.77,0.9702
1299,1,1510,200.95,200833.07,0.9135
1300,230,1510,200.97,201033.07,0.9958
1301,1,1510,200.82,201027.15,1.0088
1302,800,1510,201.28,201537.15,1.1216
1303,0,1510,201.13,201494.96,1.0068
1304,530,1510,201.38,201994.96,1.0067
1305,0,1510,201.22,201945.79,1.0842
1306,1190,1510,201.98,202645.79,1.1380
1307,1,1510,201.83,202649.36,1.0599
1308,450,1510,202.02,203059.36,1.0977
1309,0,1510,201.86,203031.01,1.0259
1310,1030,1510,202.49,203791.01,1.1075
1311,0,1510,202.34,203736.05,0.9962
1312,360,1510,202.46,204046.05,0.9423
1313,0,1510,202.31,204069.30,1.0054
1314,430,1510,202.48,204469.30,1.0779
1315,1,1510,202.33,204463.38,0.9246
1316,440,1510,202.51,204873.38,1.0432
1317,1,1510,202.35,204900.27,0.9476
1318,780,1510,202.79,205420.27,1.1057
1319,1,1510,202.64,205424.54,1.0671
1320,300,1510,202.71,205694.54,0.9272
1321,1,1510,202.56,205745.34,1.0079
1322,710,1510,202.94,206195.34,1.0116
1323,0,1510,202.79,206148.62,1.0521
1324,260,1510,202.83,206378.62,0.9229
1325,0,1510,202.68,206317.86,0.9040
1326,430,1510,202.85,206667.86,1.0376
1327,0,1510,202.70,206617.11,1.0486
1328,420,1510,202.86,207007.11,1.0698
1329,1,1510,202.71,207014.36,0.9390
1330,260,1510,202.75,207244.36,0.9522
1331,0,1510,202.60,207192.65,0.9572
1332,760,1510,203.02,207692.65,1.0294
1333,1,1510,202.87,207695.73,0.9503
1334,390,1510,203.01,208045.73,0.8801
1335,0,1510,202.86,208028.83,0.9057
1336,670,1510,203.21,208438.83,1.1023
1337,0,1510,203.05,208375.03,0.9788
1338,440,1510,203.23,208785.03,1.0255
1339,1,1510,203.08,208800.56,0.9547
1340,490,1510,203.29,209260.56,0.9866
1341,0,1510,203.14,209204.00,1.0045
1342,1070,1510,203.79,209824.00,0.9444
1343,0,1510,203.64,209767.97,1.0049
1344,320,1510,203.72,210047.97,1.0050
1345,0,1510,203.57,209990.05,0.9399
1346,440,1510,203.75,210390.05,0.9073
1347,0,1510,203.60,210341.11,0.9370
1348,290,1510,203.66,210591.11,1.0179
1349,2,1510,203.51,210610.23,0.9722
1350,610,1510,203.81,211150.23,1.0316
1351,1,1510,203.66,211173.70,1.0527
1352,310,1510,203.74,211453.70,0.9984
1353,0,1510,203.59,211400.43,1.1246
1354,1420,1510,204.49,212330.43,1.1977
1355,0,1510,204.34,212295.09,1.0064
1356,270,1510,204.39,212535.09,0.9885
1357,0,1510,204.24,212498.65,1.0085
1358,180,1510,204.22,212648.65,0.9993
1359,0,1510,204.07,212594.58,0.9414
1360,280,1510,204.12,212834.58,1.0101
1361,1,1510,203.97,212854.13,0.9262
1362,430,1510,204.14,213254.13,0.9948
1363,1,1510,203.99,213266.60,0.9391
1364,770,1510,204.41,213776.60,0.9300
1365,1,1510,204.26,213797.74,0.9895
1366,530,1510,204.49,214247.74,0.9702
1367,2,1510,204.35,214271.22,1.0318
1368,330,1510,204.44,214571.22,0.9567
1369,1,1510,204.29,214603.19,0.9366
1370,300,1510,204.36,214873.19,0.9531
1371,0,1510,204.21,214821.39,0.9601
1372,730,1510,204.59,215291.39,1.0312
1373,0,1510,204.45,215243.97,1.0312
1374,610,1510,204.74,215593.97,0.9837
1375,0,1510,204.59,215563.49,1.0160
1376,290,1510,204.65,215823.49,0.9832
1377,1,1510,204.51,215845.03,1.0256
1378,300,1510,204.57,216105.03,0.9875
1379,0,1510,204.43,216057.86,1.0249
1380,470,1510,204.62,216477.86,0.9051
1381,0,1510,204.47,216417.85,0.9872
1382,480,1510,204.67,216867.85,0.9151
1383,1,1510,204.52,216870.44,0.8910
1384,410,1510,204.67,217250.44,0.9909
1385,1,1510,204.52,217257.51,0.9462
