1,0,0,0.00,30.62,1.0461
2,0,0,0.00,-275.91,1.2795
3,0,0,0.00,-582.44,1.2001
4,0,0,0.00,-888.97,1.1174
5,0,0,0.00,-1195.50,1.0735
6,0,0,0.00,-1502.03,1.0296
7,0,0,0.00,-1808.56,0.9926
8,0,0,0.00,-2115.09,0.9860
9,0,0,0.00,-2421.62,0.9581
10,0,0,0.00,-2728.15,0.9348
11,0,0,0.00,-3034.68,0.9215
1,0,0,0.00,-18.27,1.2849
2,0,0,0.00,-14.93,1.1486
3,1,1,0.33,-41.78,1.1591
4,1,1,0.50,-49.69,1.1770
5,1,1,0.60,-34.79,1.1310
6,1,1,0.67,-26.73,1.1174
7,1,1,0.71,-9.94,1.1167
8,1,1,0.75,-18.74,1.1185
9,0,1,0.67,-61.12,1.1316
10,1,1,0.70,-66.64,1.1624
11,0,1,0.64,-109.72,1.1587
12,0,1,0.58,-128.07,1.1474
13,0,1,0.54,-143.53,1.1085
14,0,1,0.50,-149.46,1.0754
15,0,1,0.47,-188.86,1.0982
16,1,1,0.50,-151.39,1.0468
17,1,1,0.53,-182.08,1.0785
18,1,1,0.56,-187.60,1.0864
19,0,1,0.53,-226.07,1.0842
20,1,1,0.55,-188.06,1.0465
21,0,1,0.52,-231.58,1.1026
22,0,1,0.50,-277.16,1.1376
23,0,1,0.48,-326.29,1.1260
24,0,1,0.46,-372.48,1.1616
25,0,1,0.44,-390.34,1.1206
26,0,1,0.42,-448.16,1.1317
27,1,1,0.44,-422.34,1.1081
28,0,1,0.43,-450.89,1.1042
29,1,1,0.45,-438.14,1.0469
30,0,1,0.43,-494.11,1.1037
31,0,1,0.42,-548.79,1.1356
32,1,1,0.44,-546.96,1.1340
33,1,1,0.45,-516.67,1.0782
34,1,1,0.47,-550.18,1.1051
35,1,1,0.49,-537.66,1.1013
36,0,1,0.47,-544.97,1.0716
37,1,1,0.49,-532.58,1.0666
38,1,1,0.50,-508.63,1.0787
39,1,1,0.51,-514.55,1.0000
40,1,1,0.53,-503.91,1.0860
41,1,1,0.54,-506.36,1.0587
42,1,1,0.55,-492.53,1.1083
43,1,1,0.56,-475.55,1.0415
44,1,1,0.57,-469.03,1.0831
45,1,1,0.58,-434.21,1.0109
46,1,1,0.59,-432.16,1.0017
47,1,1,0.60,-419.18,1.0107
48,1,1,0.60,-398.73,1.0528
49,1,1,0.61,-384.64,1.0773
50,0,1,0.60,-429.07,1.0588
51,0,1,0.59,-484.48,1.1243
52,0,1,0.58,-534.11,1.1797
53,1,1,0.58,-516.40,1.1588
54,1,1,0.59,-494.31,1.1251
55,1,1,0.60,-483.49,1.0679
56,0,1,0.59,-515.14,1.0753
57,1,1,0.60,-490.05,1.0871
58,1,1,0.60,-430.13,1.0614
59,1,1,0.61,-406.10,1.0485
60,0,1,0.60,-400.09,1.0660
61,1,1,0.61,-387.80,1.0579
62,0,1,0.60,-449.10,1.1216
63,1,1,0.60,-445.32,1.0801
64,0,1,0.59,-502.44,1.1495
65,1,1,0.60,-497.96,1.1825
66,1,1,0.61,-489.20,1.1601
67,1,1,0.61,-495.12,1.0938
68,1,1,0.62,-463.59,1.0439
69,0,1,0.61,-494.79,1.0982
70,1,1,0.61,-483.18,1.0538
71,1,1,0.62,-449.06,1.0424
72,0,1,0.61,-498.39,1.0681
73,0,1,0.60,-528.15,1.0894
74,0,1,0.59,-525.07,1.0705
75,0,1,0.59,-556.74,1.0818
76,1,1,0.59,-537.29,1.0330
77,1,1,0.60,-529.22,1.0300
78,1,1,0.60,-453.86,1.0437
79,0,1,0.59,-461.33,0.9696
80,0,1,0.59,-516.60,1.0582
81,0,1,0.58,-497.99,1.0702
82,1,1,0.59,-462.44,0.9896
83,0,1,0.58,-491.49,0.9779
84,0,1,0.57,-535.18,1.0476
85,0,1,0.56,-579.19,1.0327
86,1,1,0.57,-539.15,0.9944
87,1,1,0.57,-538.03,0.9871
88,0,1,0.57,-500.98,1.0292
89,0,1,0.56,-551.49,1.0619
90,0,1,0.56,-591.63,1.0321
91,0,1,0.55,-627.85,1.0407
92,1,1,0.55,-655.43,0.9613
93,1,1,0.56,-635.19,0.9879
94,0,1,0.55,-659.79,1.0057
95,0,1,0.55,-693.07,0.9768
96,0,1,0.54,-739.33,1.0459
97,1,1,0.55,-724.71,1.0261
98,1,1,0.55,-742.41,0.9996
99,0,1,0.55,-774.50,1.0063
100,0,1,0.54,-823.87,1.0730
101,1,1,0.54,-814.88,1.0428
102,1,1,0.55,-823.66,1.0134
103,1,1,0.55,-825.88,1.0122
104,1,1,0.56,-803.78,0.9713
105,1,1,0.56,-790.33,0.9413
106,1,1,0.57,-768.23,1.0031
107,0,1,0.56,-814.63,1.0558
108,0,1,0.56,-820.56,0.9463
109,0,1,0.55,-882.22,1.0139
110,0,1,0.55,-937.57,1.0983
111,1,1,0.55,-925.05,1.0527
112,0,1,0.54,-983.04,1.0846
113,1,1,0.55,-980.52,1.0771
114,1,1,0.55,-986.97,1.0796
115,0,1,0.55,-1031.70,1.0321
116,0,1,0.54,-1036.62,0.9667
117,0,1,0.54,-1072.84,1.0092
118,1,1,0.54,-1092.23,1.0211
119,1,1,0.55,-1119.70,0.9757
120,1,1,0.55,-1134.82,1.0631
121,1,1,0.55,-1121.14,1.0382
122,1,1,0.56,-1144.66,0.9946
123,1,1,0.56,-1121.87,0.9837
124,1,1,0.56,-1110.97,0.9917
125,1,1,0.57,-1105.44,0.9741
126,0,1,0.56,-1153.25,0.9937
127,0,1,0.56,-1167.33,1.0626
128,1,1,0.56,-1137.23,1.0169
129,1,1,0.57,-1077.76,0.9630
130,1,1,0.57,-1069.87,0.9442
131,1,1,0.57,-1097.70,1.0197
132,0,1,0.57,-1154.89,1.0302
133,0,1,0.56,-1194.38,1.0335
134,0,1,0.56,-1229.30,0.9937
135,1,1,0.56,-1187.80,0.9788
136,1,1,0.57,-1177.63,0.9176
137,0,1,0.56,-1205.62,0.9593
138,1,1,0.57,-1197.33,0.9885
139,0,1,0.56,-1259.85,1.0387
140,0,1,0.56,-1290.86,1.0395
141,0,1,0.55,-1352.62,1.0486
142,1,1,0.56,-1339.07,0.9815
143,0,1,0.55,-1341.59,0.9884
144,1,1,0.56,-1301.47,0.9305
145,0,1,0.55,-1351.89,1.0504
146,1,1,0.55,-1340.77,1.0119
147,1,1,0.56,-1346.29,1.0045
148,0,1,0.55,-1395.35,1.0504
149,1,1,0.56,-1382.13,1.0675
150,1,1,0.56,-1362.39,1.0195
151,1,1,0.56,-1350.61,1.0379
152,1,1,0.57,-1365.70,0.9694
153,0,1,0.56,-1331.91,1.0772
154,1,1,0.56,-1339.43,1.0964
155,1,1,0.57,-1330.44,1.1234
156,1,1,0.57,-1298.60,0.9970
157,1,1,0.57,-1311.42,1.0163
158,0,1,0.57,-1363.94,1.0631
159,0,1,0.57,-1404.70,1.0778
160,1,1,0.57,-1386.82,1.0037
161,0,1,0.57,-1429.26,1.0857
162,1,1,0.57,-1404.69,0.9882
163,0,1,0.56,-1452.35,1.0529
164,0,1,0.56,-1478.31,1.0069
165,1,1,0.56,-1444.31,0.9798
166,1,1,0.57,-1418.38,1.0303
167,0,1,0.56,-1472.11,1.0829
168,1,1,0.57,-1463.74,1.0105
1,0,0,0.00,2.58,0.6613
2,1,1,0.50,17.19,0.6813
3,1,1,0.67,30.65,0.7066
4,1,1,0.75,67.53,0.7555
5,1,1,0.80,49.60,0.6984
6,1,1,0.83,63.63,0.7565
7,1,1,0.86,87.09,0.8118
8,0,1,0.75,68.99,0.7650
9,0,1,0.67,5.53,0.7518
10,1,1,0.70,-25.71,0.7731
11,0,1,0.64,-39.62,0.7772
12,0,1,0.58,-93.49,0.7956
13,1,1,0.62,-66.04,0.8025
14,1,1,0.64,-47.79,0.8181
15,0,1,0.60,-102.42,0.8092
16,1,1,0.62,-96.40,0.7881
17,0,1,0.59,-155.41,0.8338
18,1,1,0.61,-145.66,0.8470
19,1,1,0.63,-183.56,0.8248
20,1,1,0.65,-175.27,0.8310
21,1,1,0.67,-170.09,0.8429
22,1,1,0.68,-215.77,0.8561
23,0,1,0.65,-230.60,0.8726
24,0,1,0.62,-235.87,0.8699
25,1,1,0.64,-232.10,0.8685
26,1,1,0.65,-213.42,0.8819
27,1,1,0.67,-252.90,0.8910
28,1,1,0.68,-268.52,0.8581
29,1,1,0.69,-258.58,0.8783
30,0,1,0.67,-297.24,0.9008
31,1,1,0.68,-271.32,0.9115
32,1,1,0.69,-260.20,0.8978
33,0,1,0.67,-274.23,0.8638
34,0,1,0.65,-316.19,0.8449
35,1,1,0.66,-284.87,0.9120
36,1,1,0.67,-268.49,0.9180
37,1,1,0.68,-280.94,0.9463
38,0,1,0.66,-331.03,0.8966
39,1,1,0.67,-320.59,0.9127
40,0,1,0.65,-350.73,0.8969
41,0,1,0.63,-405.20,0.9212
42,1,1,0.64,-449.88,0.9166
43,0,1,0.63,-503.11,0.9626
44,0,1,0.61,-538.84,0.9279
45,1,1,0.62,-538.16,0.9577
46,0,1,0.61,-566.89,0.9416
47,0,1,0.60,-628.25,0.9555
48,0,1,0.58,-642.84,0.9841
49,1,1,0.59,-631.72,0.9405
50,0,1,0.58,-664.17,0.9885
51,0,1,0.57,-721.19,0.9705
52,1,1,0.58,-726.91,0.9646
53,0,1,0.57,-775.44,1.0140
54,0,1,0.56,-805.21,0.9836
55,0,1,0.55,-854.65,1.0153
56,0,1,0.54,-882.45,0.9549
57,1,1,0.54,-867.83,0.9772
1,0,0,0.00,9.62,1.3917
2,0,0,0.00,4.04,1.2945
3,1,1,0.33,-1.48,1.3104
4,1,1,0.50,45.25,1.2417
5,1,1,0.60,52.36,1.2464
6,0,1,0.50,-5.21,1.2618
7,1,1,0.57,1.68,1.2606
8,0,1,0.50,-56.43,1.2828
9,0,1,0.44,-120.89,1.3395
10,0,1,0.40,-164.38,1.3381
11,1,1,0.45,-154.44,1.3198
12,1,1,0.50,-142.59,1.2727
13,1,1,0.54,-119.70,1.2786
14,1,1,0.57,-86.69,1.2560
15,1,1,0.60,-79.05,1.2499
16,1,1,0.62,-44.73,1.2206
17,1,1,0.65,-12.26,1.2475
18,0,1,0.61,-57.08,1.2469
19,1,1,0.63,-47.33,1.2888
20,0,1,0.60,-100.71,1.2824
21,1,1,0.62,-59.09,1.2153
22,1,1,0.64,-32.72,1.2194
23,1,1,0.65,-4.69,1.2131
24,0,1,0.62,-59.32,1.2741
25,0,1,0.60,-121.23,1.2601
26,0,1,0.58,-172.02,1.3138
27,1,1,0.59,-156.78,1.2737
28,1,1,0.61,-149.67,1.2492
29,1,1,0.62,-112.95,1.2684
30,1,1,0.63,-84.19,1.2865
31,1,1,0.65,-60.34,1.1989
32,1,1,0.66,-96.12,1.2784
33,0,1,0.64,-151.52,1.2778
34,1,1,0.65,-166.32,1.2778
35,1,1,0.66,-157.70,1.2514
36,0,1,0.64,-211.27,1.2400
37,1,1,0.65,-235.00,1.2668
38,1,1,0.66,-224.40,1.2899
39,1,1,0.67,-212.99,1.2096
40,0,1,0.65,-271.16,1.2663
41,0,1,0.63,-313.66,1.3001
42,1,1,0.64,-279.16,1.2604
43,1,1,0.65,-268.70,1.2485
44,1,1,0.66,-244.47,1.2305
45,0,1,0.64,-306.67,1.2642
46,1,1,0.65,-287.53,1.2390
47,0,1,0.64,-340.56,1.2874
48,0,1,0.62,-398.73,1.2922
49,1,1,0.63,-366.26,1.2691
50,1,1,0.64,-353.27,1.2640
51,1,1,0.65,-350.28,1.3584
52,1,1,0.65,-385.05,1.3646
53,0,1,0.64,-427.62,1.3242
54,0,1,0.63,-469.76,1.3579
55,1,1,0.64,-445.02,1.3729
56,1,1,0.64,-438.30,1.3436
57,1,1,0.65,-409.33,1.2525
58,1,1,0.66,-391.96,1.2898
59,1,1,0.66,-397.88,1.2733
60,1,1,0.67,-416.87,1.3031
61,1,1,0.67,-428.45,1.2912
62,0,1,0.66,-478.71,1.3449
63,1,1,0.67,-462.28,1.3091
64,0,1,0.66,-516.61,1.3228
65,0,1,0.65,-575.33,1.2983
66,1,1,0.65,-541.86,1.3197
67,1,1,0.66,-529.34,1.3004
68,1,1,0.66,-513.96,1.2924
69,1,1,0.67,-537.21,1.2518
70,0,1,0.66,-597.37,1.3484
71,0,1,0.65,-656.78,1.3465
72,1,1,0.65,-656.06,1.3832
73,0,1,0.64,-702.58,1.3676
74,0,1,0.64,-759.69,1.4215
75,0,1,0.63,-800.09,1.3762
76,1,1,0.63,-752.24,1.3215
77,0,1,0.62,-803.64,1.3377
78,0,1,0.62,-860.31,1.3324
79,0,1,0.61,-919.66,1.3770
80,0,1,0.60,-976.58,1.4055
81,1,1,0.60,-949.68,1.3831
82,1,1,0.61,-927.84,1.3932
83,0,1,0.60,-984.86,1.3441
84,1,1,0.61,-978.53,1.3663
85,1,1,0.61,-978.58,1.2992
86,0,1,0.60,-1035.45,1.3692
87,0,1,0.60,-1079.92,1.3743
88,1,1,0.60,-1074.81,1.4135
89,0,1,0.60,-1116.12,1.3605
90,1,1,0.60,-1108.37,1.3924
91,1,1,0.60,-1088.83,1.3411
92,1,1,0.61,-1083.12,1.2776
93,1,1,0.61,-1069.66,1.2933
94,0,1,0.61,-1122.68,1.3026
95,0,1,0.60,-1151.86,1.3221
96,0,1,0.59,-1204.69,1.3542
97,1,1,0.60,-1141.28,1.2637
98,1,1,0.60,-1139.93,1.3261
99,0,1,0.60,-1180.73,1.2966
100,1,1,0.60,-1172.38,1.3491
101,0,1,0.59,-1228.65,1.3959
102,1,1,0.60,-1212.93,1.3902
103,0,1,0.59,-1233.76,1.3138
104,1,1,0.60,-1203.99,1.3199
105,0,1,0.59,-1262.90,1.3040
106,0,1,0.58,-1297.48,1.2692
107,1,1,0.59,-1274.69,1.3154
108,0,1,0.58,-1289.96,1.2591
109,1,1,0.59,-1295.53,1.3027
110,1,1,0.59,-1264.62,1.2625
111,1,1,0.59,-1231.30,1.3187
112,0,1,0.59,-1289.71,1.3045
113,1,1,0.59,-1312.93,1.3617
114,0,1,0.59,-1360.09,1.3409
115,0,1,0.58,-1397.32,1.3283
116,0,1,0.58,-1447.72,1.2916
117,0,1,0.57,-1510.83,1.3329
118,0,1,0.57,-1559.71,1.3598
119,0,1,0.56,-1602.93,1.3910
120,1,1,0.57,-1590.03,1.3674
121,1,1,0.57,-1578.91,1.3106
122,1,1,0.57,-1571.31,1.3692
123,0,1,0.57,-1603.09,1.2975
124,1,1,0.57,-1574.68,1.4051
125,0,1,0.57,-1626.96,1.3731
126,1,1,0.57,-1661.38,1.3327
127,1,1,0.57,-1680.16,1.3348
128,0,1,0.57,-1733.83,1.3610
129,1,1,0.57,-1708.05,1.2582
130,1,1,0.58,-1652.56,1.2850
131,0,1,0.57,-1707.14,1.3398
132,1,1,0.58,-1671.46,1.3195
133,0,1,0.57,-1728.86,1.3295
134,0,1,0.57,-1760.09,1.3007
135,0,1,0.56,-1805.92,1.2895
136,0,1,0.56,-1862.39,1.3408
137,0,1,0.55,-1889.39,1.3307
138,1,1,0.56,-1868.75,1.2950
139,1,1,0.56,-1850.52,1.3241
140,1,1,0.56,-1810.86,1.2823
141,0,1,0.56,-1861.17,1.3232
142,1,1,0.56,-1834.35,1.2866
143,1,1,0.57,-1821.13,1.2897
144,1,1,0.57,-1811.88,1.2841
145,0,1,0.57,-1870.90,1.3060
146,1,1,0.57,-1842.47,1.2962
147,0,1,0.56,-1895.98,1.3099
148,0,1,0.56,-1943.67,1.2883
149,1,1,0.56,-1920.74,1.3071
150,0,1,0.56,-1970.30,1.3700
151,1,1,0.56,-1963.94,1.3592
152,1,1,0.57,-1951.37,1.3160
153,1,1,0.57,-1968.66,1.2820
154,0,1,0.56,-2020.92,1.3096
155,1,1,0.57,-2003.96,1.3443
156,0,1,0.56,-2042.82,1.3012
157,1,1,0.57,-2015.87,1.2628
158,1,1,0.57,-2021.39,1.3504
159,0,1,0.57,-2078.12,1.3614
160,0,1,0.56,-2107.66,1.3917
161,0,1,0.56,-2151.62,1.3532
162,1,1,0.56,-2136.96,1.3901
163,1,1,0.56,-2111.37,1.2923
164,0,1,0.56,-2124.19,1.2904
165,0,1,0.56,-2149.61,1.2993
166,0,1,0.55,-2206.15,1.3423
167,1,1,0.56,-2193.40,1.3254
168,0,1,0.55,-2177.04,1.3238
169,0,1,0.55,-2234.86,1.3662
170,0,1,0.55,-2292.53,1.4510
171,1,1,0.55,-2284.94,1.3712
172,1,1,0.55,-2253.36,1.3437
173,1,1,0.55,-2256.52,1.3161
174,0,1,0.55,-2310.99,1.3422
175,1,1,0.55,-2316.07,1.3444
176,1,1,0.56,-2303.03,1.3301
177,0,1,0.55,-2363.54,1.3198
178,0,1,0.55,-2407.03,1.3222
179,0,1,0.55,-2412.19,1.3115
180,1,1,0.55,-2411.93,1.3306
181,0,1,0.55,-2451.81,1.3839
182,0,1,0.54,-2451.52,1.2702
183,1,1,0.55,-2429.87,1.3225
184,1,1,0.55,-2409.28,1.2561
185,1,1,0.55,-2407.59,1.2488
186,0,1,0.55,-2448.14,1.2976
187,0,1,0.55,-2507.08,1.3440
188,1,1,0.55,-2493.52,1.3125
189,1,1,0.55,-2476.53,1.2270
190,1,1,0.55,-2439.28,1.3252
191,1,1,0.55,-2410.53,1.3116
192,1,1,0.56,-2404.87,1.2460
193,1,1,0.56,-2415.26,1.3476
194,0,1,0.56,-2454.66,1.2976
195,0,1,0.55,-2501.04,1.3053
196,1,1,0.56,-2506.57,1.3279
197,1,1,0.56,-2499.46,1.2602
198,0,1,0.56,-2542.32,1.2992
199,1,1,0.56,-2536.94,1.2248
200,1,1,0.56,-2521.08,1.2838
201,0,1,0.56,-2564.89,1.3407
202,1,1,0.56,-2557.30,1.3059
203,0,1,0.56,-2600.30,1.3289
204,1,1,0.56,-2591.53,1.2992
205,1,1,0.56,-2582.06,1.2321
206,0,1,0.56,-2637.47,1.2524
207,0,1,0.56,-2670.40,1.2800
208,0,1,0.55,-2690.12,1.2641
209,1,1,0.56,-2661.89,1.2322
210,1,1,0.56,-2653.12,1.2385
211,1,1,0.56,-2637.33,1.2958
212,1,1,0.56,-2600.39,1.2347
213,0,1,0.56,-2632.10,1.3078
214,1,1,0.56,-2631.96,1.2227
215,1,1,0.56,-2612.77,1.2825
216,0,1,0.56,-2599.85,1.2427
217,1,1,0.56,-2603.21,1.2674
218,0,1,0.56,-2662.72,1.3247
219,0,1,0.56,-2671.47,1.2263
220,0,1,0.55,-2730.08,1.2969
221,1,1,0.56,-2696.06,1.2583
222,0,1,0.55,-2724.99,1.2679
223,1,1,0.56,-2691.12,1.2655
224,0,1,0.55,-2735.10,1.2627
225,0,1,0.55,-2771.96,1.1852
226,1,1,0.55,-2770.90,1.2407
227,1,1,0.56,-2767.82,1.2241
228,1,1,0.56,-2804.36,1.2936
229,0,1,0.55,-2865.62,1.3227
230,1,1,0.56,-2908.01,1.3628
231,1,1,0.56,-2881.84,1.3246
232,0,1,0.56,-2919.40,1.2541
233,1,1,0.56,-2904.55,1.2948
234,1,1,0.56,-2865.45,1.2282
235,0,1,0.56,-2897.76,1.2392
236,0,1,0.56,-2928.61,1.2078
237,1,1,0.56,-2894.75,1.2307
238,0,1,0.55,-2944.11,1.2544
239,0,1,0.55,-3003.13,1.3051
240,1,1,0.55,-3016.97,1.3082
241,1,1,0.56,-3037.14,1.2388
242,0,1,0.55,-3090.31,1.2584
243,1,1,0.56,-3111.43,1.2707
244,1,1,0.56,-3082.18,1.3073
245,1,1,0.56,-3064.06,1.1809
246,0,1,0.56,-3116.49,1.2412
247,0,1,0.55,-3169.21,1.3036
248,0,1,0.55,-3205.67,1.2572
249,1,1,0.55,-3171.51,1.2227
250,0,1,0.55,-3176.68,1.2080
251,1,1,0.55,-3149.00,1.2931
252,1,1,0.56,-3148.98,1.2479
253,1,1,0.56,-3131.59,1.2429
254,0,1,0.56,-3183.95,1.2929
255,0,1,0.55,-3242.56,1.2643
256,0,1,0.55,-3293.15,1.3623
257,0,1,0.55,-3353.26,1.3701
258,1,1,0.55,-3339.87,1.3254
259,1,1,0.55,-3319.87,1.3207
260,0,1,0.55,-3382.03,1.3993
261,0,1,0.55,-3422.33,1.3164
262,1,1,0.55,-3462.65,1.3365
263,1,1,0.55,-3456.30,1.3512
264,0,1,0.55,-3514.96,1.3915
265,0,1,0.55,-3566.72,1.3850
266,1,1,0.55,-3557.18,1.3872
267,1,1,0.55,-3544.87,1.3345
268,0,1,0.55,-3554.91,1.1767
269,0,1,0.55,-3615.92,1.2676
270,0,1,0.54,-3666.45,1.3357
271,1,1,0.55,-3644.72,1.2924
272,0,1,0.54,-3647.42,1.2956
273,0,1,0.54,-3698.99,1.2910
274,0,1,0.54,-3757.00,1.3298
275,0,1,0.54,-3803.63,1.4114
276,1,1,0.54,-3797.37,1.3519
277,1,1,0.54,-3787.53,1.2879
278,0,1,0.54,-3829.50,1.2635
279,0,1,0.54,-3888.71,1.3500
280,1,1,0.54,-3850.52,1.2387
281,0,1,0.54,-3901.88,1.2969
282,0,1,0.54,-3947.55,1.3091
283,1,1,0.54,-3922.72,1.2536
284,1,1,0.54,-3911.37,1.2139
285,1,1,0.54,-3909.82,1.2459
286,1,1,0.54,-3898.85,1.2682
287,0,1,0.54,-3952.62,1.2668
288,1,1,0.54,-3938.98,1.3015
289,0,1,0.54,-3991.81,1.2252
290,0,1,0.54,-4044.44,1.3444
291,0,1,0.54,-4099.01,1.4752
292,1,1,0.54,-4114.77,1.3545
293,1,1,0.54,-4120.29,1.3443
294,1,1,0.54,-4097.25,1.2811
295,0,1,0.54,-4158.76,1.2933
296,0,1,0.54,-4210.55,1.4001
297,0,1,0.54,-4258.85,1.4002
298,1,1,0.54,-4246.06,1.4457
299,1,1,0.54,-4238.95,1.3777
300,1,1,0.54,-4221.46,1.2693
301,1,1,0.54,-4210.58,1.3566
302,1,1,0.54,-4182.39,1.3268
303,0,1,0.54,-4231.46,1.3178
304,0,1,0.54,-4291.62,1.3970
305,1,1,0.54,-4297.34,1.3701
306,0,1,0.54,-4356.90,1.3907
307,0,1,0.54,-4415.51,1.5236
308,0,1,0.54,-4476.57,1.5737
309,0,1,0.53,-4524.97,1.5724
310,0,1,0.53,-4574.13,1.5707
311,0,1,0.53,-4615.51,1.5151
312,0,1,0.53,-4630.70,1.4211
313,1,1,0.53,-4605.96,1.2884
314,0,1,0.53,-4658.93,1.3855
315,0,1,0.53,-4676.49,1.3090
316,1,1,0.53,-4656.51,1.2654
317,0,1,0.53,-4683.99,1.2800
318,0,1,0.53,-4735.42,1.3263
319,1,1,0.53,-4726.65,1.3551
320,1,1,0.53,-4712.50,1.2760
321,0,1,0.53,-4764.72,1.2940
322,0,1,0.52,-4823.09,1.3041
323,0,1,0.52,-4881.15,1.4256
324,1,1,0.52,-4886.67,1.4511
325,0,1,0.52,-4936.18,1.5052
326,1,1,0.52,-4918.54,1.4178
327,0,1,0.52,-4949.54,1.3000
328,0,1,0.52,-5008.01,1.4040
329,1,1,0.52,-5018.30,1.3588
330,1,1,0.52,-5005.08,1.3403
331,1,1,0.53,-4989.76,1.2522
332,0,1,0.52,-5047.47,1.3412
333,0,1,0.52,-5108.98,1.3872
334,1,1,0.52,-5102.82,1.4191
335,1,1,0.53,-5092.40,1.4161
336,1,1,0.53,-5058.18,1.2387
337,0,1,0.53,-5113.85,1.3381
338,0,1,0.52,-5177.16,1.3951
339,1,1,0.53,-5191.22,1.3819
340,0,1,0.52,-5250.33,1.4469
341,1,1,0.52,-5245.32,1.4288
342,0,1,0.52,-5289.63,1.4025
343,1,1,0.52,-5260.98,1.3705
344,1,1,0.53,-5252.19,1.3604
345,1,1,0.53,-5222.67,1.3288
346,1,1,0.53,-5216.31,1.3517
347,1,1,0.53,-5182.56,1.2698
348,0,1,0.53,-5236.03,1.3581
349,0,1,0.53,-5295.84,1.4082
350,0,1,0.53,-5345.38,1.4198
351,1,1,0.53,-5357.19,1.3358
352,0,1,0.53,-5384.33,1.3414
353,0,1,0.52,-5424.02,1.3379
354,1,1,0.53,-5404.91,1.3112
355,0,1,0.52,-5448.89,1.3183
356,0,1,0.52,-5497.90,1.3310
357,0,1,0.52,-5526.84,1.3272
358,1,1,0.52,-5526.89,1.2720
359,1,1,0.52,-5521.50,1.2841
360,1,1,0.53,-5552.28,1.3375
361,1,1,0.53,-5516.98,1.3481
362,1,1,0.53,-5518.25,1.2839
363,0,1,0.53,-5574.07,1.4493
364,1,1,0.53,-5559.88,1.3385
365,1,1,0.53,-5526.94,1.3335
366,0,1,0.53,-5576.70,1.3173
367,0,1,0.53,-5637.11,1.4053
368,1,1,0.53,-5618.51,1.3616
369,0,1,0.53,-5645.14,1.3150
370,1,1,0.53,-5639.43,1.3223
371,0,1,0.53,-5642.86,1.3756
372,1,1,0.53,-5624.98,1.3363
373,1,1,0.53,-5630.50,1.2975
374,0,1,0.53,-5649.42,1.2819
375,1,1,0.53,-5614.64,1.2631
376,1,1,0.53,-5589.04,1.3184
377,1,1,0.53,-5552.65,1.3048
378,1,1,0.53,-5588.72,1.3347
379,0,1,0.53,-5638.73,1.3780
380,0,1,0.53,-5693.46,1.4385
381,1,1,0.53,-5675.17,1.3404
382,1,1,0.53,-5652.98,1.3868
383,1,1,0.53,-5620.16,1.2523
384,1,1,0.53,-5601.77,1.2391
385,1,1,0.54,-5582.68,1.2557
386,1,1,0.54,-5564.30,1.2705
387,0,1,0.53,-5613.96,1.2960
388,0,1,0.53,-5634.35,1.2618
389,1,1,0.53,-5627.66,1.2775
390,0,1,0.53,-5669.64,1.2909
391,0,1,0.53,-5715.48,1.3463
392,0,1,0.53,-5733.43,1.2953
393,1,1,0.53,-5705.14,1.2976
394,0,1,0.53,-5751.82,1.3488
395,1,1,0.53,-5733.33,1.3329
396,0,1,0.53,-5782.59,1.2994
397,1,1,0.53,-5775.70,1.3558
398,0,1,0.53,-5817.48,1.3002
399,0,1,0.53,-5872.79,1.3598
400,0,1,0.53,-5908.75,1.3561
401,1,1,0.53,-5933.94,1.3093
402,1,1,0.53,-5939.47,1.2953
403,1,1,0.53,-5909.84,1.3346
404,0,1,0.53,-5964.51,1.2965
405,1,1,0.53,-5945.57,1.2831
406,1,1,0.53,-5919.56,1.2765
407,1,1,0.53,-5889.20,1.2946
408,0,1,0.53,-5944.67,1.3223
409,1,1,0.53,-5934.73,1.2752
410,1,1,0.53,-5918.43,1.2884
411,1,1,0.54,-5906.04,1.3355
412,1,1,0.54,-5893.89,1.1857
413,1,1,0.54,-5859.38,1.2638
414,1,1,0.54,-5845.70,1.2242
415,0,1,0.54,-5894.71,1.2939
416,0,1,0.54,-5944.68,1.3076
417,1,1,0.54,-5912.36,1.2262
418,0,1,0.54,-5959.32,1.2919
419,1,1,0.54,-5953.29,1.2830
420,1,1,0.54,-5936.20,1.2687
421,1,1,0.54,-5913.81,1.2729
422,0,1,0.54,-5936.97,1.2839
423,0,1,0.54,-5983.06,1.3138
424,0,1,0.54,-5993.60,1.3080
425,1,1,0.54,-5994.87,1.3109
426,0,1,0.54,-6051.89,1.3854
427,0,1,0.53,-6091.74,1.3661
428,1,1,0.54,-6097.26,1.3146
429,1,1,0.54,-6077.52,1.2442
430,0,1,0.53,-6135.83,1.3329
431,1,1,0.54,-6125.56,1.3874
432,1,1,0.54,-6112.10,1.2999
433,1,1,0.54,-6100.76,1.3074
434,0,1,0.54,-6160.52,1.3434
435,0,1,0.54,-6211.75,1.3668
436,1,1,0.54,-6189.66,1.3775
437,0,1,0.54,-6220.77,1.2835
438,1,1,0.54,-6209.15,1.2475
439,1,1,0.54,-6201.51,1.3127
440,0,1,0.54,-6239.59,1.3371
441,0,1,0.54,-6275.13,1.3321
442,0,1,0.53,-6338.49,1.3616
443,0,1,0.53,-6367.53,1.3526
444,0,1,0.53,-6425.55,1.3525
445,0,1,0.53,-6474.07,1.3903
446,1,1,0.53,-6453.63,1.4032
447,1,1,0.53,-6429.14,1.3387
448,0,1,0.53,-6481.40,1.3068
449,1,1,0.53,-6476.31,1.2871
450,1,1,0.53,-6440.04,1.2877
451,1,1,0.53,-6453.77,1.2895
452,0,1,0.53,-6472.24,1.3172
453,0,1,0.53,-6529.65,1.3504
454,1,1,0.53,-6502.14,1.2690
455,1,1,0.53,-6453.49,1.2515
456,0,1,0.53,-6510.76,1.2905
457,0,1,0.53,-6545.55,1.3046
458,1,1,0.53,-6521.65,1.2287
459,1,1,0.53,-6507.50,1.2757
460,1,1,0.53,-6492.96,1.1972
461,0,1,0.53,-6506.90,1.2947
462,0,1,0.53,-6559.72,1.3338
463,0,1,0.53,-6612.67,1.3051
464,1,1,0.53,-6558.51,1.2494
465,1,1,0.53,-6562.21,1.2956
466,1,1,0.53,-6556.50,1.2407
467,1,1,0.54,-6542.82,1.2706
468,1,1,0.54,-6572.32,1.2511
469,1,1,0.54,-6557.93,1.2375
470,0,1,0.54,-6607.94,1.3773
471,1,1,0.54,-6586.76,1.2362
472,0,1,0.54,-6625.88,1.2737
473,0,1,0.53,-6670.34,1.2463
474,0,1,0.53,-6721.58,1.2738
475,1,1,0.53,-6694.85,1.2323
476,1,1,0.54,-6700.37,1.2755
477,1,1,0.54,-6663.62,1.2326
478,0,1,0.54,-6665.41,1.1899
479,0,1,0.53,-6720.59,1.3043
480,1,1,0.54,-6692.77,1.2694
481,1,1,0.54,-6689.55,1.2420
482,1,1,0.54,-6671.86,1.2511
483,0,1,0.54,-6714.87,1.3066
484,1,1,0.54,-6691.68,1.2306
485,0,1,0.54,-6723.36,1.2188
486,1,1,0.54,-6706.54,1.3123
487,0,1,0.54,-6766.10,1.3405
488,0,1,0.53,-6825.31,1.4532
489,1,1,0.54,-6804.57,1.3207
490,0,1,0.53,-6848.23,1.2875
491,1,1,0.54,-6844.84,1.2549
492,1,1,0.54,-6833.50,1.3045
493,1,1,0.54,-6816.25,1.2478
494,0,1,0.54,-6839.16,1.1913
495,1,1,0.54,-6818.97,1.2307
496,0,1,0.54,-6877.48,1.3134
497,1,1,0.54,-6863.80,1.3245
498,0,1,0.54,-6898.93,1.2377
499,0,1,0.54,-6963.69,1.3320
500,0,1,0.53,-6972.66,1.3425
501,1,1,0.53,-6995.82,1.2430
502,0,1,0.53,-7037.50,1.2596
503,1,1,0.53,-7020.65,1.2035
504,0,1,0.53,-7078.37,1.2723
505,0,1,0.53,-7121.03,1.3497
506,1,1,0.53,-7093.43,1.2141
507,1,1,0.53,-7050.10,1.2207
508,1,1,0.54,-7063.34,1.3167
509,1,1,0.54,-7054.09,1.2645
510,1,1,0.54,-7032.06,1.3116
511,0,1,0.54,-7090.57,1.2785
512,1,1,0.54,-7082.98,1.2530
513,1,1,0.54,-7053.67,1.2137
514,0,1,0.54,-7097.46,1.2268
515,1,1,0.54,-7082.11,1.2422
516,1,1,0.54,-7049.50,1.2457
517,0,1,0.54,-7108.51,1.2519
518,1,1,0.54,-7090.69,1.1890
519,1,1,0.54,-7069.50,1.2626
520,1,1,0.54,-7075.02,1.2079
521,1,1,0.54,-7057.17,1.2256
522,0,1,0.54,-7055.79,1.2765
523,1,1,0.54,-7035.65,1.2356
524,1,1,0.54,-7018.41,1.2197
525,0,1,0.54,-7064.91,1.3507
526,0,1,0.54,-7108.67,1.3028
527,0,1,0.54,-7160.12,1.3153
528,0,1,0.54,-7201.74,1.3039
529,0,1,0.54,-7233.61,1.2499
530,1,1,0.54,-7222.50,1.2419
531,0,1,0.54,-7277.34,1.2291
532,0,1,0.54,-7325.15,1.2656
533,1,1,0.54,-7319.44,1.2507
534,1,1,0.54,-7309.02,1.3279
535,0,1,0.54,-7362.38,1.2657
536,1,1,0.54,-7317.00,1.2546
537,1,1,0.54,-7293.61,1.2462
538,1,1,0.54,-7290.97,1.2063
539,1,1,0.54,-7256.57,1.1840
540,1,1,0.54,-7214.69,1.1994
541,1,1,0.54,-7193.99,1.2150
542,1,1,0.54,-7172.85,1.1960
543,0,1,0.54,-7220.12,1.2807
544,1,1,0.54,-7221.15,1.2242
545,0,1,0.54,-7247.84,1.1604
546,0,1,0.54,-7286.51,1.2596
547,0,1,0.54,-7342.14,1.3377
548,0,1,0.54,-7398.31,1.3518
549,0,1,0.54,-7456.72,1.4173
550,1,1,0.54,-7436.10,1.3082
551,1,1,0.54,-7417.41,1.3207
552,1,1,0.54,-7397.68,1.1563
553,1,1,0.54,-7351.01,1.2920
554,1,1,0.54,-7345.31,1.1924
555,0,1,0.54,-7383.23,1.2242
556,1,1,0.54,-7359.55,1.2159
557,0,1,0.54,-7420.56,1.3262
558,0,1,0.54,-7460.97,1.2709
559,1,1,0.54,-7501.76,1.3094
560,0,1,0.54,-7552.22,1.3435
561,1,1,0.54,-7557.75,1.3266
562,1,1,0.54,-7540.91,1.2256
563,0,1,0.54,-7587.90,1.3316
564,1,1,0.54,-7624.58,1.3255
565,1,1,0.54,-7623.93,1.2488
566,1,1,0.54,-7588.43,1.2532
567,0,1,0.54,-7645.10,1.3463
568,1,1,0.54,-7621.60,1.2335
569,1,1,0.54,-7608.62,1.2852
570,1,1,0.54,-7600.39,1.2512
571,1,1,0.54,-7586.24,1.2147
572,1,1,0.55,-7556.32,1.1559
573,1,1,0.55,-7572.80,1.2828
574,1,1,0.55,-7541.76,1.2349
575,0,1,0.55,-7557.41,1.2480
576,1,1,0.55,-7543.89,1.2158
577,1,1,0.55,-7526.39,1.1984
578,1,1,0.55,-7488.28,1.2073
579,1,1,0.55,-7493.80,1.2464
580,0,1,0.55,-7527.90,1.2926
581,0,1,0.55,-7585.01,1.3263
582,0,1,0.55,-7640.28,1.3496
583,0,1,0.55,-7686.98,1.3943
584,0,1,0.54,-7733.76,1.4182
585,0,1,0.54,-7775.60,1.4535
586,0,1,0.54,-7834.95,1.4733
587,1,1,0.54,-7820.06,1.3693
588,1,1,0.54,-7803.12,1.2905
589,1,1,0.54,-7778.86,1.3455
590,0,1,0.54,-7837.47,1.4139
591,1,1,0.54,-7810.90,1.2729
592,0,1,0.54,-7859.36,1.3286
593,1,1,0.54,-7876.43,1.3017
594,0,1,0.54,-7912.74,1.2902
595,1,1,0.54,-7900.22,1.2491
596,0,1,0.54,-7956.68,1.3483
597,0,1,0.54,-8012.36,1.4767
598,0,1,0.54,-8072.25,1.4993
599,1,1,0.54,-8105.46,1.4981
600,1,1,0.54,-8098.91,1.3434
601,1,1,0.54,-8073.51,1.3567
602,1,1,0.54,-8062.65,1.3148
603,0,1,0.54,-8108.17,1.2500
604,1,1,0.54,-8099.32,1.3099
605,1,1,0.55,-8088.18,1.3237
606,1,1,0.55,-8064.30,1.2654
607,0,1,0.55,-8126.96,1.3800
608,0,1,0.54,-8178.14,1.4709
609,0,1,0.54,-8230.61,1.4629
610,1,1,0.54,-8238.82,1.4452
611,1,1,0.55,-8224.33,1.3554
612,1,1,0.55,-8200.00,1.2621
613,0,1,0.54,-8242.05,1.2947
614,0,1,0.54,-8282.04,1.3709
615,1,1,0.54,-8311.86,1.3620
616,1,1,0.55,-8281.79,1.2389
617,1,1,0.55,-8276.13,1.2220
618,1,1,0.55,-8238.84,1.2780
619,0,1,0.55,-8298.26,1.3698
620,0,1,0.55,-8319.45,1.3239
621,0,1,0.54,-8379.67,1.3813
622,1,1,0.55,-8358.82,1.3553
623,0,1,0.54,-8411.50,1.2862
624,1,1,0.54,-8405.34,1.3576
625,0,1,0.54,-8441.39,1.3386
626,1,1,0.54,-8435.68,1.2815
627,1,1,0.55,-8397.28,1.2441
628,1,1,0.55,-8364.55,1.3036
629,0,1,0.55,-8419.23,1.3448
630,1,1,0.55,-8399.66,1.2823
631,1,1,0.55,-8412.99,1.3649
632,1,1,0.55,-8386.81,1.2161
633,0,1,0.55,-8437.06,1.2547
634,1,1,0.55,-8410.95,1.2219
635,1,1,0.55,-8405.29,1.2241
636,1,1,0.55,-8398.18,1.2226
637,0,1,0.55,-8453.45,1.3102
638,1,1,0.55,-8440.45,1.2026
639,0,1,0.55,-8482.78,1.3253
640,1,1,0.55,-8457.02,1.2389
641,1,1,0.55,-8426.27,1.2877
642,0,1,0.55,-8481.68,1.3155
643,1,1,0.55,-8474.79,1.3901
644,1,1,0.55,-8461.80,1.3501
645,0,1,0.55,-8501.14,1.2835
646,1,1,0.55,-8474.21,1.2057
647,0,1,0.55,-8534.37,1.2528
648,0,1,0.55,-8582.63,1.3789
649,1,1,0.55,-8558.26,1.2953
650,1,1,0.55,-8510.77,1.2264
651,1,1,0.55,-8471.39,1.2944
652,1,1,0.55,-8457.55,1.2852
653,0,1,0.55,-8513.67,1.3426
654,1,1,0.55,-8514.94,1.2980
655,1,1,0.55,-8509.23,1.3677
656,1,1,0.55,-8479.76,1.3144
657,1,1,0.55,-8467.19,1.2134
658,0,1,0.55,-8529.95,1.3493
659,0,1,0.55,-8571.02,1.3723
660,1,1,0.55,-8544.01,1.2903
661,1,1,0.55,-8533.84,1.2764
662,1,1,0.55,-8519.37,1.2398
663,1,1,0.55,-8504.28,1.2890
664,1,1,0.55,-8487.74,1.2525
665,1,1,0.55,-8442.03,1.2186
666,0,1,0.55,-8469.17,1.2455
667,0,1,0.55,-8519.67,1.2974
668,1,1,0.55,-8469.90,1.2471
669,1,1,0.55,-8458.79,1.2891
670,1,1,0.56,-8414.91,1.2757
671,1,1,0.56,-8392.38,1.2912
672,0,1,0.56,-8428.12,1.2949
673,0,1,0.55,-8474.43,1.2688
674,0,1,0.55,-8529.76,1.3601
675,0,1,0.55,-8571.40,1.4117
676,1,1,0.55,-8547.66,1.3171
677,1,1,0.55,-8534.69,1.3393
678,1,1,0.55,-8489.89,1.2662
679,1,1,0.56,-8439.32,1.2304
680,1,1,0.56,-8398.90,1.2743
681,0,1,0.56,-8449.68,1.3385
682,0,1,0.55,-8506.85,1.3827
683,1,1,0.55,-8501.59,1.3646
684,1,1,0.56,-8473.27,1.2723
685,1,1,0.56,-8457.92,1.2596
686,0,1,0.56,-8521.38,1.3014
687,0,1,0.55,-8558.37,1.3374
688,1,1,0.56,-8542.94,1.2678
689,0,1,0.55,-8594.90,1.3482
690,1,1,0.56,-8574.47,1.2868
691,1,1,0.56,-8555.92,1.2473
692,0,1,0.55,-8585.25,1.2836
693,0,1,0.55,-8646.15,1.3888
694,1,1,0.55,-8635.04,1.3211
695,1,1,0.56,-8622.52,1.2612
696,0,1,0.55,-8672.43,1.3337
697,0,1,0.55,-8714.57,1.3383
698,1,1,0.55,-8709.25,1.3767
699,0,1,0.55,-8751.33,1.3270
700,1,1,0.55,-8758.06,1.2770
701,1,1,0.55,-8750.47,1.3118
702,1,1,0.56,-8728.08,1.2502
703,1,1,0.56,-8730.75,1.3170
704,1,1,0.56,-8703.02,1.2371
705,0,1,0.56,-8763.48,1.2759
706,1,1,0.56,-8737.39,1.2669
707,1,1,0.56,-8721.09,1.2879
708,0,1,0.56,-8753.22,1.3122
709,1,1,0.56,-8737.20,1.2738
710,1,1,0.56,-8713.31,1.1882
711,1,1,0.56,-8689.08,1.2809
712,1,1,0.56,-8667.13,1.2658
713,1,1,0.56,-8655.55,1.1872
714,1,1,0.56,-8612.23,1.3139
715,1,1,0.56,-8602.98,1.3092
716,0,1,0.56,-8646.99,1.2762
717,1,1,0.56,-8626.10,1.2408
718,0,1,0.56,-8667.75,1.2697
719,1,1,0.56,-8651.16,1.3058
720,1,1,0.56,-8633.06,1.2419
721,1,1,0.56,-8612.87,1.1846
722,1,1,0.56,-8583.25,1.2481
723,1,1,0.56,-8612.22,1.2094
724,1,1,0.56,-8587.83,1.2533
725,0,1,0.56,-8642.11,1.2290
726,1,1,0.56,-8624.26,1.2695
727,0,1,0.56,-8682.57,1.3079
728,1,1,0.56,-8672.60,1.2854
729,0,1,0.56,-8728.11,1.3621
730,1,1,0.56,-8709.12,1.2943
731,1,1,0.56,-8698.33,1.2311
732,0,1,0.56,-8737.67,1.3425
733,0,1,0.56,-8779.06,1.2975
734,1,1,0.56,-8764.21,1.2412
735,1,1,0.56,-8712.11,1.2710
736,1,1,0.56,-8696.48,1.2348
737,0,1,0.56,-8749.00,1.3105
738,1,1,0.56,-8726.31,1.2393
739,1,1,0.56,-8692.63,1.2762
740,1,1,0.56,-8648.50,1.2641
741,1,1,0.57,-8635.98,1.2108
742,1,1,0.57,-8630.28,1.2406
743,1,1,0.57,-8598.65,1.2293
744,1,1,0.57,-8567.81,1.2174
745,1,1,0.57,-8537.20,1.2843
746,1,1,0.57,-8515.77,1.3494
747,1,1,0.57,-8480.41,1.1328
748,1,1,0.57,-8451.36,1.2373
749,1,1,0.57,-8423.89,1.2128
750,1,1,0.57,-8384.25,1.2074
751,1,1,0.57,-8347.23,1.2568
752,0,1,0.57,-8376.67,1.2658
753,1,1,0.57,-8367.42,1.2318
754,0,1,0.57,-8413.92,1.3061
755,1,1,0.57,-8403.50,1.3061
756,1,1,0.57,-8365.38,1.3326
757,1,1,0.57,-8353.56,1.3081
758,1,1,0.57,-8327.38,1.2641
759,1,1,0.57,-8305.34,1.2590
760,1,1,0.57,-8293.43,1.2189
761,1,1,0.57,-8275.39,1.1951
762,1,1,0.57,-8250.94,1.1692
763,1,1,0.58,-8205.43,1.2543
764,1,1,0.58,-8176.38,1.2106
765,0,1,0.58,-8232.95,1.2929
766,1,1,0.58,-8209.03,1.2714
767,1,1,0.58,-8187.89,1.3646
768,1,1,0.58,-8168.90,1.2182
769,1,1,0.58,-8144.29,1.2184
770,1,1,0.58,-8115.52,1.2076
771,1,1,0.58,-8107.45,1.2240
772,1,1,0.58,-8099.86,1.2146
773,1,1,0.58,-8054.61,1.2709
774,0,1,0.58,-8102.87,1.2946
775,1,1,0.58,-8097.30,1.2483
776,1,1,0.58,-8079.51,1.2775
777,1,1,0.58,-8045.70,1.2570
778,1,1,0.58,-8017.94,1.1852
779,1,1,0.58,-8001.85,1.2751
780,0,1,0.58,-8061.81,1.2820
781,1,1,0.58,-8047.32,1.2580
782,1,1,0.58,-8025.63,1.2426
783,1,1,0.58,-7996.15,1.2356
784,1,1,0.58,-7955.91,1.2642
785,1,1,0.58,-7922.84,1.1586
786,1,1,0.58,-7914.55,1.2211
787,1,1,0.58,-7901.42,1.2486
788,1,1,0.59,-7861.50,1.2576
789,0,1,0.58,-7903.97,1.3270
790,1,1,0.58,-7873.06,1.3129
791,1,1,0.59,-7850.66,1.1541
792,1,1,0.59,-7812.50,1.2382
793,0,1,0.59,-7858.37,1.3127
794,1,1,0.59,-7835.52,1.2230
795,0,1,0.58,-7890.10,1.2949
796,1,1,0.59,-7870.06,1.2520
797,1,1,0.59,-7830.95,1.2383
798,1,1,0.59,-7795.33,1.2361
799,0,1,0.59,-7849.90,1.2511
800,1,1,0.59,-7808.26,1.1800
801,1,1,0.59,-7783.59,1.2268
802,1,1,0.59,-7776.70,1.2556
803,1,1,0.59,-7759.68,1.2357
804,1,1,0.59,-7730.41,1.1556
805,1,1,0.59,-7706.98,1.2414
806,1,1,0.59,-7690.72,1.2744
807,1,1,0.59,-7660.76,1.1889
808,1,1,0.59,-7637.35,1.2485
809,1,1,0.59,-7602.18,1.2104
810,0,1,0.59,-7639.63,1.2701
811,1,1,0.59,-7637.77,1.2191
812,1,1,0.59,-7615.79,1.2319
813,1,1,0.59,-7597.79,1.2930
814,1,1,0.59,-7568.66,1.2281
815,1,1,0.59,-7551.61,1.2290
816,1,1,0.59,-7528.84,1.2047
817,1,1,0.59,-7505.05,1.2703
818,1,1,0.59,-7483.86,1.1505
819,1,1,0.59,-7478.15,1.1939
820,1,1,0.60,-7444.13,1.1542
821,1,1,0.60,-7428.04,1.2136
822,1,1,0.60,-7411.01,1.2014
823,1,1,0.60,-7405.30,1.1891
824,1,1,0.60,-7389.27,1.1235
825,1,1,0.60,-7373.83,1.2531
826,1,1,0.60,-7340.16,1.2347
827,1,1,0.60,-7322.92,1.2158
828,1,1,0.60,-7303.83,1.2239
829,1,1,0.60,-7281.69,1.1277
830,1,1,0.60,-7249.52,1.1826
831,1,1,0.60,-7244.41,1.2294
832,1,1,0.60,-7227.02,1.2029
833,1,1,0.60,-7208.28,1.1721
834,1,1,0.60,-7149.46,1.2260
835,1,1,0.60,-7119.90,1.1964
836,1,1,0.60,-7080.88,1.1812
837,1,1,0.60,-7065.70,1.1790
838,1,1,0.60,-7042.97,1.1944
839,1,1,0.60,-7029.18,1.1372
840,1,1,0.60,-6977.28,1.1301
841,1,1,0.61,-6956.99,1.1526
842,1,1,0.61,-6940.20,1.1438
843,1,1,0.61,-6909.93,1.1834
844,1,1,0.61,-6903.05,1.1850
845,1,1,0.61,-6886.73,1.1547
846,1,1,0.61,-6857.72,1.2513
847,1,1,0.61,-6818.10,1.2141
848,1,1,0.61,-6782.08,1.1971
849,1,1,0.61,-6768.67,1.1224
850,1,1,0.61,-6732.43,1.1142
851,1,1,0.61,-6687.51,1.2053
852,1,1,0.61,-6651.35,1.1802
853,1,1,0.61,-6610.67,1.1277
854,1,1,0.61,-6602.60,1.2044
855,1,1,0.61,-6575.89,1.2041
856,1,1,0.61,-6615.32,1.2310
857,1,1,0.61,-6595.23,1.2216
858,1,1,0.61,-6562.25,1.1674
859,1,1,0.61,-6547.32,1.1788
860,1,1,0.61,-6534.75,1.2032
861,0,1,0.61,-6588.58,1.3504
862,1,1,0.61,-6561.07,1.1175
863,1,1,0.61,-6529.21,1.1569
864,1,1,0.61,-6475.99,1.2427
865,1,1,0.62,-6456.05,1.2545
866,1,1,0.62,-6434.95,1.1604
867,1,1,0.62,-6413.52,1.1642
868,1,1,0.62,-6407.82,1.1799
869,1,1,0.62,-6376.25,1.1650
870,1,1,0.62,-6340.47,1.2185
871,1,1,0.62,-6297.56,1.1780
872,1,1,0.62,-6263.15,1.1439
873,1,1,0.62,-6221.20,1.1897
874,1,1,0.62,-6205.11,1.1422
875,1,1,0.62,-6176.59,1.1895
876,1,1,0.62,-6167.15,1.1971
877,1,1,0.62,-6150.06,1.2265
878,1,1,0.62,-6107.87,1.2266
879,1,1,0.62,-6072.58,1.2011
880,1,1,0.62,-6054.64,1.1942
881,1,1,0.62,-6048.93,1.1917
882,1,1,0.62,-6025.19,1.1891
883,1,1,0.62,-6002.60,1.1945
884,1,1,0.62,-5996.94,1.1541
885,1,1,0.62,-5979.90,1.1389
886,1,1,0.62,-5960.20,1.2316
887,0,1,0.62,-6011.44,1.2519
888,1,1,0.62,-5974.03,1.1453
889,1,1,0.62,-5938.40,1.2501
890,1,1,0.62,-5913.07,1.2007
891,1,1,0.63,-5888.56,1.1904
892,1,1,0.63,-5864.45,1.1562
893,1,1,0.63,-5850.02,1.2447
894,1,1,0.63,-5797.88,1.2337
895,1,1,0.63,-5774.51,1.1738
896,1,1,0.63,-5752.42,1.1327
897,1,1,0.63,-5724.91,1.1645
898,1,1,0.63,-5717.80,1.1707
899,1,1,0.63,-5667.62,1.1836
900,1,1,0.63,-5651.19,1.2220
901,1,1,0.63,-5636.22,1.1859
902,1,1,0.63,-5606.30,1.2466
903,1,1,0.63,-5589.41,1.2245
904,1,1,0.63,-5567.41,1.1415
905,1,1,0.63,-5545.78,1.1732
906,1,1,0.63,-5533.03,1.1862
907,1,1,0.63,-5510.00,1.1424
908,1,1,0.63,-5461.21,1.1800
909,1,1,0.63,-5455.12,1.2359
910,1,1,0.63,-5439.77,1.1749
911,1,1,0.63,-5395.84,1.1598
912,1,1,0.63,-5368.86,1.1735
913,1,1,0.63,-5336.46,1.2178
914,1,1,0.63,-5312.03,1.1564
915,1,1,0.63,-5253.40,1.1746
916,0,1,0.63,-5281.82,1.1966
917,1,1,0.63,-5274.93,1.2856
918,1,1,0.64,-5261.01,1.1780
919,1,1,0.64,-5243.17,1.1576
920,1,1,0.64,-5205.85,1.0869
921,1,1,0.64,-5184.64,1.2485
922,0,1,0.64,-5230.47,1.3252
923,1,1,0.64,-5206.56,1.1744
924,1,1,0.64,-5169.44,1.2145
925,1,1,0.64,-5143.14,1.0952
926,1,1,0.64,-5105.53,1.1925
927,1,1,0.64,-5083.39,1.1050
928,1,1,0.64,-5069.31,1.1650
929,1,1,0.64,-5047.16,1.1593
930,1,1,0.64,-5012.00,1.1929
931,1,1,0.64,-4998.23,1.1550
932,1,1,0.64,-4969.46,1.2043
933,1,1,0.64,-4950.12,1.2715
934,1,1,0.64,-4931.69,1.1794
935,1,1,0.64,-4898.17,1.1137
936,1,1,0.64,-4850.09,1.1544
937,1,1,0.64,-4819.01,1.1136
938,1,1,0.64,-4783.04,1.1790
939,1,1,0.64,-4768.76,1.1764
940,1,1,0.64,-4747.83,1.1546
941,1,1,0.64,-4713.02,1.1606
942,1,1,0.64,-4685.93,1.2299
943,1,1,0.64,-4686.45,1.2198
944,1,1,0.64,-4658.92,1.2292
945,1,1,0.64,-4626.76,1.1167
946,1,1,0.64,-4586.69,1.1494
947,1,1,0.65,-4577.92,1.2069
948,1,1,0.65,-4554.23,1.1006
949,1,1,0.65,-4530.76,1.2041
950,1,1,0.65,-4492.25,1.1778
951,1,1,0.65,-4464.99,1.1125
952,1,1,0.65,-4441.62,1.1931
953,1,1,0.65,-4399.66,1.1855
954,1,1,0.65,-4380.17,1.2169
955,1,1,0.65,-4348.50,1.1834
956,1,1,0.65,-4342.84,1.1411
957,1,1,0.65,-4294.34,1.2742
958,1,1,0.65,-4258.85,1.2038
959,1,1,0.65,-4268.20,1.2066
960,1,1,0.65,-4248.30,1.1552
961,0,1,0.65,-4303.57,1.2337
962,1,1,0.65,-4270.85,1.0805
963,1,1,0.65,-4272.46,1.2428
964,1,1,0.65,-4265.57,1.1393
965,1,1,0.65,-4252.26,1.2488
966,1,1,0.65,-4228.73,1.2352
967,1,1,0.65,-4221.14,1.2611
968,1,1,0.65,-4208.85,1.2336
969,1,1,0.65,-4187.21,1.2257
970,1,1,0.65,-4164.57,1.1308
971,1,1,0.65,-4158.91,1.1949
972,1,1,0.65,-4129.69,1.1641
973,1,1,0.65,-4089.26,1.1599
974,1,1,0.65,-4070.91,1.1277
975,1,1,0.65,-4025.09,1.1983
976,1,1,0.65,-3986.32,1.1509
977,1,1,0.66,-3979.53,1.0578
978,1,1,0.66,-3955.04,1.2060
979,1,1,0.66,-3905.37,1.1398
980,1,1,0.66,-3892.15,1.1937
981,1,1,0.66,-3870.82,1.1823
982,1,1,0.66,-3822.15,1.2234
983,1,1,0.66,-3808.88,1.1957
984,1,1,0.66,-3790.20,1.2232
985,1,1,0.66,-3770.95,1.1695
986,1,1,0.66,-3747.92,1.1846
987,1,1,0.66,-3738.93,1.1591
988,1,1,0.66,-3718.85,1.1360
989,1,1,0.66,-3697.10,1.2141
990,1,1,0.66,-3688.08,1.2358
991,1,1,0.66,-3658.72,1.0795
992,1,1,0.66,-3634.25,1.1272
993,1,1,0.66,-3621.26,1.1067
994,1,1,0.66,-3588.54,1.1156
995,1,1,0.66,-3544.15,1.0645
996,1,1,0.66,-3519.64,1.0716
997,1,1,0.66,-3474.45,1.1311
998,1,1,0.66,-3452.12,1.1998
999,1,1,0.66,-3441.01,1.0887
1000,1,1,0.66,-3423.10,1.1636
1001,1,1,0.66,-3405.68,1.1296
1002,1,1,0.66,-3398.57,1.1798
1003,1,1,0.66,-3375.09,1.2439
1004,1,1,0.66,-3363.40,1.1942
1005,1,1,0.66,-3323.84,1.1839
1006,1,1,0.67,-3306.10,1.1989
1007,1,1,0.67,-3283.95,1.2349
1008,1,1,0.67,-3269.10,1.1546
1009,1,1,0.67,-3251.65,1.1564
1010,1,1,0.67,-3221.68,1.1195
1011,1,1,0.67,-3177.51,1.2007
1012,1,1,0.67,-3120.84,1.1955
1013,1,1,0.67,-3096.97,1.2320
1014,1,1,0.67,-3066.29,1.2193
1015,1,1,0.67,-3052.99,1.1644
1016,1,1,0.67,-3020.83,1.1446
1017,1,1,0.67,-2964.95,1.2301
1018,0,1,0.67,-3013.15,1.2275
1019,1,1,0.67,-2934.91,1.1293
1020,1,1,0.67,-2922.02,1.1911
1021,1,1,0.67,-2903.53,1.2279
1022,1,1,0.67,-2880.26,1.1153
1023,1,1,0.67,-2861.47,1.1754
1024,1,1,0.67,-2838.02,1.2200
1025,1,1,0.67,-2821.44,1.1530
1026,1,1,0.67,-2804.34,1.1246
1027,0,1,0.67,-2845.27,1.1841
1028,1,1,0.67,-2832.02,1.1824
1029,1,1,0.67,-2823.95,1.1918
1030,1,1,0.67,-2805.50,1.2630
1031,1,1,0.67,-2769.32,1.1808
1032,1,1,0.67,-2725.76,1.2120
1033,1,1,0.67,-2715.81,1.1209
1034,1,1,0.67,-2701.85,1.1376
1035,1,1,0.67,-2683.60,1.1079
1036,1,1,0.67,-2670.80,1.0994
1037,1,1,0.67,-2624.96,1.1561
1038,1,1,0.67,-2614.31,1.1699
1039,1,1,0.67,-2588.97,1.1438
1040,1,1,0.67,-2565.34,1.1249
1041,1,1,0.67,-2551.37,1.1104
1042,1,1,0.67,-2510.51,1.1218
1043,1,1,0.67,-2491.51,1.1772
1044,1,1,0.68,-2448.43,1.1178
1045,1,1,0.68,-2422.06,1.0765
1046,1,1,0.68,-2401.12,1.1854
1047,1,1,0.68,-2384.78,1.2067
1048,1,1,0.68,-2364.25,1.1224
1049,1,1,0.68,-2343.71,1.1474
1050,1,1,0.68,-2371.24,1.1770
1051,1,1,0.68,-2348.77,1.1728
1052,1,1,0.68,-2335.78,1.0572
1053,1,1,0.68,-2298.12,1.0868
1054,1,1,0.68,-2257.25,1.1403
1055,1,1,0.68,-2237.86,1.2147
1056,1,1,0.68,-2231.45,1.0903
1057,1,1,0.68,-2208.38,1.1426
1058,1,1,0.68,-2197.96,1.1014
1059,1,1,0.68,-2096.45,1.1244
1060,1,1,0.68,-2071.39,1.1747
1061,1,1,0.68,-2042.88,1.0910
1062,1,1,0.68,-2029.69,1.1330
1063,1,1,0.68,-2008.54,1.1791
1064,1,1,0.68,-1991.91,1.1372
1065,1,1,0.68,-1949.84,1.0972
1066,1,1,0.68,-1931.64,1.1112
1067,1,1,0.68,-1911.50,1.1106
1068,1,1,0.68,-1884.93,1.1803
1069,1,1,0.68,-1870.31,1.0672
1070,1,1,0.68,-1842.29,1.0733
1071,1,1,0.68,-1825.90,1.1272
1072,1,1,0.68,-1815.03,1.0983
1073,1,1,0.68,-1785.16,1.0479
1074,1,1,0.68,-1761.55,1.0648
1075,1,1,0.68,-1746.70,1.2125
1076,1,1,0.68,-1721.46,1.1358
1077,1,1,0.69,-1692.30,1.0394
1078,1,1,0.69,-1666.23,1.1161
1079,1,1,0.69,-1646.53,1.1404
1080,1,1,0.69,-1634.49,1.1565
1081,1,1,0.69,-1620.13,1.1361
1082,1,1,0.69,-1594.73,1.1245
1083,1,1,0.69,-1564.76,1.0825
1084,1,1,0.69,-1550.38,1.0334
1085,1,1,0.69,-1525.28,1.0210
1086,1,1,0.69,-1500.50,1.1189
1087,1,1,0.69,-1468.54,1.1047
1088,1,1,0.69,-1441.11,1.0306
1089,1,1,0.69,-1424.71,1.0128
1090,1,1,0.69,-1410.77,1.1031
1091,1,1,0.69,-1438.60,1.2313
1092,1,1,0.69,-1420.90,1.1589
1093,0,1,0.69,-1475.87,1.2957
1094,1,1,0.69,-1458.52,1.1589
1095,1,1,0.69,-1417.73,1.1755
1096,1,1,0.69,-1346.66,1.1136
1097,1,1,0.69,-1288.24,1.0689
1098,1,1,0.69,-1269.11,1.0893
1099,1,1,0.69,-1219.75,1.1087
1100,1,1,0.69,-1197.10,1.0904
1101,1,1,0.69,-1168.39,1.1652
1102,1,1,0.69,-1157.75,1.1262
1103,1,1,0.69,-1137.41,1.0986
1104,1,1,0.69,-1115.67,1.0608
1105,1,1,0.69,-1082.15,1.1322
1106,1,1,0.69,-1046.83,1.1228
1107,1,1,0.69,-1026.33,1.1296
1108,1,1,0.69,-1005.49,1.1805
1109,1,1,0.69,-984.90,1.1410
1110,1,1,0.69,-978.54,1.1595
1111,1,1,0.69,-947.97,1.1192
1112,1,1,0.69,-916.26,1.1199
1113,1,1,0.69,-873.34,1.1332
1114,1,1,0.69,-856.58,1.0697
1115,1,1,0.70,-842.55,1.1448
1116,1,1,0.70,-821.10,1.1149
1117,1,1,0.70,-772.55,1.1110
1118,1,1,0.70,-744.09,1.0608
1119,1,1,0.70,-710.15,1.1730
1120,1,1,0.70,-704.44,1.1827
1121,1,1,0.70,-645.57,1.1587
1122,1,1,0.70,-628.57,1.1201
1123,1,1,0.70,-613.09,1.1755
1124,0,1,0.70,-671.26,1.2975
1125,1,1,0.70,-664.19,1.2141
1126,1,1,0.70,-648.10,1.0942
1127,1,1,0.70,-641.74,1.1282
1128,1,1,0.70,-616.57,1.1499
1129,1,1,0.70,-585.91,1.1094
1130,1,1,0.70,-530.06,1.1183
1131,1,1,0.70,-502.44,1.1242
1132,1,1,0.70,-486.07,1.1204
1133,1,1,0.70,-443.17,1.1547
1134,0,1,0.70,-500.61,1.1861
1135,1,1,0.70,-460.41,1.1873
1136,1,1,0.70,-428.47,1.0898
1137,1,1,0.70,-419.70,1.0647
1138,1,1,0.70,-401.26,1.2169
1139,1,1,0.70,-393.19,1.1644
1140,1,1,0.70,-352.17,1.1745
1141,0,1,0.70,-411.67,1.4522
1142,1,1,0.70,-387.22,1.1703
1143,1,1,0.70,-373.51,1.0893
1144,1,1,0.70,-361.93,1.0069
1145,1,1,0.70,-342.08,1.1363
1146,1,1,0.70,-311.01,1.1141
1147,1,1,0.70,-289.44,1.1002
1148,1,1,0.70,-275.40,1.0809
1149,1,1,0.70,-251.16,1.1269
1150,1,1,0.70,-230.03,1.0529
1151,1,1,0.70,-200.41,1.3182
1152,1,1,0.70,-185.37,1.1555
1153,1,1,0.70,-121.75,1.1352
1154,1,1,0.70,-96.72,1.0820
1155,1,1,0.70,-73.04,1.0803
1156,1,1,0.70,-32.43,1.1197
1157,1,1,0.70,35.74,1.1124
1158,1,1,0.70,61.09,1.1231
1159,1,1,0.70,76.73,1.2135
1160,1,1,0.70,101.35,1.1394
1161,1,1,0.70,134.41,1.1400
1162,1,1,0.70,152.40,1.1306
1163,1,1,0.71,177.62,1.1799
1164,0,1,0.70,132.90,1.1858
1165,1,1,0.70,175.66,1.1093
1166,1,1,0.70,197.10,1.1891
1167,1,1,0.71,230.00,1.0955
1168,1,1,0.71,259.13,1.1553
1169,1,1,0.71,286.34,1.0445
1170,1,1,0.71,319.16,1.0916
1171,1,1,0.71,336.80,1.1534
1172,1,1,0.71,355.38,1.0842
1173,1,1,0.71,377.27,1.1797
1174,1,1,0.71,407.85,1.1264
1175,1,1,0.71,429.92,1.1007
1176,1,1,0.71,450.16,1.1022
1177,1,1,0.71,471.11,1.1935
1178,1,1,0.71,479.40,1.0885
1179,1,1,0.71,511.88,1.1595
1180,1,1,0.71,525.87,1.1110
1181,1,1,0.71,546.96,1.1006
1182,1,1,0.71,574.83,1.1454
1183,1,1,0.71,596.02,1.1000
1184,1,1,0.71,619.45,1.1538
1185,1,1,0.71,640.80,1.1086
1186,1,1,0.71,657.13,1.0804
1187,1,1,0.71,698.43,1.0898
1188,1,1,0.71,708.85,1.1294
1189,1,1,0.71,731.14,1.1223
1190,1,1,0.71,745.53,1.1224
1191,1,1,0.71,772.70,1.0928
1192,1,1,0.71,823.95,1.1391
1193,1,1,0.71,842.79,1.1087
1194,1,1,0.71,873.51,1.1129
1195,1,1,0.71,908.72,1.0924
1196,0,1,0.71,862.21,1.1975
1197,1,1,0.71,874.78,1.0932
1198,1,1,0.71,908.55,1.0545
1199,1,1,0.71,931.69,1.1724
1200,1,1,0.71,952.13,1.0908
1201,1,1,0.71,970.07,1.1860
1202,1,1,0.71,986.64,1.1207
1203,1,1,0.71,1007.47,1.0318
1204,1,1,0.71,1047.08,1.1428
1205,1,1,0.71,1077.01,1.1264
1206,1,1,0.71,1088.05,1.0723
1207,1,1,0.71,1101.54,1.1964
1208,1,1,0.71,1129.44,1.0962
1209,1,1,0.71,1152.18,1.1484
1210,0,1,0.71,1096.77,1.2003
1211,1,1,0.71,1143.16,1.1080
1212,1,1,0.71,1156.79,1.2039
1213,1,1,0.71,1185.76,1.1290
1214,1,1,0.71,1204.70,1.1245
1215,1,1,0.72,1222.09,1.0270
1216,1,1,0.72,1244.42,1.0749
1217,1,1,0.72,1262.02,1.0924
1218,1,1,0.72,1280.96,1.0791
1219,1,1,0.72,1306.41,1.0502
1220,1,1,0.72,1364.67,1.1621
1221,1,1,0.72,1413.62,1.0936
1222,1,1,0.72,1434.62,1.0604
1223,1,1,0.72,1492.40,1.2165
1224,1,1,0.72,1533.18,1.1038
1225,1,1,0.72,1559.65,1.0887
1226,0,1,0.72,1507.89,1.2224
1227,1,1,0.72,1545.64,1.1376
1228,1,1,0.72,1569.47,1.1202
1229,1,1,0.72,1577.76,1.0534
1230,1,1,0.72,1589.58,1.0775
1231,1,1,0.72,1603.04,1.0748
1232,1,1,0.72,1639.47,1.1253
1233,1,1,0.72,1662.40,1.1036
1234,1,1,0.72,1677.33,1.0551
1235,1,1,0.72,1695.08,1.1343
1236,1,1,0.72,1736.03,1.1180
1237,1,1,0.72,1763.49,1.0084
1238,1,1,0.72,1794.60,1.1511
1239,1,1,0.72,1813.99,1.0697
1240,1,1,0.72,1835.02,1.0227
1241,1,1,0.72,1858.26,1.0839
1242,1,1,0.72,1888.67,1.1074
1243,1,1,0.72,1908.81,1.1877
1244,1,1,0.72,1923.23,1.1072
1245,1,1,0.72,1951.00,1.0654
1246,1,1,0.72,1991.50,1.1583
1247,1,1,0.72,2038.12,1.1018
1248,1,1,0.72,2058.56,1.0646
1249,1,1,0.72,2079.90,1.0602
1250,1,1,0.72,2103.39,1.0917
1251,1,1,0.72,2125.33,1.2139
1252,1,1,0.72,2140.69,1.0882
1253,1,1,0.72,2156.72,1.1309
1254,1,1,0.72,2199.76,1.0896
1255,1,1,0.72,2218.11,1.1547
1256,1,1,0.72,2241.14,1.0979
1257,0,1,0.72,2180.68,1.2432
1258,1,1,0.72,2220.36,1.1363
1259,1,1,0.72,2254.38,1.0990
1260,1,1,0.72,2270.57,1.0399
1261,1,1,0.72,2290.61,1.1329
1262,1,1,0.72,2330.23,1.1382
1263,1,1,0.72,2349.67,1.0604
1264,1,1,0.72,2355.33,1.1007
1265,1,1,0.72,2368.66,1.0383
1266,1,1,0.73,2422.01,1.0907
1267,1,1,0.73,2456.48,1.0829
1268,1,1,0.73,2482.73,1.0824
1269,1,1,0.73,2503.52,1.1247
1270,1,1,0.73,2520.70,1.1520
1271,1,1,0.73,2544.54,1.0297
1272,1,1,0.73,2551.43,1.0697
1273,1,1,0.73,2575.52,1.1024
1274,1,1,0.73,2591.81,1.1214
1275,1,1,0.73,2656.47,1.1307
1276,1,1,0.73,2672.10,1.1093
1277,1,1,0.73,2679.17,1.1033
1278,1,1,0.73,2701.54,1.1305
1279,1,1,0.73,2733.36,0.9914
1280,1,1,0.73,2767.45,1.0799
1281,1,1,0.73,2804.01,1.0805
1282,1,1,0.73,2816.84,1.0961
1283,1,1,0.73,2839.08,1.0259
1284,1,1,0.73,2863.33,1.0861
1285,1,1,0.73,2887.06,1.0164
1286,1,1,0.73,2914.18,1.0193
1287,1,1,0.73,2934.37,1.0738
1288,1,1,0.73,2968.57,1.0279
1289,1,1,0.73,2992.68,1.0475
1290,1,1,0.73,3012.07,1.0698
1291,1,1,0.73,3028.26,1.0953
1292,1,1,0.73,3049.36,1.0247
1293,1,1,0.73,3069.59,1.0535
1294,1,1,0.73,3081.88,1.1082
1295,1,1,0.73,3096.28,1.0768
1296,1,1,0.73,3116.83,1.0443
1297,1,1,0.73,3135.97,1.0841
1298,1,1,0.73,3160.68,1.0445
1299,1,1,0.73,3175.07,1.0275
1300,1,1,0.73,3205.82,1.0451
1301,1,1,0.73,3231.83,1.0917
1302,1,1,0.73,3248.07,1.1304
1303,1,1,0.73,3266.07,1.1373
1304,1,1,0.73,3291.30,1.0549
1305,1,1,0.73,3316.67,1.0796
1306,1,1,0.73,3326.81,1.0320
1307,1,1,0.73,3360.59,1.1034
1308,1,1,0.73,3398.25,1.0858
1309,1,1,0.73,3409.60,1.0623
1310,1,1,0.73,3424.00,1.0571
1311,1,1,0.73,3435.72,1.1107
1312,1,1,0.73,3452.47,1.1154
1313,1,1,0.73,3469.46,1.0628
1314,1,1,0.74,3518.51,1.1690
1315,1,1,0.74,3558.40,1.1076
1316,1,1,0.74,3588.32,1.0811
1317,1,1,0.74,3621.23,1.0619
1318,1,1,0.74,3655.15,1.0708
1319,1,1,0.74,3667.44,1.1084
1320,1,1,0.74,3724.59,1.0983
1321,1,1,0.74,3738.56,1.1148
1322,1,1,0.74,3759.76,1.0744
1323,1,1,0.74,3790.19,0.9934
1324,1,1,0.74,3820.11,1.1229
1325,1,1,0.74,3848.42,0.9709
1326,1,1,0.74,3883.76,1.1420
1327,1,1,0.74,3902.81,1.1359
1328,1,1,0.74,3933.43,1.0381
1329,1,1,0.74,3941.50,1.0618
1330,1,1,0.74,3960.44,1.0040
1331,1,1,0.74,3985.35,1.0895
1332,1,1,0.74,4002.69,1.0303
1333,1,1,0.74,4022.28,1.0659
1334,1,1,0.74,4030.85,1.0719
1335,1,1,0.74,4067.09,1.2209
1336,1,1,0.74,4087.84,1.1732
1337,1,1,0.74,4115.95,1.0672
1338,0,1,0.74,4069.83,1.1905
1339,1,1,0.74,4101.09,1.0753
1340,1,1,0.74,4132.97,1.0554
1341,1,1,0.74,4148.75,1.0980
1342,1,1,0.74,4182.13,1.0518
1343,1,1,0.74,4213.39,1.0844
1344,1,1,0.74,4262.89,1.1607
1345,1,1,0.74,4285.13,1.1329
1346,1,1,0.74,4304.47,1.1213
1347,1,1,0.74,4319.40,1.0335
1348,1,1,0.74,4336.29,1.1635
1349,1,1,0.74,4362.34,1.0565
1350,1,1,0.74,4380.55,1.0295
1351,1,1,0.74,4390.79,1.0978
1352,1,1,0.74,4410.12,1.1023
1353,1,1,0.74,4427.12,1.0443
1354,1,1,0.74,4465.45,1.0919
1355,0,1,0.74,4426.09,1.1626
1356,1,1,0.74,4441.72,1.0960
1357,1,1,0.74,4515.26,1.1928
1358,1,1,0.74,4540.02,1.1452
1359,1,1,0.74,4559.72,1.1056
1360,1,1,0.74,4592.39,1.0417
1361,1,1,0.74,4611.93,1.0511
1362,1,1,0.74,4632.93,1.0750
1363,0,1,0.74,4569.47,1.2650
1364,1,1,0.74,4588.51,1.1353
1365,1,1,0.74,4608.25,1.0279
1366,1,1,0.74,4633.13,1.0949
1367,1,1,0.74,4651.52,1.0850
1368,1,1,0.74,4711.78,1.1661
1369,1,1,0.74,4724.53,1.1479
1370,1,1,0.74,4750.34,1.1257
1371,1,1,0.74,4794.01,1.1237
1372,1,1,0.74,4808.25,1.1605
1373,1,1,0.74,4828.70,1.1177
1374,1,1,0.74,4870.28,0.9929
1375,1,1,0.74,4894.09,1.1256
1376,1,1,0.74,4902.85,1.0973
1377,1,1,0.75,4936.21,1.1112
1378,1,1,0.75,4962.72,1.0855
1379,1,1,0.75,4975.01,1.0755
1380,1,1,0.75,4992.36,1.0457
1381,1,1,0.75,5012.69,1.1586
1382,1,1,0.75,5037.78,1.1080
1383,1,1,0.75,5067.80,1.0427
1384,1,1,0.75,5121.65,1.1415
1385,1,1,0.75,5178.03,1.1023
1386,1,1,0.75,5225.27,1.1074
1387,1,1,0.75,5268.96,1.0278
1388,1,1,0.75,5292.05,1.0752
1389,1,1,0.75,5300.82,1.0376
1390,1,1,0.75,5322.94,1.0434
1391,1,1,0.75,5339.27,1.0247
1392,1,1,0.75,5356.07,1.1058
1393,1,1,0.75,5367.41,1.1202
1394,1,1,0.75,5387.35,0.9859
1395,1,1,0.75,5437.64,1.0450
1396,1,1,0.75,5448.05,1.0968
1397,1,1,0.75,5472.50,0.9767
1398,1,1,0.75,5492.39,1.1047
1399,1,1,0.75,5516.86,1.0152
1400,1,1,0.75,5530.29,1.1101
1401,1,1,0.75,5536.10,1.1302
1402,1,1,0.75,5569.32,1.0412
1403,1,1,0.75,5584.25,1.0766
1404,1,1,0.75,5613.92,0.9928
1405,1,1,0.75,5636.22,1.0604
1406,1,1,0.75,5650.90,1.0686
1407,1,1,0.75,5674.79,1.0838
1408,1,1,0.75,5719.96,1.1030
1409,1,1,0.75,5736.22,1.0244
1410,1,1,0.75,5749.85,1.1385
1411,1,1,0.75,5775.96,1.0785
1412,1,1,0.75,5803.63,1.0365
1413,1,1,0.75,5830.35,1.0336
1414,1,1,0.75,5860.87,1.1278
1415,1,1,0.75,5880.56,1.1209
1416,1,1,0.75,5919.88,1.0651
1417,1,1,0.75,5939.07,1.0540
1418,1,1,0.75,5962.30,1.0701
1419,1,1,0.75,5993.11,1.0589
1420,1,1,0.75,6002.58,1.0987
1421,1,1,0.75,6014.87,1.0525
1422,1,1,0.75,6048.14,1.1142
1423,1,1,0.75,6058.09,1.0101
1424,1,1,0.75,6090.90,1.0036
1425,1,1,0.75,6104.39,1.1965
1426,1,1,0.75,6130.98,1.0768
1427,1,1,0.75,6179.61,1.0599
1428,1,1,0.75,6198.70,1.0553
1429,1,1,0.75,6221.33,1.0247
1430,0,1,0.75,6193.69,1.1187
1431,1,1,0.75,6226.51,1.0472
1432,1,1,0.75,6282.98,1.1755
1433,0,1,0.75,6236.38,1.1748
1434,1,1,0.75,6258.27,1.1449
1435,1,1,0.75,6290.34,1.1262
1436,1,1,0.75,6314.67,1.0462
1437,1,1,0.75,6349.69,1.0684
1438,1,1,0.75,6416.29,1.2012
1439,1,1,0.75,6447.61,1.0039
1440,1,1,0.75,6478.50,1.1020
1441,1,1,0.76,6496.89,1.0864
1442,1,1,0.76,6524.02,1.0318
1443,1,1,0.76,6549.80,1.0694
1444,1,1,0.76,6579.53,1.1082
1445,1,1,0.76,6597.01,1.1416
1446,1,1,0.76,6617.25,1.1059
1447,1,1,0.76,6623.21,1.0779
1448,1,1,0.76,6655.73,1.0215
1449,1,1,0.76,6691.30,0.9763
1450,1,1,0.76,6709.20,1.0288
1451,1,1,0.76,6735.48,1.0192
1452,1,1,0.76,6749.84,1.0636
1453,1,1,0.76,6759.99,1.0152
1454,1,1,0.76,6817.42,1.1555
1455,1,1,0.76,6836.51,1.0974
1456,1,1,0.76,6866.23,1.0655
1457,1,1,0.76,6897.64,1.1312
1458,1,1,0.76,6926.51,1.0907
1459,1,1,0.76,6960.63,1.1531
1460,1,1,0.76,6985.97,1.0542
1461,1,1,0.76,6996.77,1.1036
1462,1,1,0.76,7014.26,1.0564
1463,1,1,0.76,7028.75,1.0418
1464,1,1,0.76,7078.16,1.1241
1465,1,1,0.76,7097.75,1.0604
1466,1,1,0.76,7123.15,1.0599
1467,1,1,0.76,7154.52,1.0129
1468,1,1,0.76,7173.21,1.1231
1469,1,1,0.76,7202.39,1.0859
1470,1,1,0.76,7228.78,1.0120
1471,1,1,0.76,7241.78,1.0634
1472,1,1,0.76,7257.31,1.1102
1473,1,1,0.76,7276.56,1.0645
1474,1,1,0.76,7290.66,1.0042
1475,1,1,0.76,7312.31,1.0886
1476,1,1,0.76,7367.74,1.1330
1477,1,1,0.76,7389.18,1.0230
1478,1,1,0.76,7404.96,1.0021
1479,1,1,0.76,7428.63,1.1172
1480,1,1,0.76,7455.86,1.0508
1481,1,1,0.76,7479.61,1.0694
1482,1,1,0.76,7486.01,1.0048
1483,1,1,0.76,7497.83,1.0185
1484,1,1,0.76,7509.17,1.1202
1485,0,1,0.76,7455.20,1.2608
1486,1,1,0.76,7469.49,1.1616
1487,1,1,0.76,7490.38,1.0506
1488,1,1,0.76,7509.33,1.1146
1489,1,1,0.76,7531.96,1.0343
1490,1,1,0.76,7555.70,1.0208
1491,1,1,0.76,7586.11,1.1489
1492,1,1,0.76,7601.55,1.0444
1493,1,1,0.76,7651.46,1.0609
1494,1,1,0.76,7677.59,1.0087
1495,1,1,0.76,7702.40,1.0605
1496,1,1,0.76,7723.79,1.0114
1497,1,1,0.76,7748.03,1.0741
1498,1,1,0.76,7777.09,1.0329
1499,1,1,0.76,7793.48,0.9837
1500,1,1,0.76,7810.07,1.1043
1501,1,1,0.76,7827.03,1.0581
1502,1,1,0.76,7866.66,1.1423
1503,1,1,0.76,7883.25,1.0964
1504,1,1,0.76,7909.17,1.0872
1505,1,1,0.76,7950.58,1.1076
1506,1,1,0.76,7977.45,1.1093
1507,1,1,0.77,7985.52,1.0860
1508,1,1,0.77,8011.56,1.0510
1509,1,1,0.77,8065.45,1.1571
1510,1,1,0.77,8092.03,1.1364
1511,1,1,0.77,8136.40,1.0890
1512,1,1,0.77,8160.99,0.9964
1513,1,1,0.77,8192.81,1.0687
1514,1,1,0.77,8231.91,1.0712
1515,1,1,0.77,8247.52,1.0286
1516,1,1,0.77,8285.00,1.0890
1517,1,1,0.77,8302.09,1.1071
1518,1,1,0.77,8324.02,1.1223
1519,1,1,0.77,8357.70,1.0295
1520,1,1,0.77,8375.84,0.9976
1521,1,1,0.77,8397.28,1.0411
1522,1,1,0.77,8422.32,1.0650
1523,1,1,0.77,8440.20,1.1206
1524,1,1,0.77,8463.99,1.0050
1525,1,1,0.77,8471.48,1.0467
1526,1,1,0.77,8505.30,0.9810
1527,1,1,0.77,8517.86,1.0073
1528,1,1,0.77,8557.82,1.0031
1529,1,1,0.77,8578.66,1.0182
1530,1,1,0.77,8617.22,0.9866
1531,1,1,0.77,8624.11,1.0589
1532,1,1,0.77,8676.11,1.1302
1533,1,1,0.77,8702.98,1.0217
1534,1,1,0.77,8743.58,1.0969
1535,1,1,0.77,8765.33,1.0706
1536,1,1,0.77,8798.89,1.1105
1537,1,1,0.77,8816.79,1.0599
1538,1,1,0.77,8846.71,1.0519
1539,1,1,0.77,8871.27,1.0328
1540,1,1,0.77,8891.56,1.0842
1541,1,1,0.77,8923.08,1.0735
1542,1,1,0.77,8945.59,1.1637
1543,1,1,0.77,8963.01,1.1379
1544,1,1,0.77,8989.55,1.0177
1545,1,1,0.77,9003.94,1.0434
1546,1,1,0.77,9029.63,1.0044
1547,1,1,0.77,9041.92,1.0239
1548,1,1,0.77,9059.36,0.9624
1549,1,1,0.77,9070.23,1.0895
1550,1,1,0.77,9105.24,1.0025
1551,1,1,0.77,9139.91,1.0655
1552,1,1,0.77,9155.04,1.1045
1553,1,1,0.77,9171.38,1.0300
1554,1,1,0.77,9207.20,0.9605
1555,1,1,0.77,9212.16,0.9893
1556,1,1,0.77,9241.57,0.9906
1557,1,1,0.77,9262.61,1.1550
1558,1,1,0.77,9279.42,1.1656
1559,1,1,0.77,9307.23,1.0347
1560,1,1,0.77,9342.98,1.1039
1561,1,1,0.77,9368.21,1.1206
1562,1,1,0.77,9428.49,1.1294
1563,1,1,0.77,9440.78,1.0536
1564,1,1,0.77,9462.06,1.0659
1565,1,1,0.77,9492.19,1.0503
1566,1,1,0.77,9527.25,1.0575
1567,0,1,0.77,9482.10,1.2035
1568,1,1,0.77,9494.81,1.0740
1569,1,1,0.77,9524.33,1.0790
1570,1,1,0.77,9565.57,1.1502
1571,1,1,0.77,9583.15,1.0718
1572,1,1,0.77,9593.32,1.0810
1573,1,1,0.77,9631.48,1.0806
1574,1,1,0.77,9669.12,1.1030
1575,1,1,0.77,9688.16,1.0741
1576,1,1,0.77,9715.46,1.1375
1577,1,1,0.77,9736.51,1.1158
1578,1,1,0.78,9768.20,1.0468
1579,1,1,0.78,9805.42,1.1136
1580,1,1,0.78,9858.89,1.1182
1581,1,1,0.78,9909.71,1.0051
1582,1,1,0.78,9924.33,1.1170
1583,1,1,0.78,9950.34,1.0756
1584,1,1,0.78,10009.04,1.1053
1585,1,1,0.78,10027.57,1.0634
1586,1,1,0.78,10043.46,1.0211
1587,1,1,0.78,10077.53,1.0697
1588,1,1,0.78,10088.17,1.0784
1589,1,1,0.78,10104.77,1.0563
1590,1,1,0.78,10127.36,1.0023
1591,1,1,0.78,10166.78,1.0738
1592,1,1,0.78,10207.05,1.0689
1593,1,1,0.78,10218.66,1.0054
1594,1,1,0.78,10250.18,1.0731
1595,1,1,0.78,10279.14,1.0259
1596,1,1,0.78,10306.86,1.0308
1597,1,1,0.78,10378.31,1.1110
1598,1,1,0.78,10389.41,1.0265
1599,1,1,0.78,10416.63,1.0559
1600,1,1,0.78,10453.33,0.9801
1601,1,1,0.78,10478.24,1.0021
1602,1,1,0.78,10517.00,1.1351
1603,1,1,0.78,10533.89,1.0402
1604,0,1,0.78,10472.53,1.2274
1605,1,1,0.78,10490.01,1.1386
1606,1,1,0.78,10508.80,1.0747
1607,1,1,0.78,10515.69,1.0508
1608,1,1,0.78,10533.73,1.0112
1609,1,1,0.78,10554.72,0.9586
1610,1,1,0.78,10562.31,0.9856
1611,1,1,0.78,10568.72,1.0314
1612,1,1,0.78,10595.05,1.1132
1613,1,1,0.78,10614.42,1.0618
1614,1,1,0.78,10636.82,1.0370
1615,1,1,0.78,10664.35,0.9877
1616,1,1,0.78,10701.68,1.0458
1617,1,1,0.78,10708.79,1.0257
1618,1,1,0.78,10745.46,1.0599
1619,1,1,0.78,10753.53,0.9244
1620,1,1,0.78,10779.27,1.0594
1621,1,1,0.78,10826.58,1.0444
1622,1,1,0.78,10845.97,1.1475
1623,1,1,0.78,10874.57,1.0504
1624,1,1,0.78,10916.00,1.1451
1625,1,1,0.78,10938.57,0.9734
1626,1,1,0.78,10975.01,1.0983
1627,1,1,0.78,11014.55,1.1029
1628,1,1,0.78,11034.99,1.0319
1629,1,1,0.78,11063.10,1.0476
1630,1,1,0.78,11089.84,1.0318
1631,1,1,0.78,11111.04,1.0449
1632,1,1,0.78,11151.21,1.0094
1633,1,1,0.78,11162.80,1.0365
1634,0,1,0.78,11123.46,1.0692
1635,1,1,0.78,11130.25,1.1373
1636,1,1,0.78,11148.83,1.0262
1637,1,1,0.78,11163.56,1.0051
1638,1,1,0.78,11195.74,0.9784
1639,1,1,0.78,11222.00,1.1019
1640,1,1,0.78,11253.62,1.0638
1641,1,1,0.78,11261.69,1.0359
1642,1,1,0.78,11303.54,1.0489
1643,1,1,0.78,11380.66,1.0326
1644,1,1,0.78,11395.41,1.0173
1645,1,1,0.78,11421.08,1.0510
1646,1,1,0.78,11443.98,1.0021
1647,1,1,0.78,11487.96,1.0665
1648,1,1,0.78,11532.91,1.1447
1649,1,1,0.78,11547.98,1.1651
1650,1,1,0.78,11590.20,1.1180
1651,1,1,0.78,11595.91,1.0438
1652,1,1,0.78,11615.96,1.0626
1653,1,1,0.78,11647.68,0.9889
1654,1,1,0.78,11659.58,1.1088
1655,1,1,0.78,11684.06,1.0480
1656,1,1,0.78,11727.61,1.0657
1657,1,1,0.78,11757.85,1.0560
1658,1,1,0.78,11779.19,1.0143
1659,1,1,0.78,11817.57,1.0518
1660,1,1,0.78,11860.35,1.1416
1661,1,1,0.79,11879.69,1.0030
1662,1,1,0.79,11888.16,0.9867
1663,1,1,0.79,11914.78,1.0190
1664,1,1,0.79,11935.87,1.0453
1665,1,1,0.79,11958.86,1.0335
1666,1,1,0.79,11975.20,1.0829
1667,1,1,0.79,12002.27,0.9632
1668,1,1,0.79,12066.60,0.9905
1669,1,1,0.79,12080.09,1.0308
1670,1,1,0.79,12102.43,1.0669
1671,1,1,0.79,12122.73,1.0190
1672,1,1,0.79,12129.08,0.9887
1673,1,1,0.79,12142.79,0.9872
1674,1,1,0.79,12172.21,1.0120
1675,1,1,0.79,12183.18,1.0061
1676,1,1,0.79,12206.01,0.9996
1677,1,1,0.79,12212.42,0.9560
1678,1,1,0.79,12253.90,1.0486
1679,1,1,0.79,12279.91,1.0236
1680,1,1,0.79,12297.15,1.0498
1681,1,1,0.79,12325.12,1.0525
1682,1,1,0.79,12353.38,1.0426
1683,1,1,0.79,12362.37,0.9503
1684,1,1,0.79,12397.60,0.9965
1685,1,1,0.79,12415.49,1.0254
1686,1,1,0.79,12474.30,1.0691
1687,1,1,0.79,12499.17,1.0016
1688,1,1,0.79,12525.74,1.0309
1689,1,1,0.79,12564.14,1.0481
1690,1,1,0.79,12586.98,0.9790
1691,1,1,0.79,12635.70,1.0429
1692,1,1,0.79,12659.08,0.9380
1693,1,1,0.79,12689.70,1.0169
1694,1,1,0.79,12710.43,1.0067
1695,1,1,0.79,12736.33,0.9471
1696,1,1,0.79,12750.30,0.9725
1697,1,1,0.79,12771.94,0.9904
1698,1,1,0.79,12782.28,0.9883
1699,1,1,0.79,12805.69,1.0417
1700,1,1,0.79,12841.83,0.9801
1701,1,1,0.79,12855.70,0.9963
1702,1,1,0.79,12882.13,1.0312
1703,0,1,0.79,12823.02,1.2078
1704,1,1,0.79,12851.74,1.0385
1705,1,1,0.79,12880.14,1.0607
1706,1,1,0.79,12901.08,1.0687
1707,1,1,0.79,12947.46,1.0491
1708,1,1,0.79,12971.25,1.0396
1709,1,1,0.79,13019.71,1.1963
1710,1,1,0.79,13037.10,1.0797
1711,1,1,0.79,13046.09,1.0278
1712,1,1,0.79,13084.60,1.0881
1713,1,1,0.79,13132.99,1.1464
1714,1,1,0.79,13184.02,1.1337
1715,1,1,0.79,13197.95,1.0587
1716,1,1,0.79,13266.65,1.0828
1717,1,1,0.79,13323.30,1.0289
1718,1,1,0.79,13341.93,1.0611
1719,1,1,0.79,13364.67,0.9595
1720,1,1,0.79,13373.91,1.0820
1721,1,1,0.79,13388.42,1.0012
1722,1,1,0.79,13417.50,1.0347
1723,1,1,0.79,13452.84,1.0894
1724,1,1,0.79,13495.10,1.0744
1725,1,1,0.79,13530.53,1.0708
1726,1,1,0.79,13555.72,1.0614
1727,1,1,0.79,13575.92,1.0737
1728,1,1,0.79,13602.25,1.0756
1729,1,1,0.79,13626.66,0.9574
1730,1,1,0.79,13639.63,1.0625
1731,1,1,0.79,13678.33,1.0156
1732,1,1,0.79,13690.90,0.9849
1733,1,1,0.79,13706.82,0.9676
1734,1,1,0.79,13733.05,1.0145
1735,1,1,0.79,13753.55,1.0481
1736,1,1,0.79,13801.61,1.0246
1737,1,1,0.79,13838.11,1.0704
1738,1,1,0.79,13855.59,1.0680
1739,1,1,0.79,13872.19,1.0089
1740,1,1,0.79,13926.32,1.0703
1741,1,1,0.79,13939.77,1.0280
1742,1,1,0.79,14012.32,1.0636
1743,1,1,0.79,14050.48,1.0403
1744,1,1,0.79,14122.62,1.0708
1745,1,1,0.79,14144.32,0.9895
1746,1,1,0.79,14171.79,1.0423
1747,1,1,0.80,14181.26,1.0547
1748,1,1,0.80,14198.68,1.0661
1749,1,1,0.80,14210.34,1.0186
1750,1,1,0.80,14224.60,0.9650
1751,1,1,0.80,14243.73,1.0705
1752,1,1,0.80,14282.43,0.9255
1753,1,1,0.80,14295.77,1.1056
1754,1,1,0.80,14318.14,1.0569
1755,1,1,0.80,14357.10,0.9119
1756,1,1,0.80,14392.90,1.0626
1757,1,1,0.80,14417.87,0.9766
1758,1,1,0.80,14438.06,1.0971
1759,1,1,0.80,14455.28,0.9999
1760,1,1,0.80,14481.99,0.9758
1761,1,1,0.80,14506.42,1.0467
1762,1,1,0.80,14517.81,0.9691
1763,1,1,0.80,14568.79,1.0659
1764,1,1,0.80,14592.40,1.0655
1765,1,1,0.80,14601.17,0.9944
1766,1,1,0.80,14629.46,0.9843
1767,1,1,0.80,14643.43,1.0806
1768,1,1,0.80,14668.92,0.9708
1769,1,1,0.80,14688.51,1.0522
1770,1,1,0.80,14719.46,1.0992
1771,1,1,0.80,14743.05,0.9921
1772,1,1,0.80,14762.39,0.9279
1773,1,1,0.80,14788.56,1.0568
1774,1,1,0.80,14805.44,0.9488
1775,1,1,0.80,14823.82,1.0431
1776,1,1,0.80,14855.24,1.0494
1777,1,1,0.80,14864.71,1.0235
1778,1,1,0.80,14895.22,1.0541
1779,1,1,0.80,14904.37,1.0697
1780,1,1,0.80,14952.72,1.1326
1781,1,1,0.80,14981.88,0.9985
1782,1,1,0.80,15038.87,1.1439
1783,1,1,0.80,15055.90,1.0677
1784,1,1,0.80,15082.61,1.0911
1785,1,1,0.80,15094.68,1.0747
1786,1,1,0.80,15106.23,1.0551
1787,0,1,0.80,15051.76,1.1911
1788,1,1,0.80,15091.22,1.0494
1789,1,1,0.80,15098.11,0.9755
1790,1,1,0.80,15138.44,1.0614
1791,1,1,0.80,15188.55,1.0804
1792,1,1,0.80,15217.72,1.0291
1793,1,1,0.80,15250.36,1.0784
1794,1,1,0.80,15277.98,1.0132
1795,1,1,0.80,15299.37,0.9489
1796,1,1,0.80,15335.82,1.1094
1797,1,1,0.80,15356.91,0.9645
1798,1,1,0.80,15378.55,1.0505
1799,1,1,0.80,15441.12,1.0671
1800,1,1,0.80,15469.38,1.0585
1801,1,1,0.80,15490.87,1.0085
1802,1,1,0.80,15526.27,0.9522
1803,1,1,0.80,15550.50,0.9888
1804,1,1,0.80,15584.67,0.9556
1805,1,1,0.80,15606.47,1.0279
1806,1,1,0.80,15629.31,0.9346
1807,1,1,0.80,15647.43,1.0480
1808,1,1,0.80,15706.59,1.0137
1809,1,1,0.80,15727.77,1.0986
1810,1,1,0.80,15742.83,0.9438
1811,1,1,0.80,15754.78,1.0312
1812,1,1,0.80,15784.80,1.0225
1813,1,1,0.80,15805.20,1.0019
1814,1,1,0.80,15820.02,1.0033
1815,1,1,0.80,15837.10,0.9812
1816,1,1,0.80,15884.36,0.9536
1817,1,1,0.80,15901.99,0.9665
1818,1,1,0.80,15953.22,1.0507
1819,1,1,0.80,16021.13,1.0100
1820,1,1,0.80,16030.38,1.0400
1821,1,1,0.80,16063.49,0.9635
1822,1,1,0.80,16122.96,0.9959
1823,0,1,0.80,16082.31,1.1046
1824,1,1,0.80,16106.98,1.0568
1825,1,1,0.80,16115.05,1.1442
1826,1,1,0.80,16128.84,0.9983
1827,1,1,0.80,16146.02,0.9752
1828,1,1,0.80,16176.74,1.0072
1829,1,1,0.80,16202.78,1.0609
1830,1,1,0.80,16280.81,1.0515
1831,1,1,0.80,16302.74,0.9867
1832,1,1,0.80,16335.81,1.0853
1833,1,1,0.80,16365.50,1.1226
1834,1,1,0.80,16403.22,0.9317
1835,1,1,0.80,16422.46,0.9776
1836,1,1,0.80,16447.31,1.0092
1837,1,1,0.80,16472.19,1.0473
1838,1,1,0.80,16482.36,1.0671
1839,1,1,0.80,16513.73,0.9611
1840,1,1,0.80,16537.32,1.0106
1841,1,1,0.80,16560.11,1.0306
1842,1,1,0.80,16580.76,0.9687
1843,1,1,0.80,16599.60,0.9931
1844,1,1,0.80,16622.85,0.9008
1845,1,1,0.80,16647.90,0.9721
1846,1,1,0.80,16678.22,1.0737
1847,1,1,0.81,16711.14,1.0136
1848,1,1,0.81,16739.71,0.9474
1849,1,1,0.81,16769.03,0.9551
1850,1,1,0.81,16819.37,0.9889
1851,1,1,0.81,16860.07,1.0708
1852,1,1,0.81,16882.91,0.9551
1853,1,1,0.81,16908.10,0.9772
1854,1,1,0.81,16929.94,0.9878
1855,1,1,0.81,16942.87,1.0535
1856,1,1,0.81,16968.90,0.9853
1857,1,1,0.81,16999.28,1.0437
1858,1,1,0.81,17006.39,1.0451
1859,1,1,0.81,17062.95,0.9997
1860,1,1,0.81,17107.66,1.0936
1861,1,1,0.81,17157.49,1.0660
1862,1,1,0.81,17184.63,0.9359
1863,1,1,0.81,17196.95,0.9469
1864,1,1,0.81,17224.29,1.0923
1865,1,1,0.81,17240.78,1.0509
1866,1,1,0.81,17247.19,1.0154
1867,1,1,0.81,17255.26,1.0172
1868,1,1,0.81,17311.68,1.0222
1869,1,1,0.81,17331.87,1.0388
1870,1,1,0.81,17353.47,0.9366
1871,1,1,0.81,17392.23,0.9986
1872,1,1,0.81,17442.24,1.0266
1873,1,1,0.81,17476.39,1.0876
1874,1,1,0.81,17482.04,1.0105
1875,1,1,0.81,17504.64,0.9646
1876,1,1,0.81,17527.57,1.0458
1877,1,1,0.81,17558.14,1.0188
1878,1,1,0.81,17589.32,0.9438
1879,1,1,0.81,17622.64,0.9982
1880,1,1,0.81,17673.59,1.0198
1881,1,1,0.81,17727.90,1.0981
1882,1,1,0.81,17779.29,1.0097
1883,0,1,0.81,17720.23,1.3990
1884,1,1,0.81,17747.54,1.1052
1885,1,1,0.81,17765.53,1.1024
1886,1,1,0.81,17792.26,1.0102
1887,1,1,0.81,17816.26,1.0518
1888,1,1,0.81,17843.75,1.0383
1889,1,1,0.81,17860.15,1.0125
1890,1,1,0.81,17909.46,0.9676
1891,0,1,0.81,17868.92,1.3421
1892,1,1,0.81,17904.65,1.1596
1893,1,1,0.81,17931.54,1.0818
1894,1,1,0.81,17940.56,1.1352
1895,1,1,0.81,17954.48,1.0870
1896,1,1,0.81,17984.20,1.0115
1897,1,1,0.81,18024.60,1.0412
1898,1,1,0.81,18051.01,1.0539
1899,1,1,0.81,18071.20,1.0820
1900,1,1,0.81,18112.43,1.0806
1901,1,1,0.81,18145.31,0.9872
1902,1,1,0.81,18163.69,0.9863
1903,1,1,0.81,18200.80,1.0155
1904,1,1,0.81,18212.51,0.9821
1905,1,1,0.81,18226.54,0.9640
1906,1,1,0.81,18241.15,0.9853
1907,1,1,0.81,18255.07,0.8904
1908,0,1,0.81,18201.34,1.1070
1909,1,1,0.81,18220.49,1.0212
1910,1,1,0.81,18251.71,0.9919
1911,1,1,0.81,18268.95,0.9842
1912,1,1,0.81,18274.21,1.0190
1913,1,1,0.81,18303.20,0.9521
1914,1,1,0.81,18322.29,0.9987
1915,1,1,0.81,18346.83,0.9825
1916,1,1,0.81,18382.65,0.9945
1917,1,1,0.81,18406.48,0.9653
1918,1,1,0.81,18427.13,0.9242
1919,1,1,0.81,18442.86,0.9679
1920,1,1,0.81,18467.45,0.9123
1921,1,1,0.81,18482.28,0.9780
1922,0,1,0.81,18432.75,1.1564
1923,1,1,0.81,18446.08,1.0251
1924,1,1,0.81,18476.50,0.9813
1925,1,1,0.81,18501.33,0.9730
1926,1,1,0.81,18520.97,0.8902
1927,1,1,0.81,18550.74,0.9184
1928,1,1,0.81,18569.99,1.0522
1929,1,1,0.81,18591.52,0.9922
1930,1,1,0.81,18612.85,0.9544
1931,1,1,0.81,18646.67,0.8632
1932,1,1,0.81,18673.24,0.9871
1933,1,1,0.81,18702.41,1.0470
1934,1,1,0.81,18722.61,0.9300
1935,1,1,0.81,18743.25,0.9768
1936,1,1,0.81,18772.06,0.9388
1937,1,1,0.81,18801.75,1.0834
1938,1,1,0.81,18826.34,1.0270
1939,1,1,0.81,18844.99,0.9278
1940,1,1,0.81,18860.92,0.9318
1941,1,1,0.81,18881.56,0.9171
1942,1,1,0.81,18918.27,0.9270
1943,1,1,0.81,18931.01,0.9748
1944,1,1,0.81,18987.25,0.9509
1945,1,1,0.81,19006.20,0.9354
1946,0,1,0.81,18951.57,1.1220
1947,1,1,0.81,18966.55,0.9916
1948,1,1,0.81,18981.86,0.9411
1949,1,1,0.81,18992.50,0.9360
1950,1,1,0.81,19019.13,1.0010
1951,1,1,0.81,19045.94,0.9889
1952,1,1,0.81,19059.42,1.0639
1953,1,1,0.81,19082.21,1.0423
1954,1,1,0.81,19109.38,1.0480
1955,1,1,0.81,19127.01,0.9710
1956,1,1,0.81,19136.16,1.1021
1957,1,1,0.81,19157.65,1.0259
1958,1,1,0.81,19172.15,1.0383
1959,1,1,0.81,19183.02,0.9762
1960,1,1,0.81,19205.26,1.0047
1961,1,1,0.81,19229.54,1.0351
1962,1,1,0.81,19272.52,0.9921
1963,1,1,0.81,19294.81,0.9710
1964,1,1,0.81,19326.18,0.9477
1965,1,1,0.81,19343.67,0.9396
1966,1,1,0.81,19364.61,1.0812
1967,1,1,0.81,19374.46,0.9997
1968,1,1,0.81,19417.14,1.0381
1969,1,1,0.81,19439.23,1.0652
1970,1,1,0.81,19445.44,1.0278
1971,1,1,0.81,19465.53,0.9695
1972,1,1,0.81,19499.15,0.9271
1973,1,1,0.82,19504.10,0.9343
1974,1,1,0.82,19535.27,1.0349
1975,1,1,0.82,19553.50,0.9316
1976,1,1,0.82,19584.30,0.9929
1977,1,1,0.82,19627.46,0.9683
1978,1,1,0.82,19657.21,0.9146
1979,1,1,0.82,19690.15,1.0350
1980,1,1,0.82,19720.92,1.0096
1981,1,1,0.82,19738.18,0.9211
1982,1,1,0.82,19771.29,1.0235
1983,1,1,0.82,19799.58,0.9148
1984,1,1,0.82,19819.88,1.0297
1985,1,1,0.82,19840.17,0.9410
1986,1,1,0.82,19872.89,1.0872
1987,1,1,0.82,19891.11,0.9498
1988,1,1,0.82,19911.25,0.9183
1989,1,1,0.82,19924.24,1.0329
1990,1,1,0.82,19947.86,0.9727
1991,1,1,0.82,19975.55,0.9344
1992,1,1,0.82,20007.62,0.9969
1993,1,1,0.82,20024.61,0.9330
1994,1,1,0.82,20030.32,0.9571
1995,0,1,0.82,19974.01,1.4480
1996,1,1,0.82,19989.94,1.0751
1997,1,1,0.82,20000.80,0.9726
1998,1,1,0.82,20021.00,0.9626
1999,1,1,0.82,20053.82,0.9644
2000,1,1,0.82,20070.76,0.9747
2001,1,1,0.82,20105.49,1.0268
2002,1,1,0.82,20120.20,1.0347
2003,1,1,0.82,20156.86,1.0727
2004,1,1,0.82,20178.53,1.0027
2005,0,1,0.82,20131.82,1.2657
2006,1,1,0.82,20184.90,1.1393
2007,1,1,0.82,20217.07,1.1848
2008,1,1,0.82,20231.92,1.1636
2009,1,1,0.82,20256.54,1.0522
2010,1,1,0.82,20297.28,1.0323
2011,1,1,0.82,20315.48,1.1368
2012,1,1,0.82,20328.69,0.9875
2013,1,1,0.82,20366.05,1.0557
2014,1,1,0.82,20384.60,1.0195
2015,1,1,0.82,20417.02,0.9359
2016,1,1,0.82,20435.35,0.9822
2017,1,1,0.82,20457.74,1.0358
2018,1,1,0.82,20498.35,1.0073
2019,1,1,0.82,20516.80,0.9725
2020,1,1,0.82,20544.10,1.0014
2021,1,1,0.82,20582.22,1.0260
2022,1,1,0.82,20621.07,1.0324
2023,1,1,0.82,20647.72,0.9694
2024,1,1,0.82,20669.46,1.0037
2025,1,1,0.82,20686.70,1.0285
2026,1,1,0.82,20695.47,1.0306
2027,1,1,0.82,20713.67,1.0557
2028,1,1,0.82,20732.01,1.0213
2029,1,1,0.82,20756.14,1.0375
2030,1,1,0.82,20765.13,1.0267
2031,1,1,0.82,20784.62,0.9900
2032,1,1,0.82,20847.78,1.0419
2033,1,1,0.82,20869.24,1.0591
2034,1,1,0.82,20887.64,1.0002
2035,1,1,0.82,20904.33,0.9636
2036,1,1,0.82,20922.77,0.9248
2037,1,1,0.82,20956.89,1.0146
2038,1,1,0.82,20981.55,0.9959
2039,1,1,0.82,21011.12,1.0127
2040,1,1,0.82,21034.33,0.9768
2041,1,1,0.82,21095.67,1.0590
2042,1,1,0.82,21115.47,1.0173
2043,1,1,0.82,21129.66,1.0360
2044,1,1,0.82,21153.39,0.9713
2045,1,1,0.82,21189.36,0.9745
2046,1,1,0.82,21220.83,0.9710
2047,1,1,0.82,21253.04,1.0010
2048,1,1,0.82,21270.92,0.9834
2049,1,1,0.82,21306.74,0.9183
2050,1,1,0.82,21338.25,1.0412
2051,1,1,0.82,21344.75,1.0265
2052,1,1,0.82,21366.79,1.0374
2053,1,1,0.82,21397.68,0.9759
2054,1,1,0.82,21417.48,1.0227
2055,1,1,0.82,21464.07,1.0544
2056,1,1,0.82,21499.03,0.9700
2057,1,1,0.82,21542.45,0.9795
2058,1,1,0.82,21555.35,0.9680
2059,1,1,0.82,21578.39,1.0905
2060,1,1,0.82,21616.31,1.0911
2061,1,1,0.82,21623.00,1.0437
2062,1,1,0.82,21662.93,1.0294
2063,1,1,0.82,21717.92,1.1086
2064,1,1,0.82,21763.89,1.0736
2065,1,1,0.82,21803.84,1.1460
2066,1,1,0.82,21831.05,1.0179
2067,1,1,0.82,21849.99,1.0133
2068,1,1,0.82,21860.69,1.0458
2069,1,1,0.82,21880.49,1.0708
2070,1,1,0.82,21894.82,1.0474
2071,1,1,0.82,21916.56,1.0237
2072,1,1,0.82,21947.93,1.0647
2073,1,1,0.82,21987.31,0.9754
2074,1,1,0.82,22026.83,1.0331
2075,1,1,0.82,22044.44,0.9285
2076,1,1,0.82,22074.28,0.9877
2077,1,1,0.82,22093.27,1.0560
2078,1,1,0.82,22120.14,0.9542
2079,1,1,0.82,22146.41,0.9900
2080,1,1,0.82,22184.15,1.0396
2081,1,1,0.82,22218.91,1.0629
2082,1,1,0.82,22225.80,1.0309
2083,1,1,0.82,22311.27,1.0047
2084,1,1,0.82,22349.09,1.0115
2085,1,1,0.82,22375.80,1.0216
2086,1,1,0.82,22389.23,0.9410
2087,1,1,0.82,22410.92,0.9829
2088,1,1,0.82,22456.25,0.9735
2089,1,1,0.82,22481.94,1.0567
2090,1,1,0.82,22513.86,0.9344
2091,1,1,0.82,22534.10,1.0421
2092,1,1,0.82,22590.04,1.1525
2093,1,1,0.82,22620.01,0.9401
2094,1,1,0.82,22643.81,1.0374
2095,1,1,0.82,22657.24,1.0420
2096,1,1,0.82,22695.19,1.0130
2097,1,1,0.82,22710.99,0.9525
2098,1,1,0.83,22748.86,1.0290
2099,1,1,0.83,22777.40,0.9649
2100,1,1,0.83,22806.18,1.0161
2101,1,1,0.83,22841.64,0.9656
2102,1,1,0.83,22861.58,0.9225
2103,1,1,0.83,22891.65,0.9666
2104,1,1,0.83,22905.48,1.0092
2105,1,1,0.83,22932.65,0.9678
2106,1,1,0.83,22957.98,0.9679
2107,1,1,0.83,22992.15,1.0119
2108,0,1,0.83,22934.14,1.7828
2109,1,1,0.83,23003.71,1.1282
2110,1,1,0.83,23026.84,0.9651
2111,1,1,0.83,23046.54,1.0256
2112,1,1,0.83,23064.08,1.0336
2113,1,1,0.83,23089.05,1.0525
2114,1,1,0.83,23106.79,1.0029
2115,1,1,0.83,23120.52,0.9097
2116,1,1,0.83,23134.94,0.9834
2117,1,1,0.83,23172.31,0.9803
2118,1,1,0.83,23194.15,1.0092
2119,1,1,0.83,23222.93,0.9511
2120,1,1,0.83,23267.23,0.9965
2121,1,1,0.83,23275.52,1.0573
2122,1,1,0.83,23305.61,0.9684
2123,1,1,0.83,23315.08,0.9931
2124,1,1,0.83,23353.17,1.0358
2125,1,1,0.83,23398.57,0.9752
2126,1,1,0.83,23416.66,1.0870
2127,1,1,0.83,23438.49,0.9842
2128,1,1,0.83,23472.63,0.9035
2129,1,1,0.83,23499.67,1.0295
2130,1,1,0.83,23523.08,1.0479
2131,1,1,0.83,23548.27,0.8510
2132,0,1,0.83,23488.66,1.3778
2133,1,1,0.83,23506.41,1.0585
2134,1,1,0.83,23539.44,0.9484
2135,1,1,0.83,23560.83,0.9699
2136,1,1,0.83,23568.32,1.0745
2137,1,1,0.83,23604.98,0.9918
2138,1,1,0.83,23613.27,0.9981
2139,1,1,0.83,23639.36,0.9980
2140,1,1,0.83,23662.17,1.0323
2141,1,1,0.83,23701.93,1.0102
2142,1,1,0.83,23717.32,1.0243
2143,1,1,0.83,23745.09,0.9225
2144,1,1,0.83,23757.95,0.9091
2145,1,1,0.83,23774.12,0.9881
2146,1,1,0.83,23790.51,0.9938
2147,1,1,0.83,23830.53,0.9662
2148,1,1,0.83,23843.09,0.9591
2149,1,1,0.83,23860.02,1.0314
2150,1,1,0.83,23886.59,0.9938
2151,1,1,0.83,23903.07,0.9707
2152,1,1,0.83,23925.36,1.0035
2153,1,1,0.83,23959.67,1.0562
2154,1,1,0.83,23980.66,1.0393
2155,1,1,0.83,24010.73,0.9177
2156,1,1,0.83,24042.74,0.9593
2157,1,1,0.83,24060.28,1.0286
2158,1,1,0.83,24101.81,0.9659
2159,1,1,0.83,24165.22,1.0832
2160,1,1,0.83,24203.94,0.9663
2161,1,1,0.83,24223.88,1.0126
2162,1,1,0.83,24249.67,1.0259
2163,1,1,0.83,24220.74,1.3120
2164,1,1,0.83,24230.21,1.0234
2165,1,1,0.83,24255.03,1.0136
2166,1,1,0.83,24287.30,1.0620
2167,1,1,0.83,24296.54,1.0168
2168,1,1,0.83,24314.88,1.0535
2169,1,1,0.83,24335.92,1.0025
2170,1,1,0.83,24357.56,0.9518
2171,1,1,0.83,24392.54,0.9333
2172,1,1,0.83,24417.06,0.9698
2173,1,1,0.83,24484.61,1.0603
2174,1,1,0.83,24499.04,1.0568
2175,1,1,0.83,24555.66,1.0698
2176,1,1,0.83,24579.74,1.0572
2177,1,1,0.83,24601.88,1.0451
2178,1,1,0.83,24629.21,1.0196
2179,1,1,0.83,24670.77,0.9677
2180,1,1,0.83,24737.00,1.0444
2181,1,1,0.83,24757.64,0.9939
2182,1,1,0.83,24778.34,0.9916
2183,1,1,0.83,24815.85,1.0098
2184,1,1,0.83,24837.14,1.0140
2185,1,1,0.83,24852.93,0.9813
2186,1,1,0.83,24889.84,1.0045
2187,1,1,0.83,24936.82,1.0136
2188,0,1,0.83,24877.21,1.5942
2189,1,1,0.83,24893.26,1.1751
2190,1,1,0.83,24919.69,1.0013
2191,1,1,0.83,24963.63,1.1180
2192,1,1,0.83,24983.40,0.9911
2193,1,1,0.83,25004.25,0.9298
2194,1,1,0.83,25022.74,0.9690
2195,1,1,0.83,25039.07,1.0438
2196,1,1,0.83,25070.59,0.9567
2197,1,1,0.83,25089.39,0.9130
2198,1,1,0.83,25118.51,0.9901
2199,1,1,0.83,25147.48,0.9834
2200,1,1,0.83,25163.32,0.9823
2201,0,1,0.83,25108.00,1.1677
2202,1,1,0.83,25119.61,1.1057
2203,0,1,0.83,25066.65,1.5293
2204,1,1,0.83,25092.19,1.0178
2205,1,1,0.83,25131.90,0.9550
2206,1,1,0.83,25151.04,0.9921
2207,1,1,0.83,25174.68,0.9991
2208,1,1,0.83,25180.34,0.9887
2209,1,1,0.83,25212.92,0.9669
2210,1,1,0.83,25235.51,0.9699
2211,1,1,0.83,25254.18,0.9438
2212,1,1,0.83,25275.95,0.9468
2213,1,1,0.83,25294.40,0.8704
2214,1,1,0.83,25327.17,0.8980
2215,1,1,0.83,25352.14,0.8796
2216,1,1,0.83,25382.01,0.8879
2217,1,1,0.83,25395.98,0.8703
2218,1,1,0.83,25417.91,0.9706
2219,1,1,0.83,25471.11,0.9721
2220,1,1,0.83,25521.69,0.9883
2221,1,1,0.83,25544.77,1.0186
2222,1,1,0.83,25606.19,0.9640
2223,1,1,0.83,25646.24,0.8997
2224,1,1,0.83,25686.32,0.9584
2225,1,1,0.83,25720.94,0.8292
2226,1,1,0.83,25803.37,0.8669
2227,1,1,0.83,25828.98,0.9226
2228,1,1,0.83,25853.19,0.8206
2229,1,1,0.83,25884.81,0.8843
2230,1,1,0.83,25894.81,1.0046
2231,1,1,0.83,25920.94,0.8856
2232,1,1,0.83,25940.43,0.8535
2233,1,1,0.83,25973.70,0.9330
2234,1,1,0.83,25980.80,0.8572
2235,0,1,0.83,25932.69,1.0776
2236,1,1,0.83,25950.69,0.9174
2237,1,1,0.83,25971.23,0.8922
2238,0,1,0.83,25930.38,1.0751
2239,1,1,0.83,25949.02,0.9372
2240,0,1,0.83,25901.36,1.0464
2241,1,1,0.83,25925.94,0.9180
2242,1,1,0.83,25995.33,0.9578
2243,1,1,0.83,26061.48,0.8696
2244,1,1,0.83,26086.32,0.9144
2245,1,1,0.83,26099.19,0.8845
2246,1,1,0.83,26122.78,0.8559
2247,1,1,0.83,26150.74,1.0031
2248,1,1,0.83,26197.96,0.9382
2249,0,1,0.83,26169.12,0.9839
2250,1,1,0.83,26188.31,0.9531
2251,1,1,0.83,26219.02,0.9328
2252,1,1,0.83,26243.10,0.9864
2253,1,1,0.83,26271.32,0.9268
2254,1,1,0.83,26292.75,0.9733
2255,1,1,0.83,26379.30,0.9555
2256,1,1,0.83,26398.84,0.9184
2257,0,1,0.83,26342.13,1.1594
2258,1,1,0.83,26361.37,0.9752
2259,1,1,0.83,26385.81,0.8899
2260,1,1,0.83,26409.24,0.8480
2261,1,1,0.83,26415.60,0.9126
2262,1,1,0.83,26447.27,0.9074
2263,1,1,0.83,26467.41,0.9188
2264,1,1,0.83,26497.72,0.8236
2265,1,1,0.83,26536.10,0.9257
2266,1,1,0.83,26564.12,0.9132
2267,1,1,0.83,26587.67,0.8634
2268,1,1,0.83,26604.81,0.8755
2269,1,1,0.83,26618.25,0.8732
2270,1,1,0.83,26633.89,0.8653
2271,1,1,0.83,26666.22,0.8857
2272,1,1,0.83,26690.47,0.8446
2273,1,1,0.83,26703.98,0.9034
2274,1,1,0.83,26724.03,0.9213
2275,1,1,0.83,26756.10,0.8929
2276,1,1,0.83,26810.64,0.9192
2277,1,1,0.83,26838.35,0.8459
2278,1,1,0.83,26891.39,0.9572
2279,1,1,0.83,26901.34,0.9092
2280,1,1,0.83,26921.77,0.8438
2281,1,1,0.83,26939.74,0.8651
2282,1,1,0.83,26953.39,0.9554
2283,1,1,0.83,26976.70,0.9201
2284,1,1,0.83,27000.87,0.8596
2285,1,1,0.84,27015.70,0.8489
2286,1,1,0.84,27041.99,0.8607
2287,1,1,0.84,27065.73,0.9130
2288,1,1,0.84,27105.35,1.0274
2289,1,1,0.84,27115.79,0.9721
2290,1,1,0.84,27144.01,0.8752
2291,1,1,0.84,27176.13,0.8757
2292,1,1,0.84,27205.00,0.9189
2293,1,1,0.84,27241.88,0.9395
2294,1,1,0.84,27271.36,1.0021
2295,1,1,0.84,27280.60,0.8964
2296,1,1,0.84,27312.87,0.8658
2297,1,1,0.84,27318.53,0.8894
2298,1,1,0.84,27352.60,0.8946
2299,1,1,0.84,27364.21,0.8658
2300,1,1,0.84,27386.56,0.9225
2301,1,1,0.84,27423.44,0.9696
2302,1,1,0.84,27451.06,1.0230
2303,1,1,0.84,27471.86,0.9488
2304,1,1,0.84,27510.97,0.9425
2305,1,1,0.84,27535.34,0.9980
2306,1,1,0.84,27553.73,0.9104
2307,1,1,0.84,27576.80,0.9194
2308,1,1,0.84,27614.18,0.9969
2309,1,1,0.84,27662.09,0.9749
2310,1,1,0.84,27697.31,1.0128
2311,1,1,0.84,27716.40,0.9663
2312,1,1,0.84,27730.99,0.9391
2313,1,1,0.84,27753.78,0.8682
2314,1,1,0.84,27805.27,0.9795
2315,1,1,0.84,27856.58,1.0074
2316,1,1,0.84,27866.49,1.0301
2317,1,1,0.84,27875.66,0.9979
2318,1,1,0.84,27898.79,0.9953
2319,1,1,0.84,27931.85,0.9770
2320,1,1,0.84,27961.27,0.9511
2321,1,1,0.84,27999.27,1.0507
2322,1,1,0.84,28006.16,0.9800
2323,1,1,0.84,28035.51,0.8977
2324,1,1,0.84,28079.29,0.9090
2325,1,1,0.84,28100.79,0.9847
2326,1,1,0.84,28123.57,1.0022
2327,1,1,0.84,28142.62,0.9567
2328,1,1,0.84,28184.01,1.0823
2329,1,1,0.84,28223.27,0.9632
2330,1,1,0.84,28248.86,0.9586
2331,1,1,0.84,28301.82,1.0373
2332,1,1,0.84,28326.52,0.9565
2333,1,1,0.84,28344.86,0.9960
2334,1,1,0.84,28363.16,1.0396
2335,1,1,0.84,28383.85,0.9497
2336,1,1,0.84,28436.02,1.0006
2337,1,1,0.84,28461.93,0.9593
2338,1,1,0.84,28500.46,1.0482
2339,1,1,0.84,28545.36,0.9544
2340,1,1,0.84,28586.83,0.9784
2341,1,1,0.84,28600.51,1.0019
2342,1,1,0.84,28624.21,0.9266
2343,1,1,0.84,28646.84,0.9779
2344,1,1,0.84,28679.35,0.8510
2345,1,1,0.84,28699.64,1.0317
2346,0,1,0.84,28643.87,1.2977
2347,1,1,0.84,28670.20,1.0256
2348,1,1,0.84,28702.33,1.0458
2349,1,1,0.84,28725.29,0.9445
2350,1,1,0.84,28757.89,0.9412
2351,1,1,0.84,28807.99,1.0255
2352,1,1,0.84,28813.50,1.0793
2353,1,1,0.84,28872.61,1.0586
2354,1,1,0.84,28900.47,0.8758
2355,1,1,0.84,28931.74,0.9117
2356,1,1,0.84,28946.13,0.9797
2357,1,1,0.84,28969.34,0.9960
2358,1,1,0.84,28999.48,1.0384
2359,1,1,0.84,29017.66,1.0875
2360,1,1,0.84,29055.17,0.9732
2361,1,1,0.84,29073.31,0.9271
2362,1,1,0.84,29113.20,0.9277
2363,1,1,0.84,29132.04,0.9803
2364,1,1,0.84,29157.21,0.9001
2365,1,1,0.84,29169.95,0.9264
2366,1,1,0.84,29211.95,0.9396
2367,1,1,0.84,29229.74,0.9878
2368,1,1,0.84,29261.06,1.0076
2369,1,1,0.84,29292.93,1.0360
2370,1,1,0.84,29330.23,0.9839
2371,1,1,0.84,29367.61,0.9310
2372,1,1,0.84,29404.57,0.9940
2373,1,1,0.84,29419.76,0.9555
2374,1,1,0.84,29440.20,0.8862
2375,1,1,0.84,29466.32,1.0014
2376,1,1,0.84,29495.97,1.0182
2377,1,1,0.84,29520.36,0.9688
2378,1,1,0.84,29526.72,0.8466
2379,1,1,0.84,29544.42,0.9257
2380,1,1,0.84,29580.38,0.9533
2381,1,1,0.84,29623.59,1.1210
2382,1,1,0.84,29647.84,0.9357
2383,1,1,0.84,29664.68,0.9109
2384,1,1,0.84,29693.10,0.9793
2385,1,1,0.84,29701.27,1.0485
2386,1,1,0.84,29721.01,0.9065
2387,1,1,0.84,29769.38,0.9504
2388,1,1,0.84,29799.61,0.8636
2389,1,1,0.84,29821.90,0.9323
2390,1,1,0.84,29833.97,0.9680
2391,1,1,0.84,29835.16,0.9914
2392,1,1,0.84,29884.95,0.9993
2393,1,1,0.84,29914.18,0.9850
2394,1,1,0.84,29929.35,0.9620
2395,1,1,0.84,29951.59,0.9516
2396,1,1,0.84,29950.02,1.0138
2397,1,1,0.84,29980.59,0.9197
2398,1,1,0.84,30005.76,0.9277
2399,1,1,0.84,30029.29,0.9520
2400,1,1,0.84,30035.70,0.9871
2401,1,1,0.84,30072.38,1.0345
2402,1,1,0.84,30084.66,0.9863
2403,1,1,0.84,30102.99,0.9130
2404,1,1,0.84,30124.08,1.0238
2405,1,1,0.84,30166.41,1.0757
2406,1,1,0.84,30185.85,0.9972
2407,1,1,0.84,30212.87,1.0787
2408,1,1,0.84,30218.53,1.0119
2409,1,1,0.84,30254.29,0.9738
2410,1,1,0.84,30279.36,0.9990
2411,1,1,0.84,30318.46,0.9992
2412,1,1,0.84,30352.04,0.9915
2413,1,1,0.84,30368.02,1.0736
2414,1,1,0.84,30397.64,0.9816
2415,1,1,0.84,30424.55,0.9530
2416,1,1,0.84,30440.47,1.0406
2417,1,1,0.84,30456.35,0.9793
2418,1,1,0.84,30472.04,0.9876
2419,1,1,0.84,30493.04,0.8739
2420,1,1,0.84,30530.46,0.9175
2421,1,1,0.84,30555.06,1.0555
2422,1,1,0.84,30600.24,1.0075
2423,1,1,0.84,30612.87,0.8999
2424,1,1,0.84,30633.12,0.9453
2425,1,1,0.84,30670.58,0.9283
2426,1,1,0.84,30689.73,0.9847
2427,1,1,0.84,30706.97,1.1015
2428,1,1,0.84,30734.88,0.9415
2429,1,1,0.84,30768.70,0.9797
2430,1,1,0.84,30789.24,0.9257
2431,1,1,0.84,30847.73,1.0397
2432,1,1,0.84,30869.47,1.0656
2433,1,1,0.84,30905.67,0.9493
2434,1,1,0.84,30940.58,0.9792
2435,1,1,0.84,30975.14,0.9175
2436,1,1,0.84,30999.45,0.9600
2437,1,1,0.84,31038.47,1.0491
2438,1,1,0.84,31079.08,1.0113
2439,1,1,0.85,31098.87,0.9605
2440,1,1,0.85,31117.77,0.9751
2441,1,1,0.85,31149.34,0.9784
2442,1,1,0.85,31158.33,0.9463
2443,1,1,0.85,31185.74,0.8781
2444,1,1,0.85,31202.98,0.9957
2445,1,1,0.85,31214.57,0.9928
2446,1,1,0.85,31224.04,0.9269
2447,1,1,0.85,31234.28,0.9853
2448,1,1,0.85,31276.46,0.9636
2449,1,1,0.85,31304.79,0.9479
2450,1,1,0.85,31339.06,0.9222
2451,1,1,0.85,31371.78,0.9613
2452,0,1,0.85,31328.71,1.1377
2453,1,1,0.85,31352.30,1.0814
2454,1,1,0.85,31387.12,1.0656
2455,1,1,0.85,31412.26,0.9937
2456,1,1,0.85,31448.40,0.9519
2457,1,1,0.85,31462.89,0.9731
2458,1,1,0.85,31491.40,0.9852
2459,1,1,0.85,31510.90,0.9446
2460,1,1,0.85,31530.69,1.0311
2461,1,1,0.85,31561.71,0.9707
2462,1,1,0.85,31580.81,0.9161
2463,1,1,0.85,31598.99,0.9461
2464,1,1,0.85,31620.92,0.8905
2465,1,1,0.85,31635.41,0.9873
2466,1,1,0.85,31642.48,0.9901
2467,1,1,0.85,31699.54,1.0950
2468,1,1,0.85,31726.61,0.9780
2469,1,1,0.85,31767.36,0.9980
2470,1,1,0.85,31788.25,0.9817
2471,1,1,0.85,31820.97,0.9900
2472,1,1,0.85,31860.31,1.0435
2473,1,1,0.85,31899.99,1.0218
2474,1,1,0.85,31931.06,0.9767
2475,1,1,0.85,31982.71,0.9742
2476,1,1,0.85,32001.74,0.9396
2477,1,1,0.85,32032.22,0.9117
2478,1,1,0.85,32073.30,0.9216
2479,1,1,0.85,32096.94,0.8787
2480,1,1,0.85,32147.76,1.0145
2481,1,1,0.85,32195.50,0.9533
2482,1,1,0.85,32246.22,1.0278
2483,1,1,0.85,32320.46,1.0788
2484,1,1,0.85,32331.33,1.0540
2485,1,1,0.85,32370.96,0.9436
2486,1,1,0.85,32399.13,0.9692
2487,1,1,0.85,32415.15,0.9342
2488,1,1,0.85,32443.67,0.9129
2489,1,1,0.85,32469.06,0.9154
2490,1,1,0.85,32490.40,0.9318
2491,1,1,0.85,32508.54,1.0058
2492,1,1,0.85,32536.95,0.9730
2493,1,1,0.85,32572.12,0.9936
2494,1,1,0.85,32595.15,0.9874
2495,1,1,0.85,32612.35,0.9717
2496,1,1,0.85,32628.40,0.9721
2497,1,1,0.85,32659.01,0.9219
2498,1,1,0.85,32671.74,0.9714
2499,1,1,0.85,32689.08,0.9459
2500,1,1,0.85,32703.92,0.9193
2501,1,1,0.85,32760.46,0.9967
2502,1,1,0.85,32795.23,0.9589
2503,1,1,0.85,32816.82,0.8991
2504,1,1,0.85,32837.55,0.9370
2505,1,1,0.85,32843.96,0.9402
2506,1,1,0.85,32853.21,1.0574
2507,1,1,0.85,32874.45,0.9254
2508,1,1,0.85,32903.06,0.8387
2509,1,1,0.85,32920.99,0.9172
2510,1,1,0.85,32954.06,0.9158
2511,1,1,0.85,32976.15,0.9151
2512,1,1,0.85,32996.94,0.9617
2513,1,1,0.85,33052.85,1.0597
2514,1,1,0.85,33110.93,0.9777
2515,1,1,0.85,33137.04,0.9376
2516,1,1,0.85,33153.71,0.9456
2517,1,1,0.85,33166.63,0.8512
2518,0,1,0.85,33110.76,1.1770
2519,1,1,0.85,33131.05,0.9702
2520,1,1,0.85,33160.27,0.9156
2521,1,1,0.85,33175.52,1.0026
2522,0,1,0.85,33118.69,1.3780
2523,1,1,0.85,33143.36,0.9498
2524,1,1,0.85,33170.97,0.9844
2525,1,1,0.85,33186.40,0.9658
2526,1,1,0.85,33232.67,0.9938
2527,1,1,0.85,33249.76,0.9813
2528,1,1,0.85,33280.09,0.9242
2529,1,1,0.85,33303.63,0.9077
2530,1,1,0.85,33337.65,0.8643
2531,1,1,0.85,33367.12,0.8662
2532,1,1,0.85,33377.54,1.0018
2533,1,1,0.85,33393.93,1.0900
2534,1,1,0.85,33412.40,0.8832
2535,1,1,0.85,33439.94,0.8738
2536,1,1,0.85,33478.90,1.0013
2537,0,1,0.85,33439.36,1.0235
2538,1,1,0.85,33460.66,0.9438
2539,1,1,0.85,33482.45,0.9804
2540,1,1,0.85,33508.48,0.9773
2541,1,1,0.85,33537.26,0.8774
2542,1,1,0.85,33571.08,0.8640
2543,1,1,0.85,33590.42,1.0401
2544,1,1,0.85,33625.04,0.9343
2545,1,1,0.85,33687.16,0.9899
2546,1,1,0.85,33702.35,1.0138
2547,1,1,0.85,33718.45,0.8621
2548,1,1,0.85,33752.37,0.9241
2549,0,1,0.85,33699.56,1.5521
2550,1,1,0.85,33708.60,1.4143
2551,1,1,0.85,33747.38,1.0616
2552,1,1,0.85,33762.92,1.0520
2553,1,1,0.85,33791.74,0.9658
2554,1,1,0.85,33823.97,1.0195
2555,1,1,0.85,33848.81,0.9344
2556,1,1,0.85,33883.27,0.8617
2557,1,1,0.85,33913.68,0.9017
2558,1,1,0.85,33927.14,0.9281
2559,1,1,0.85,33958.17,0.9076
2560,1,1,0.85,34005.58,0.9173
2561,1,1,0.85,34029.01,0.9198
2562,1,1,0.85,34070.73,0.8860
2563,1,1,0.85,34086.16,0.8817
2564,1,1,0.85,34131.43,0.9639
2565,1,1,0.85,34176.74,0.9362
2566,1,1,0.85,34193.33,0.8239
2567,1,1,0.85,34207.30,0.7874
2568,1,1,0.85,34232.27,0.9440
2569,1,1,0.85,34263.39,0.9000
2570,1,1,0.85,34292.33,0.9117
2571,1,1,0.85,34309.37,0.9485
2572,1,1,0.85,34341.88,0.9646
2573,1,1,0.85,34363.77,0.8095
2574,1,1,0.85,34384.91,0.7790
2575,1,1,0.85,34391.80,0.8284
2576,1,1,0.85,34430.75,0.7722
2577,1,1,0.85,34462.42,0.9353
2578,1,1,0.85,34481.00,0.8593
2579,1,1,0.85,34524.77,0.9479
2580,1,1,0.85,34574.70,1.0315
2581,1,1,0.85,34593.19,0.8152
2582,1,1,0.85,34617.83,0.8615
2583,1,1,0.85,34634.92,0.7818
2584,1,1,0.85,34676.46,0.8487
2585,1,1,0.85,34705.78,0.8206
2586,1,1,0.85,34714.77,0.8577
2587,1,1,0.85,34754.25,0.8440
2588,1,1,0.85,34759.96,0.8390
2589,1,1,0.85,34789.23,0.8417
2590,1,1,0.85,34816.40,0.8696
2591,1,1,0.85,34845.58,0.8195
2592,1,1,0.85,34876.25,0.9214
2593,1,1,0.85,34903.21,0.7790
2594,1,1,0.85,34921.65,0.8600
2595,1,1,0.85,34950.39,0.8337
2596,1,1,0.85,34968.13,0.7595
2597,1,1,0.85,34991.54,0.8872
2598,1,1,0.85,34999.83,0.8394
2599,1,1,0.85,35040.02,0.9195
2600,1,1,0.85,35067.69,0.7888
2601,1,1,0.85,35106.69,0.8611
2602,1,1,0.85,35173.38,0.9234
2603,1,1,0.85,35194.97,0.8515
2604,1,1,0.85,35214.51,0.9504
2605,1,1,0.85,35244.58,0.8599
2606,1,1,0.85,35276.95,0.8439
2607,1,1,0.85,35320.29,0.8939
2608,1,1,0.85,35345.88,0.7918
2609,1,1,0.85,35359.80,0.8871
2610,1,1,0.85,35407.52,0.9213
2611,1,1,0.85,35412.48,0.9729
2612,1,1,0.85,35441.42,0.9002
2613,1,1,0.85,35462.71,0.9166
2614,1,1,0.85,35478.45,0.9725
2615,1,1,0.85,35528.02,0.9068
2616,1,1,0.85,35557.08,0.8603
2617,1,1,0.85,35606.93,0.9090
2618,1,1,0.85,35628.42,0.8426
2619,1,1,0.85,35674.22,0.9549
2620,1,1,0.85,35689.55,0.9446
2621,1,1,0.85,35720.45,0.9148
2622,1,1,0.85,35739.48,0.8090
2623,1,1,0.85,35761.13,0.8792
2624,1,1,0.85,35794.39,0.8669
2625,1,1,0.85,35817.46,0.7697
2626,1,1,0.85,35859.74,0.8313
2627,1,1,0.85,35875.28,0.8599
2628,0,1,0.85,35831.22,1.1533
2629,1,1,0.85,35874.61,0.8240
2630,1,1,0.85,35896.50,0.8705
2631,1,1,0.85,35921.00,0.8311
2632,1,1,0.85,35949.72,0.8796
2633,1,1,0.85,35973.16,0.9275
2634,1,1,0.85,36017.90,0.8403
2635,1,1,0.85,36042.38,0.8332
2636,1,1,0.85,36060.92,0.9476
2637,1,1,0.85,36080.85,0.8585
2638,1,1,0.85,36103.25,0.8598
2639,1,1,0.85,36125.34,0.8095
2640,1,1,0.85,36150.67,0.8648
2641,1,1,0.85,36180.70,0.8420
2642,1,1,0.85,36210.87,0.7845
2643,1,1,0.85,36240.58,0.7955
2644,1,1,0.85,36255.95,0.8123
2645,1,1,0.85,36267.37,0.8859
2646,1,1,0.85,36282.29,0.8281
2647,1,1,0.85,36310.00,0.8439
2648,1,1,0.85,36350.72,0.8756
2649,1,1,0.86,36385.29,0.8313
2650,1,1,0.86,36407.68,0.8781
2651,1,1,0.86,36432.11,0.9105
2652,1,1,0.86,36454.10,0.8458
2653,1,1,0.86,36507.08,1.0436
2654,1,1,0.86,36535.56,0.9965
2655,1,1,0.86,36564.98,1.0056
2656,1,1,0.86,36582.22,0.9506
2657,1,1,0.86,36615.44,0.9593
2658,1,1,0.86,36655.52,0.9562
2659,1,1,0.86,36675.81,0.8621
2660,1,1,0.86,36703.05,0.8766
2661,1,1,0.86,36713.22,0.8929
2662,1,1,0.86,36763.10,0.9495
2663,1,1,0.86,36775.67,1.0353
2664,1,1,0.86,36796.95,0.9196
2665,1,1,0.86,36811.65,0.8940
2666,1,1,0.86,36818.54,1.0532
2667,1,1,0.86,36839.38,0.9151
2668,1,1,0.86,36865.83,0.8710
2669,1,1,0.86,36905.43,1.0019
2670,1,1,0.86,36926.17,0.8884
2671,1,1,0.86,36964.61,0.8918
2672,1,1,0.86,36981.75,1.0231
2673,1,1,0.86,37039.08,0.8153
2674,1,1,0.86,37064.04,0.9764
2675,1,1,0.86,37089.17,0.8829
2676,1,1,0.86,37111.96,0.8917
2677,1,1,0.86,37118.32,0.8896
2678,1,1,0.86,37149.54,0.8870
2679,1,1,0.86,37175.03,0.8700
2680,1,1,0.86,37189.80,0.9278
2681,1,1,0.86,37196.15,0.9175
2682,1,1,0.86,37224.72,0.9506
2683,1,1,0.86,37245.11,0.8625
2684,1,1,0.86,37251.07,0.8655
2685,1,1,0.86,37279.54,0.8163
2686,1,1,0.86,37290.41,0.8613
2687,1,1,0.86,37315.58,0.9656
2688,1,1,0.86,37343.50,0.9307
2689,1,1,0.86,37380.72,0.8641
2690,1,1,0.86,37398.87,0.8286
2691,1,1,0.86,37445.48,1.0126
2692,1,1,0.86,37451.19,0.9679
2693,1,1,0.86,37491.63,0.9761
2694,1,1,0.86,37512.73,0.9427
2695,1,1,0.86,37533.22,0.9595
2696,1,1,0.86,37586.77,0.8696
2697,1,1,0.86,37603.10,0.9533
2698,1,1,0.86,37630.44,0.8250
2699,1,1,0.86,37656.53,0.7886
2700,1,1,0.86,37679.82,0.9084
2701,1,1,0.86,37699.47,0.9378
2702,1,1,0.86,37714.30,0.9080
2703,1,1,0.86,37741.07,0.8638
2704,1,1,0.86,37746.58,1.0043
2705,1,1,0.86,37778.30,0.9218
2706,1,1,0.86,37804.51,0.9169
2707,1,1,0.86,37881.46,0.9299
2708,1,1,0.86,37925.89,0.9896
2709,1,1,0.86,37941.43,0.9248
2710,1,1,0.86,37978.80,0.9195
2711,1,1,0.86,37994.43,0.8968
2712,1,1,0.86,38020.41,0.9032
2713,1,1,0.86,38044.55,0.8894
2714,1,1,0.86,38059.87,0.9232
2715,1,1,0.86,38092.67,1.0237
2716,1,1,0.86,38116.64,0.9231
2717,1,1,0.86,38139.28,1.0074
2718,1,1,0.86,38154.87,0.8969
2719,1,1,0.86,38162.94,0.8761
2720,1,1,0.86,38190.60,0.8619
2721,1,1,0.86,38227.58,0.9302
2722,1,1,0.86,38266.40,0.8823
2723,1,1,0.86,38299.28,0.9997
2724,1,1,0.86,38317.27,0.8532
2725,1,1,0.86,38363.46,1.0189
2726,1,1,0.86,38388.37,0.9073
2727,1,1,0.86,38409.56,0.9232
2728,1,1,0.86,38418.81,0.9864
2729,1,1,0.86,38441.05,0.8785
2730,1,1,0.86,38447.94,0.9038
2731,1,1,0.86,38460.70,0.9184
2732,1,1,0.86,38499.65,0.8918
2733,1,1,0.86,38539.09,0.8898
2734,0,1,0.86,38484.56,1.0849
2735,1,1,0.86,38528.87,1.0533
2736,1,1,0.86,38544.90,0.9867
2737,1,1,0.86,38586.84,1.0661
2738,1,1,0.86,38621.44,0.9270
2739,1,1,0.86,38643.27,0.9297
2740,1,1,0.86,38671.48,0.9563
2741,1,1,0.86,38705.02,0.8961
2742,1,1,0.86,38728.98,0.9657
2743,1,1,0.86,38774.88,1.0240
2744,1,1,0.86,38810.25,0.9426
2745,1,1,0.86,38836.62,0.9263
2746,1,1,0.86,38873.04,0.9209
2747,1,1,0.86,38896.58,0.8773
2748,1,1,0.86,38921.15,0.9153
2749,1,1,0.86,38933.43,0.9279
2750,1,1,0.86,38944.78,0.9262
2751,1,1,0.86,38966.17,0.9825
2752,1,1,0.86,38991.93,0.9894
2753,1,1,0.86,39010.12,0.9741
2754,1,1,0.86,39056.76,0.9612
2755,1,1,0.86,39099.25,0.9628
2756,1,1,0.86,39120.24,0.9590
2757,1,1,0.86,39160.25,0.9933
2758,1,1,0.86,39213.08,0.9220
2759,1,1,0.86,39233.58,0.8803
2760,1,1,0.86,39270.00,0.8975
2761,1,1,0.86,39293.65,0.8827
2762,1,1,0.86,39314.49,0.8985
2763,1,1,0.86,39351.43,0.9287
2764,1,1,0.86,39367.52,0.9856
2765,1,1,0.86,39392.31,0.8899
2766,1,1,0.86,39436.68,0.9895
2767,1,1,0.86,39471.00,0.8789
2768,1,1,0.86,39508.28,0.9432
2769,1,1,0.86,39546.21,0.9489
2770,1,1,0.86,39605.41,1.0523
2771,1,1,0.86,39620.14,0.9780
2772,1,1,0.86,39655.01,0.9835
2773,1,1,0.86,39686.68,0.9631
2774,1,1,0.86,39692.38,0.9480
2775,1,1,0.86,39715.62,0.9134
2776,1,1,0.86,39743.93,0.8898
2777,1,1,0.86,39766.04,1.0486
2778,1,1,0.86,39810.45,0.9077
2779,1,1,0.86,39844.96,0.9582
2780,1,1,0.86,39876.40,0.9638
2781,1,1,0.86,39891.93,0.9681
2782,1,1,0.86,39906.30,0.9348
2783,0,1,0.86,39849.53,1.2187
2784,1,1,0.86,39862.64,1.0886
2785,1,1,0.86,39882.43,0.9918
2786,1,1,0.86,39908.75,0.9941
2787,1,1,0.86,39939.42,0.9722
2788,1,1,0.86,39962.41,0.9418
2789,1,1,0.86,39980.29,0.9376
2790,1,1,0.86,40031.40,1.0050
2791,1,1,0.86,40070.44,0.9203
2792,1,1,0.86,40094.47,0.9119
2793,1,1,0.86,40131.59,0.8581
2794,1,1,0.86,40148.83,0.9775
2795,1,1,0.86,40184.47,0.9426
2796,1,1,0.86,40214.44,0.9113
2797,1,1,0.86,40233.23,0.9549
2798,1,1,0.86,40259.32,0.9309
2799,1,1,0.86,40282.35,0.9384
2800,1,1,0.86,40348.34,0.9560
2801,1,1,0.86,40364.82,0.9569
2802,1,1,0.86,40384.26,0.9807
2803,1,1,0.86,40402.56,0.9517
2804,1,1,0.86,40424.50,0.9896
2805,1,1,0.86,40452.64,0.9409
2806,1,1,0.86,40473.93,0.9694
2807,1,1,0.86,40497.66,0.9825
2808,1,1,0.86,40527.78,0.9427
2809,1,1,0.86,40553.61,0.8429
2810,1,1,0.86,40587.88,0.9733
2811,1,1,0.86,40610.63,0.9437
2812,1,1,0.86,40621.50,0.9533
2813,1,1,0.86,40645.59,0.9047
2814,1,1,0.86,40663.67,0.9247
2815,1,1,0.86,40697.14,0.8607
2816,1,1,0.86,40721.73,0.8768
2817,1,1,0.86,40770.66,1.0666
2818,1,1,0.86,40798.58,0.9983
2819,1,1,0.86,40834.02,0.8802
2820,1,1,0.86,40853.30,0.8854
2821,1,1,0.86,40871.79,0.8012
2822,1,1,0.86,40889.28,0.9694
2823,1,1,0.86,40911.82,0.9168
2824,1,1,0.86,40917.53,0.9114
2825,1,1,0.86,40936.86,0.8749
2826,1,1,0.86,40972.90,1.0082
2827,1,1,0.86,40962.99,0.9929
2828,1,1,0.86,40995.44,0.9751
2829,1,1,0.86,41024.46,0.9410
2830,1,1,0.86,41058.48,0.9965
2831,1,1,0.86,41080.37,0.9887
2832,1,1,0.86,41104.31,1.0239
2833,1,1,0.86,41124.84,0.8406
2834,1,1,0.86,41144.64,0.9623
2835,1,1,0.86,41168.03,0.8685
2836,1,1,0.86,41174.39,0.9558
2837,1,1,0.86,41191.21,0.9766
2838,1,1,0.86,41211.05,0.8899
2839,1,1,0.86,41230.98,0.9866
2840,1,1,0.86,41271.46,0.9770
2841,1,1,0.86,41284.45,0.9383
2842,1,1,0.86,41324.80,1.0352
2843,1,1,0.86,41357.07,0.8863
2844,1,1,0.86,41373.65,0.8652
2845,1,1,0.86,41381.24,0.9523
2846,1,1,0.86,41400.84,0.9495
2847,1,1,0.86,41424.08,0.9793
2848,1,1,0.86,41440.41,0.8939
2849,1,1,0.86,41480.25,0.9970
2850,1,1,0.86,41495.03,0.9243
2851,1,1,0.86,41525.00,0.9059
2852,1,1,0.86,41544.10,0.9343
2853,1,1,0.86,41572.92,0.8770
2854,1,1,0.86,41593.11,0.8813
2855,0,1,0.86,41540.37,1.2709
2856,1,1,0.86,41559.47,0.9291
2857,1,1,0.86,41581.24,0.9814
2858,1,1,0.86,41595.39,0.9563
2859,1,1,0.86,41628.63,0.9803
2860,1,1,0.86,41636.22,0.9171
2861,1,1,0.86,41650.39,0.8853
2862,1,1,0.86,41670.88,0.9719
2863,1,1,0.86,41702.86,0.8704
2864,1,1,0.86,41737.58,0.8888
2865,1,1,0.86,41761.62,0.9087
2866,0,1,0.86,41706.94,1.1812
2867,1,1,0.86,41722.23,1.0897
2868,1,1,0.86,41746.86,0.9148
2869,1,1,0.86,41790.78,0.9801
2870,1,1,0.86,41812.77,0.9662
2871,1,1,0.86,41846.90,0.8991
2872,1,1,0.86,41878.57,0.8801
2873,1,1,0.86,41915.23,0.8773
2874,1,1,0.86,41948.06,1.0660
2875,1,1,0.87,41974.49,0.9677
2876,1,1,0.87,42004.46,0.9034
2877,1,1,0.87,42028.14,0.9042
2878,1,1,0.87,42050.98,1.0297
2879,1,1,0.87,42089.83,0.9706
2880,1,1,0.87,42115.00,0.9546
2881,1,1,0.87,42138.94,0.9398
2882,1,1,0.87,42165.67,0.9180
2883,1,1,0.87,42195.29,0.9243
2884,1,1,0.87,42211.12,0.9216
2885,1,1,0.87,42230.06,0.9142
2886,1,1,0.87,42252.00,0.8642
2887,1,1,0.87,42259.11,1.0624
2888,1,1,0.87,42286.12,0.9139
2889,1,1,0.87,42306.12,0.9258
2890,1,1,0.87,42346.36,1.0636
2891,1,1,0.87,42375.83,0.9966
2892,1,1,0.87,42396.72,0.9300
2893,1,1,0.87,42414.82,0.9674
2894,1,1,0.87,42456.07,0.9484
2895,1,1,0.87,42473.50,0.9220
2896,1,1,0.87,42495.01,0.9128
2897,1,1,0.87,42535.78,0.9539
2898,1,1,0.87,42559.97,0.9334
2899,1,1,0.87,42584.06,0.9064
2900,1,1,0.87,42602.76,0.9615
2901,1,1,0.87,42618.05,0.9365
2902,1,1,0.87,42637.19,0.9247
2903,1,1,0.87,42663.76,0.9277
2904,1,1,0.87,42682.21,0.9500
2905,1,1,0.87,42705.85,0.9036
2906,1,1,0.87,42717.67,0.8872
2907,1,1,0.87,42724.56,0.8639
2908,1,1,0.87,42745.65,0.9413
2909,1,1,0.87,42793.10,0.9811
2910,1,1,0.87,42820.42,0.9372
2911,1,1,0.87,42840.22,0.9476
2912,1,1,0.87,42874.74,0.8715
2913,1,1,0.87,42907.01,0.9300
2914,1,1,0.87,42926.96,0.9011
2915,1,1,0.87,42955.49,0.8784
2916,1,1,0.87,42968.48,0.8654
2917,1,1,0.87,43000.90,0.9009
2918,1,1,0.87,43026.15,0.9068
2919,1,1,0.87,43059.26,0.8229
2920,1,1,0.87,43075.55,0.9629
2921,1,1,0.87,43109.86,0.9092
2922,1,1,0.87,43137.03,0.9026
2923,1,1,0.87,43178.90,0.9261
2924,1,1,0.87,43223.09,0.8930
2925,1,1,0.87,43236.22,0.9199
2926,1,1,0.87,43208.48,0.9953
2927,1,1,0.87,43224.13,0.9947
2928,1,1,0.87,43266.45,0.9265
2929,1,1,0.87,43287.70,0.9013
2930,1,1,0.87,43323.74,0.9044
2931,1,1,0.87,43346.09,1.0225
2932,1,1,0.87,43376.07,0.9997
2933,1,1,0.87,43405.34,0.8126
2934,1,1,0.87,43444.72,0.9806
2935,1,1,0.87,43470.05,0.9892
2936,1,1,0.87,43518.88,0.9751
2937,1,1,0.87,43552.10,0.9268
2938,1,1,0.87,43579.17,0.9074
2939,1,1,0.87,43606.60,0.9311
2940,1,1,0.87,43631.28,0.9178
2941,1,1,0.87,43656.66,0.9085
2942,1,1,0.87,43685.37,1.0142
2943,1,1,0.87,43704.56,0.9274
2944,1,1,0.87,43728.15,0.8798
2945,1,1,0.87,43766.92,0.9469
2946,1,1,0.87,43799.34,0.9086
2947,1,1,0.87,43842.63,0.9097
2948,1,1,0.87,43864.10,0.9248
2949,1,1,0.87,43913.33,0.9063
2950,1,1,0.87,43988.61,0.9101
2951,1,1,0.87,44010.68,0.9017
2952,1,1,0.87,44048.08,0.9792
2953,1,1,0.87,44088.36,1.0063
2954,1,1,0.87,44111.15,0.9379
2955,1,1,0.87,44132.54,0.9554
2956,1,1,0.87,44152.69,0.8525
2957,1,1,0.87,44171.03,0.8783
2958,1,1,0.87,44205.20,0.9162
2959,1,1,0.87,44242.16,0.9501
2960,1,1,0.87,44282.68,0.9390
2961,1,1,0.87,44320.10,0.9480
2962,1,1,0.87,44339.74,0.8512
2963,1,1,0.87,44356.49,0.9552
2964,1,1,0.87,44382.73,0.9263
2965,1,1,0.87,44414.70,0.9771
2966,1,1,0.87,44431.94,0.9839
2967,1,1,0.87,44438.35,0.9280
2968,1,1,0.87,44449.22,0.9538
2969,1,1,0.87,44497.18,1.0100
2970,1,1,0.87,44502.83,0.9657
2971,1,1,0.87,44520.18,0.9860
2972,1,1,0.87,44547.31,0.9230
2973,1,1,0.87,44585.02,0.8640
2974,1,1,0.87,44631.54,0.9637
2975,1,1,0.87,44654.48,0.8275
2976,1,1,0.87,44679.35,0.9147
2977,1,1,0.87,44718.03,0.9329
2978,1,1,0.87,44752.73,0.8705
2979,0,1,0.87,44720.14,0.9952
2980,1,1,0.87,44734.83,0.9731
2981,1,1,0.87,44754.17,0.9499
2982,1,1,0.87,44759.83,0.8750
2983,1,1,0.87,44778.87,0.9413
2984,1,1,0.87,44807.94,0.8905
2985,1,1,0.87,44863.82,1.0689
2986,1,1,0.87,44893.64,0.9035
2987,1,1,0.87,44909.28,0.9682
2988,1,1,0.87,44952.40,1.0267
2989,1,1,0.87,44975.24,0.9784
2990,1,1,0.87,45002.06,0.9675
2991,1,1,0.87,45021.76,0.9008
2992,1,1,0.87,45054.38,0.9325
2993,1,1,0.87,45079.49,0.9617
2994,1,1,0.87,45099.98,1.0029
2995,1,1,0.87,45137.22,0.9119
2996,1,1,0.87,45160.26,0.9943
2997,1,1,0.87,45188.35,1.0448
2998,1,1,0.87,45211.89,0.8676
2999,1,1,0.87,45227.21,0.8652
3000,1,1,0.87,45264.73,0.9103
3001,1,1,0.87,45281.21,0.8983
3002,0,1,0.87,45259.37,0.9716
3003,1,1,0.87,45302.27,0.8626
3004,1,1,0.87,45325.11,0.9264
3005,1,1,0.87,45342.36,1.0018
3006,1,1,0.87,45348.06,0.9873
3007,1,1,0.87,45356.83,0.9563
3008,0,1,0.87,45304.60,1.1707
3009,1,1,0.87,45331.37,0.8785
3010,1,1,0.87,45354.71,0.9545
3011,1,1,0.87,45380.90,0.9773
3012,1,1,0.87,45396.28,0.9530
3013,1,1,0.87,45416.43,0.8935
3014,1,1,0.87,45447.85,0.9304
3015,1,1,0.87,45477.16,0.8992
3016,1,1,0.87,45496.25,1.0338
3017,1,1,0.87,45538.76,0.9154
3018,1,1,0.87,45571.23,0.9377
3019,1,1,0.87,45584.66,0.9694
3020,1,1,0.87,45596.71,0.9791
3021,1,1,0.87,45615.10,0.9983
3022,1,1,0.87,45645.17,0.9532
3023,1,1,0.87,45690.67,0.9273
3024,1,1,0.87,45706.58,0.9493
3025,1,1,0.87,45745.85,0.8913
3026,1,1,0.87,45785.40,0.9018
3027,1,1,0.87,45809.03,0.8272
3028,1,1,0.87,45841.60,1.0219
3029,1,1,0.87,45866.44,0.8575
3030,1,1,0.87,45877.56,0.8944
3031,1,1,0.87,45885.15,0.9208
3032,1,1,0.87,45919.37,0.9107
3033,1,1,0.87,45934.05,0.8638
3034,1,1,0.87,45955.19,1.0128
3035,1,1,0.87,45981.72,0.8843
3036,1,1,0.87,46012.29,0.9424
3037,1,1,0.87,46033.79,0.8886
3038,1,1,0.87,46073.87,1.0525
3039,1,1,0.87,46122.74,0.8745
3040,1,1,0.87,46117.22,0.9285
3041,1,1,0.87,46153.58,0.9291
3042,1,1,0.87,46185.05,1.0025
3043,1,1,0.87,46206.55,0.8753
3044,1,1,0.87,46232.16,0.8824
3045,1,1,0.87,46281.99,0.9369
3046,1,1,0.87,46313.75,0.9128
3047,1,1,0.87,46353.21,0.9471
3048,1,1,0.87,46388.38,0.8574
3049,1,1,0.87,46408.47,0.9394
3050,1,1,0.87,46414.83,0.8928
3051,1,1,0.87,46421.19,0.9156
3052,1,1,0.87,46453.60,0.9577
3053,1,1,0.87,46482.81,0.8894
3054,1,1,0.87,46524.83,0.8868
3055,1,1,0.87,46585.32,1.0722
3056,1,1,0.87,46592.81,0.9427
3057,1,1,0.87,46623.63,0.9301
3058,1,1,0.87,46641.62,0.9807
3059,1,1,0.87,46665.06,0.9420
3060,1,1,0.87,46691.79,0.9124
3061,1,1,0.87,46776.74,1.0510
3062,1,1,0.87,46786.78,1.0256
3063,1,1,0.87,46821.44,1.0459
3064,1,1,0.87,46849.95,0.9199
3065,1,1,0.87,46881.27,0.9730
3066,1,1,0.87,46908.79,0.9830
3067,1,1,0.87,46939.46,0.8816
3068,1,1,0.87,46980.31,0.9895
3069,1,1,0.87,47009.28,1.0077
3070,1,1,0.87,47035.49,0.8536
3071,1,1,0.87,47064.80,0.9124
3072,1,1,0.87,47099.46,0.9286
3073,1,1,0.87,47120.25,0.9474
3074,1,1,0.87,47144.54,0.9655
3075,1,1,0.87,47164.49,0.9045
3076,1,1,0.87,47189.80,0.8404
3077,1,1,0.87,47220.79,0.9606
3078,1,1,0.87,47235.52,0.9431
3079,1,1,0.87,47266.03,0.9915
3080,1,1,0.87,47285.62,0.9599
3081,1,1,0.87,47314.64,0.9714
3082,1,1,0.87,47350.06,0.9333
3083,1,1,0.87,47361.92,0.9163
3084,1,1,0.87,47373.97,0.9257
3085,1,1,0.87,47407.38,1.0051
3086,1,1,0.87,47442.19,0.9566
3087,1,1,0.87,47468.26,0.9324
3088,1,1,0.87,47485.44,0.9286
3089,1,1,0.87,47498.89,1.0283
3090,1,1,0.87,47534.65,0.9256
3091,1,1,0.87,47565.48,0.9271
3092,1,1,0.87,47591.42,0.8764
3093,1,1,0.87,47610.01,0.9360
3094,1,1,0.87,47634.12,0.9984
3095,1,1,0.87,47684.16,1.0441
3096,1,1,0.87,47700.18,0.9884
3097,1,1,0.87,47734.94,0.9254
3098,1,1,0.87,47754.08,0.9869
3099,1,1,0.87,47792.99,0.9679
3100,1,1,0.87,47828.11,0.9016
3101,1,1,0.87,47848.05,0.8662
3102,1,1,0.87,47868.94,0.9515
3103,1,1,0.87,47895.15,0.9355
3104,1,1,0.87,47933.43,0.8847
3105,1,1,0.87,47965.05,0.9086
3106,1,1,0.87,48036.93,1.0083
3107,1,1,0.87,48062.05,0.9122
3108,1,1,0.87,48091.14,0.9254
3109,1,1,0.87,48120.21,0.9366
3110,1,1,0.87,48146.48,0.9116
3111,1,1,0.87,48173.75,0.9078
3112,1,1,0.87,48193.25,0.9953
3113,1,1,0.87,48229.15,0.8978
3114,1,1,0.87,48214.34,0.9419
3115,1,1,0.87,48246.61,1.0090
3116,1,1,0.87,48268.10,0.9212
3117,1,1,0.87,48274.99,0.9922
3118,1,1,0.87,48309.27,0.9393
3119,1,1,0.87,48338.82,0.9723
3120,1,1,0.87,48375.91,0.9592
3121,1,1,0.87,48415.25,0.8905
3122,1,1,0.87,48456.40,0.8981
3123,1,1,0.87,48475.34,0.9827
3124,1,1,0.87,48517.18,0.9127
3125,1,1,0.87,48525.47,0.9192
3126,1,1,0.87,48547.26,0.9291
3127,1,1,0.87,48575.62,0.8176
3128,1,1,0.88,48582.41,0.8431
3129,1,1,0.88,48624.23,0.9230
3130,1,1,0.88,48638.85,0.9627
3131,1,1,0.88,48649.72,0.9873
3132,1,1,0.88,48656.82,0.9056
3133,0,1,0.87,48597.41,1.0756
3134,1,1,0.87,48624.82,0.9510
3135,1,1,0.87,48647.94,0.9761
3136,1,1,0.88,48674.65,0.8357
3137,1,1,0.88,48694.60,0.9288
3138,1,1,0.88,48720.37,0.8071
3139,0,1,0.87,48685.49,1.3611
3140,1,1,0.87,48713.91,1.0824
3141,1,1,0.87,48720.32,1.1007
3142,1,1,0.87,48768.18,1.0420
3143,1,1,0.87,48794.11,0.9303
3144,1,1,0.88,48822.54,0.9021
3145,1,1,0.88,48858.14,0.9544
3146,1,1,0.88,48903.37,0.9788
3147,1,1,0.88,48936.64,0.9635
3148,1,1,0.88,48970.24,0.9295
3149,1,1,0.88,48988.99,0.9135
3150,1,1,0.88,49004.23,0.9304
3151,1,1,0.88,49035.70,1.0142
3152,0,1,0.88,48989.53,1.2544
3153,1,1,0.88,49003.22,1.1885
3154,1,1,0.88,49036.33,0.9000
3155,1,1,0.88,49073.09,0.9005
3156,1,1,0.88,49096.68,0.9900
3157,1,1,0.88,49130.57,0.9112
3158,1,1,0.88,49146.16,0.8947
3159,1,1,0.88,49173.48,0.9895
3160,1,1,0.88,49228.08,0.9628
3161,1,1,0.88,49250.81,1.0036
3162,1,1,0.88,49294.78,0.8885
3163,1,1,0.88,49315.92,0.9682
3164,1,1,0.88,49338.13,1.0069
3165,1,1,0.88,49379.60,0.9616
3166,1,1,0.88,49420.70,0.9061
3167,1,1,0.88,49444.64,0.8814
3168,1,1,0.88,49516.58,1.0332
3169,1,1,0.88,49540.31,0.9427
3170,1,1,0.88,49571.37,0.9662
3171,1,1,0.88,49610.77,0.8948
3172,1,1,0.88,49627.25,0.8667
3173,1,1,0.88,49632.51,0.9723
3174,1,1,0.88,49662.53,0.8681
3175,1,1,0.88,49696.80,0.9010
3176,1,1,0.88,49719.95,0.9409
3177,1,1,0.88,49746.11,0.9398
3178,1,1,0.88,49761.43,1.0301
3179,1,1,0.88,49783.32,0.8938
3180,1,1,0.88,49816.45,0.9369
3181,1,1,0.88,49825.69,0.8301
3182,1,1,0.88,49844.58,0.9877
3183,1,1,0.88,49859.06,0.8942
3184,1,1,0.88,49904.48,0.9520
3185,1,1,0.88,49925.47,0.9498
3186,1,1,0.88,49941.99,0.8990
3187,1,1,0.88,49959.64,1.0388
3188,1,1,0.88,49988.96,0.8332
3189,1,1,0.88,50012.50,0.8465
3190,1,1,0.88,50030.08,0.9910
3191,1,1,0.88,50081.73,0.9450
3192,1,1,0.88,50145.46,0.9669
3193,1,1,0.88,50166.55,0.8722
3194,1,1,0.88,50194.27,0.9830
3195,1,1,0.88,50225.18,0.8364
3196,1,1,0.88,50255.82,0.8488
3197,1,1,0.88,50276.52,0.9400
3198,1,1,0.88,50312.79,0.9324
3199,1,1,0.88,50332.37,0.8989
3200,1,1,0.88,50366.58,0.8618
3201,1,1,0.88,50420.59,0.9579
3202,1,1,0.88,50447.10,0.8976
3203,1,1,0.88,50467.65,0.9252
3204,0,1,0.88,50408.53,1.2367
3205,1,1,0.88,50429.97,0.9839
3206,1,1,0.88,50447.45,0.9521
3207,1,1,0.88,50487.54,1.0806
3208,1,1,0.88,50505.13,0.8958
3209,1,1,0.88,50532.95,0.9469
3210,1,1,0.88,50556.38,0.8512
3211,1,1,0.88,50582.21,0.8665
3212,1,1,0.88,50609.86,0.8608
3213,1,1,0.88,50637.78,0.9344
3214,1,1,0.88,50658.83,0.8907
3215,1,1,0.88,50673.26,0.9193
3216,1,1,0.88,50695.95,0.8375
3217,1,1,0.88,50706.59,0.8175
3218,1,1,0.88,50722.13,0.8861
3219,1,1,0.88,50748.68,0.9612
3220,1,1,0.88,50775.88,0.9708
3221,1,1,0.88,50799.91,0.8517
3222,1,1,0.88,50828.25,0.9987
3223,1,1,0.88,50855.98,0.9334
3224,1,1,0.88,50900.70,0.9558
3225,1,1,0.88,50922.44,0.8792
3226,1,1,0.88,50945.61,0.8489
3227,1,1,0.88,50970.55,0.9025
3228,1,1,0.88,51015.66,0.8410
3229,1,1,0.88,51042.38,0.8622
3230,1,1,0.88,51082.50,0.9507
3231,1,1,0.88,51110.37,0.8732
3232,1,1,0.88,51139.79,0.8900
3233,1,1,0.88,51163.28,0.9515
3234,1,1,0.88,51197.52,0.9029
3235,1,1,0.88,51235.97,0.8654
3236,1,1,0.88,51293.41,1.0004
3237,1,1,0.88,51352.93,0.9634
3238,1,1,0.88,51380.84,0.8641
3239,1,1,0.88,51400.23,0.9301
3240,1,1,0.88,51418.52,0.9265
3241,1,1,0.88,51435.72,0.8878
3242,1,1,0.88,51463.48,0.7972
3243,1,1,0.88,51496.93,0.9398
3244,1,1,0.88,51542.98,0.8787
3245,1,1,0.88,51562.07,0.9048
3246,1,1,0.88,51568.96,0.8415
3247,1,1,0.88,51629.96,0.9008
3248,1,1,0.88,51650.45,0.9142
3249,1,1,0.88,51668.79,0.8687
3250,1,1,0.88,51681.30,0.8964
3251,1,1,0.88,51720.21,0.8798
3252,1,1,0.88,51753.89,1.0061
3253,1,1,0.88,51821.87,0.8795
3254,1,1,0.88,51837.89,0.8626
3255,1,1,0.88,51872.76,0.9380
3256,1,1,0.88,51904.03,0.9957
3257,1,1,0.88,51934.05,0.9025
3258,1,1,0.88,51966.82,0.9249
3259,1,1,0.88,51995.03,0.9689
3260,1,1,0.88,52008.66,0.9350
3261,1,1,0.88,52036.72,0.9779
3262,1,1,0.88,52062.86,0.8832
3263,1,1,0.88,52095.67,0.9220
3264,1,1,0.88,52112.92,0.9928
3265,1,1,0.88,52158.14,0.9196
3266,1,1,0.88,52200.04,0.8655
3267,1,1,0.88,52205.75,0.9014
3268,1,1,0.88,52251.85,0.9209
3269,1,1,0.88,52275.09,0.8906
3270,1,1,0.88,52298.43,0.8727
3271,1,1,0.88,52318.12,0.9682
3272,1,1,0.88,52346.64,0.9470
3273,1,1,0.88,52369.43,0.8527
3274,1,1,0.88,52393.62,0.9720
3275,1,1,0.88,52444.41,0.9394
3276,1,1,0.88,52469.48,0.8255
3277,1,1,0.88,52516.84,0.9323
3278,1,1,0.88,52550.96,0.8720
3279,1,1,0.88,52561.93,0.9042
3280,1,1,0.88,52629.08,1.0240
3281,0,1,0.88,52586.38,1.1549
3282,1,1,0.88,52611.22,0.9836
3283,1,1,0.88,52654.52,0.8888
3284,1,1,0.88,52686.22,0.8961
3285,1,1,0.88,52715.99,0.8662
3286,1,1,0.88,52722.88,0.9171
3287,1,1,0.88,52748.72,0.9966
3288,1,1,0.88,52768.97,1.0158
3289,1,1,0.88,52794.48,0.8800
3290,1,1,0.88,52814.97,0.9761
3291,1,1,0.88,52829.36,0.8950
3292,1,1,0.88,52847.36,0.9163
3293,1,1,0.88,52870.34,0.8388
3294,0,1,0.88,52817.93,0.9026
3295,1,1,0.88,52844.24,0.8114
3296,1,1,0.88,52871.01,0.9498
3297,1,1,0.88,52889.44,0.9505
3298,1,1,0.88,52917.76,0.8724
3299,1,1,0.88,52930.45,0.9208
3300,1,1,0.88,52991.82,0.9238
3301,1,1,0.88,53024.95,0.9334
3302,1,1,0.88,53056.01,0.8933
3303,1,1,0.88,53086.74,0.8862
3304,1,1,0.88,53108.94,0.9139
3305,1,1,0.88,53147.16,0.9061
3306,1,1,0.88,53177.16,0.8966
3307,0,1,0.88,53125.12,1.1910
3308,1,1,0.88,53145.67,0.9070
3309,1,1,0.88,53171.26,0.8960
3310,1,1,0.88,53199.53,1.0317
3311,1,1,0.88,53210.65,1.0367
3312,1,1,0.88,53249.78,0.9140
3313,1,1,0.88,53264.88,0.9293
3314,1,1,0.88,53292.15,0.8766
3315,1,1,0.88,53315.87,0.8871
3316,1,1,0.88,53338.98,0.9200
3317,1,1,0.88,53354.51,0.8928
3318,1,1,0.88,53380.28,0.8445
3319,1,1,0.88,53393.61,0.8769
3320,1,1,0.88,53417.18,0.9824
3321,1,1,0.88,53435.32,0.9088
3322,1,1,0.88,53455.72,0.9508
3323,1,1,0.88,53480.26,0.8743
3324,1,1,0.88,53507.41,0.8203
3325,1,1,0.88,53534.99,0.8019
3326,1,1,0.88,53550.62,0.8834
3327,1,1,0.88,53585.00,0.8362
3328,1,1,0.88,53597.75,0.8693
3329,1,1,0.88,53626.32,0.8010
3330,1,1,0.88,53651.83,0.9334
3331,1,1,0.88,53694.26,0.8322
3332,1,1,0.88,53724.82,0.8993
3333,1,1,0.88,53749.89,0.8281
3334,1,1,0.88,53799.76,0.8855
3335,1,1,0.88,53815.54,0.8949
3336,1,1,0.88,53837.28,0.9128
3337,1,1,0.88,53868.46,0.8317
3338,1,1,0.88,53900.93,0.7988
3339,1,1,0.88,53938.31,0.9254
3340,1,1,0.88,53952.72,0.9239
3341,1,1,0.88,53962.19,0.8443
3342,1,1,0.88,53989.27,0.8453
3343,1,1,0.88,54009.36,0.9059
3344,1,1,0.88,54028.50,0.8555
3345,1,1,0.88,54056.19,0.8078
3346,1,1,0.88,54076.99,0.8318
3347,1,1,0.88,54102.72,0.9121
3348,1,1,0.88,54149.72,0.9033
3349,1,1,0.88,54188.49,0.8903
3350,1,1,0.88,54196.55,0.9307
3351,0,1,0.88,54145.39,0.8823
3352,1,1,0.88,54174.96,0.9331
3353,1,1,0.88,54210.37,0.8442
3354,1,1,0.88,54275.74,0.8167
3355,1,1,0.88,54312.51,0.8034
3356,1,1,0.88,54337.20,0.7872
3357,1,1,0.88,54368.51,0.7996
3358,1,1,0.88,54399.28,0.8209
3359,1,1,0.88,54454.95,0.8420
3360,1,1,0.88,54485.58,0.8636
3361,1,1,0.88,54523.22,0.8637
3362,1,1,0.88,54544.96,0.8015
3363,1,1,0.88,54566.24,0.8463
3364,1,1,0.88,54586.49,0.7949
3365,1,1,0.88,54615.53,0.7748
3366,1,1,0.88,54652.55,0.8374
3367,1,1,0.88,54706.43,0.7937
3368,1,1,0.88,54729.72,0.8437
3369,1,1,0.88,54749.81,0.7857
3370,1,1,0.88,54809.68,0.8482
3371,1,1,0.88,54826.62,0.8490
3372,1,1,0.88,54857.34,0.6957
3373,1,1,0.88,54863.00,0.7620
3374,1,1,0.88,54886.40,0.7465
3375,1,1,0.88,54913.13,0.8054
3376,1,1,0.88,54957.64,0.8114
3377,1,1,0.88,54993.71,0.8421
3378,1,1,0.88,55009.36,0.8922
3379,1,1,0.88,55019.77,0.8887
3380,1,1,0.88,55053.33,0.8062
3381,1,1,0.88,55065.74,0.8480
3382,1,1,0.88,55099.32,0.7712
3383,1,1,0.88,55127.44,0.7606
3384,1,1,0.88,55146.94,0.8195
3385,1,1,0.88,55179.96,0.7948
3386,1,1,0.88,55202.01,0.7538
3387,1,1,0.88,55251.51,0.9351
3388,1,1,0.88,55278.52,0.9188
3389,1,1,0.88,55312.60,0.8683
3390,1,1,0.88,55335.57,0.7757
3391,1,1,0.88,55359.15,0.7605
3392,1,1,0.88,55401.53,0.9077
3393,1,1,0.88,55490.61,0.8475
3394,1,1,0.88,55505.29,0.9527
3395,1,1,0.88,55553.04,0.8562
3396,1,1,0.88,55566.91,0.8704
3397,1,1,0.88,55588.24,0.8841
3398,1,1,0.88,55603.87,0.9952
3399,1,1,0.88,55624.55,0.7283
3400,1,1,0.88,55652.73,0.8062
3401,1,1,0.88,55678.49,1.0079
3402,1,1,0.88,55705.63,0.9328
3403,1,1,0.88,55765.99,0.9069
3404,1,1,0.88,55793.28,0.9329
3405,1,1,0.88,55821.65,0.9259
3406,1,1,0.88,55846.84,0.9795
3407,1,1,0.88,55876.51,0.8725
3408,1,1,0.88,55962.94,0.8515
3409,1,1,0.88,55991.32,1.0293
3410,1,1,0.88,56021.49,0.8927
3411,1,1,0.88,56071.54,0.9947
3412,1,1,0.88,56107.45,0.8707
3413,1,1,0.88,56127.64,0.9070
3414,1,1,0.88,56169.65,0.9198
3415,1,1,0.88,56194.09,0.8930
3416,1,1,0.88,56207.52,0.8556
3417,1,1,0.88,56247.12,0.9286
3418,1,1,0.88,56258.62,0.9251
3419,1,1,0.88,56280.22,0.8652
3420,1,1,0.88,56291.80,0.8914
3421,1,1,0.88,56312.94,0.8233
3422,1,1,0.88,56345.76,1.0015
3423,1,1,0.88,56377.52,0.9642
3424,1,1,0.88,56401.07,0.8938
3425,1,1,0.88,56438.03,0.8406
3426,1,1,0.88,56455.77,0.9193
3427,1,1,0.88,56489.34,0.8653
3428,1,1,0.88,56498.81,0.8417
3429,1,1,0.88,56524.44,0.8947
3430,1,1,0.88,56551.86,0.8103
3431,1,1,0.88,56581.17,0.9750
3432,1,1,0.88,56607.38,0.8901
3433,1,1,0.88,56634.26,0.8474
3434,1,1,0.88,56646.82,0.8758
3435,1,1,0.88,56672.60,0.8723
3436,1,1,0.88,56696.83,0.9348
3437,1,1,0.88,56706.00,0.8769
3438,1,1,0.88,56735.80,0.9497
3439,1,1,0.88,56765.57,0.9718
3440,1,1,0.88,56789.96,0.9269
3441,1,1,0.88,56800.61,0.8044
3442,1,1,0.88,56809.38,0.8592
3443,1,1,0.88,56839.10,0.7906
3444,1,1,0.88,56849.14,0.9184
3445,1,1,0.88,56867.13,0.9367
3446,1,1,0.88,56893.04,0.8340
3447,1,1,0.88,56918.97,0.8898
3448,1,1,0.88,56945.09,0.9330
3449,1,1,0.88,56961.35,0.8507
3450,1,1,0.88,57023.05,1.0029
3451,1,1,0.88,57042.89,0.8687
3452,1,1,0.88,57078.26,0.9183
3453,1,1,0.88,57094.74,0.8762
3454,1,1,0.88,57143.32,0.9058
3455,1,1,0.88,57186.97,0.8518
3456,1,1,0.88,57214.55,0.9027
3457,1,1,0.88,57243.87,0.8485
3458,1,1,0.88,57270.46,0.7907
3459,1,1,0.88,57300.38,0.8215
3460,1,1,0.88,57309.17,0.8567
3461,1,1,0.88,57341.59,0.9039
3462,1,1,0.88,57385.95,0.8600
3463,1,1,0.88,57426.53,0.9096
3464,1,1,0.88,57448.62,0.7887
3465,1,1,0.88,57477.89,0.8344
3466,1,1,0.88,57510.06,0.8395
3467,1,1,0.88,57564.93,0.8379
3468,1,1,0.88,57581.37,0.7678
3469,1,1,0.88,57594.84,0.8482
3470,1,1,0.89,57637.80,0.9117
3471,1,1,0.89,57689.97,0.8385
3472,1,1,0.89,57735.01,0.8756
3473,1,1,0.89,57742.50,0.9453
3474,1,1,0.89,57748.16,0.9221
3475,1,1,0.89,57785.40,0.8412
3476,1,1,0.89,57818.01,0.8028
3477,1,1,0.89,57917.83,0.9162
3478,1,1,0.89,57932.78,0.8463
3479,1,1,0.89,57957.35,0.7594
3480,1,1,0.89,58008.58,0.8528
3481,1,1,0.89,58031.01,0.7881
3482,1,1,0.89,58052.55,0.8046
3483,1,1,0.89,58077.07,0.8667
3484,1,1,0.89,58103.13,0.8695
3485,1,1,0.89,58128.81,0.7906
3486,1,1,0.89,58200.21,0.8803
3487,1,1,0.89,58250.13,0.8450
3488,1,1,0.89,58285.96,0.8727
3489,1,1,0.89,58318.69,0.9000
3490,1,1,0.89,58340.63,0.8426
3491,1,1,0.89,58375.30,0.8361
3492,1,1,0.89,58394.79,0.8587
3493,1,1,0.89,58444.90,0.8425
3494,1,1,0.89,58483.83,0.8056
3495,1,1,0.89,58502.86,0.9056
3496,1,1,0.89,58531.63,0.7053
3497,1,1,0.89,58561.05,0.7513
3498,1,1,0.89,58581.34,0.9002
3499,1,1,0.89,58600.34,0.8083
3500,1,1,0.89,58635.05,0.8483
3501,1,1,0.89,58667.40,0.8613
3502,1,1,0.89,58686.99,0.8051
3503,0,1,0.89,58649.52,1.0769
3504,1,1,0.89,58654.53,1.0828
3505,1,1,0.89,58697.83,1.0246
3506,1,1,0.89,58727.85,0.9258
3507,1,1,0.89,58762.97,0.8365
3508,1,1,0.89,58794.44,0.9264
3509,1,1,0.89,58830.88,0.9790
3510,1,1,0.89,58863.09,0.8785
3511,1,1,0.89,58878.76,0.9086
3512,1,1,0.89,58905.14,0.9159
3513,1,1,0.89,58928.27,0.8824
3514,1,1,0.89,58954.89,0.9336
3515,1,1,0.89,58982.12,0.9648
3516,1,1,0.89,58991.36,0.8659
3517,1,1,0.89,59050.08,0.8638
3518,1,1,0.89,59055.74,0.8641
3519,1,1,0.89,59073.62,0.9407
3520,1,1,0.89,59108.48,0.8443
3521,1,1,0.89,59134.43,0.8540
3522,1,1,0.89,59157.52,0.9464
3523,1,1,0.89,59178.96,0.9340
3524,1,1,0.89,59193.38,0.9148
3525,1,1,0.89,59211.38,0.8909
3526,1,1,0.89,59252.53,0.8313
3527,1,1,0.89,59285.98,0.9186
3528,1,1,0.89,59300.00,0.9304
3529,1,1,0.89,59318.94,0.8931
3530,1,1,0.89,59333.62,0.7970
3531,1,1,0.89,59343.57,0.9695
3532,1,1,0.89,59373.48,0.8241
3533,1,1,0.89,59398.62,0.8572
3534,1,1,0.89,59424.10,0.8215
3535,1,1,0.89,59460.26,0.8948
3536,1,1,0.89,59472.00,0.8788
3537,1,1,0.89,59500.12,0.8678
3538,1,1,0.89,59512.63,0.9033
3539,1,1,0.89,59522.10,0.8784
3540,1,1,0.89,59549.26,0.7974
3541,1,1,0.89,59594.59,0.8136
3542,1,1,0.89,59623.22,0.8515
3543,1,1,0.89,59658.55,0.8670
3544,1,1,0.89,59701.75,0.9512
3545,1,1,0.89,59724.29,0.7759
3546,1,1,0.89,59774.27,0.9200
3547,1,1,0.89,59801.78,0.9345
3548,1,1,0.89,59827.08,0.8317
3549,1,1,0.89,59847.32,0.8247
3550,0,1,0.89,59793.79,1.4281
3551,1,1,0.89,59807.92,1.0905
3552,1,1,0.89,59860.59,1.0092
3553,1,1,0.89,59875.99,0.9020
3554,1,1,0.89,59891.44,0.8408
3555,1,1,0.89,59905.86,0.8892
3556,1,1,0.89,59945.48,0.8792
3557,1,1,0.89,59968.07,0.8612
3558,1,1,0.89,59997.07,0.8575
3559,1,1,0.89,60024.89,0.9151
3560,1,1,0.89,60061.88,0.9244
3561,1,1,0.89,60106.52,0.9755
3562,1,1,0.89,60133.40,0.8740
3563,1,1,0.89,60152.54,0.9286
3564,1,1,0.89,60181.37,0.8164
3565,1,1,0.89,60212.29,0.9091
3566,1,1,0.89,60253.18,0.8659
3567,1,1,0.89,60275.47,0.8846
3568,1,1,0.89,60292.25,0.8454
3569,1,1,0.89,60331.50,0.8798
3570,1,1,0.89,60338.29,0.9616
3571,1,1,0.89,60381.67,0.8863
3572,1,1,0.89,60411.09,0.8997
3573,1,1,0.89,60416.80,0.8927
3574,1,1,0.89,60446.51,0.8888
3575,1,1,0.89,60469.48,0.8978
1,1,1,1.00,21.39,1.2005
2,0,1,0.50,-33.58,1.2437
3,1,1,0.67,-5.55,1.1868
4,0,1,0.50,-58.02,1.2192
5,1,1,0.60,-38.78,1.1850
6,0,1,0.50,-93.25,1.2209
7,0,1,0.43,-144.92,1.2581
8,0,1,0.38,-196.34,1.2797
9,1,1,0.44,-180.24,1.2357
10,0,1,0.40,-229.80,1.2436
11,1,1,0.45,-212.21,1.2190
12,0,1,0.42,-267.58,1.2326
13,1,1,0.46,-238.61,1.2096
14,1,1,0.50,-219.97,1.1623
15,0,1,0.47,-271.04,1.2165
16,1,1,0.50,-244.82,1.1572
17,0,1,0.47,-299.09,1.1789
18,1,1,0.50,-266.48,1.1943
19,1,1,0.53,-246.04,1.1481
20,1,1,0.55,-238.68,1.1593
21,1,1,0.57,-214.45,1.1194
22,0,1,0.55,-263.21,1.1673
23,1,1,0.57,-252.67,1.1707
24,1,1,0.58,-240.59,1.1298
25,1,1,0.60,-225.35,1.1153
26,1,1,0.62,-209.18,1.1449
27,0,1,0.59,-265.51,1.1675
28,1,1,0.61,-254.54,1.2126
29,0,1,0.59,-310.31,1.2293
30,1,1,0.60,-281.44,1.1854
31,1,1,0.61,-256.50,1.1341
32,1,1,0.62,-233.03,1.1290
1,1,1,1.00,-3.76,1.2252
2,0,1,0.50,-54.88,1.2524
3,1,1,0.67,-27.30,1.1958
4,1,1,0.75,-0.63,1.1531
5,0,1,0.60,-52.97,1.1724
6,1,1,0.67,-42.22,1.1513
7,1,1,0.71,-16.96,1.1004
8,1,1,0.75,7.61,1.0627
9,1,1,0.78,31.41,1.0828
10,1,1,0.80,48.00,1.0536
11,1,1,0.82,64.69,1.0860
12,1,1,0.83,98.35,1.0478
13,1,1,0.85,120.39,1.0213
14,0,1,0.79,66.66,1.0907
15,0,1,0.73,14.28,1.1609
16,1,1,0.75,47.30,1.0797
17,1,1,0.76,67.73,1.0748
18,0,1,0.72,13.10,1.1181
19,1,1,0.74,31.54,1.0698
20,1,1,0.75,60.48,1.0657
21,1,1,0.76,79.66,1.0109
22,0,1,0.73,28.20,1.0608
23,1,1,0.74,53.14,1.0603
24,0,1,0.71,-4.58,1.1103
25,0,1,0.68,-66.04,1.1512
26,0,1,0.65,-109.00,1.2103
27,1,1,0.67,-88.76,1.1940
28,1,1,0.68,-60.65,1.1196
29,0,1,0.66,-103.91,1.1582
30,1,1,0.67,-87.27,1.1356
31,0,1,0.65,-142.04,1.1493
32,0,1,0.62,-195.47,1.1931
33,0,1,0.61,-244.58,1.2263
34,1,1,0.62,-215.76,1.1812
35,1,1,0.63,-197.47,1.1353
36,0,1,0.61,-249.94,1.1740
37,1,1,0.62,-254.68,1.2057
38,0,1,0.61,-309.41,1.2167
39,1,1,0.62,-292.82,1.1971
40,0,1,0.60,-345.08,1.2380
41,1,1,0.61,-321.95,1.1821
42,1,1,0.62,-300.05,1.1663
43,0,1,0.60,-345.46,1.1441
44,0,1,0.59,-398.58,1.2229
45,0,1,0.58,-448.04,1.2151
46,0,1,0.57,-505.36,1.2313
47,1,1,0.57,-492.45,1.2288
48,0,1,0.56,-536.72,1.2671
49,0,1,0.55,-584.91,1.2549
50,0,1,0.54,-639.34,1.2904
51,0,1,0.53,-694.11,1.4557
52,1,1,0.54,-672.27,1.4048
53,1,1,0.55,-656.67,1.3972
54,0,1,0.54,-710.94,1.4343
55,1,1,0.55,-688.30,1.4071
56,1,1,0.55,-660.63,1.3448
57,0,1,0.54,-713.96,1.3634
58,1,1,0.55,-693.22,1.3125
59,1,1,0.56,-686.22,1.3106
60,1,1,0.57,-665.74,1.1824
61,0,1,0.56,-701.15,1.2559
62,1,1,0.56,-673.58,1.1875
63,1,1,0.57,-657.90,1.2010
64,0,1,0.56,-710.33,1.2428
65,1,1,0.57,-698.24,1.2088
66,0,1,0.56,-758.40,1.2946
67,1,1,0.57,-743.12,1.2523
68,1,1,0.57,-712.05,1.2355
69,0,1,0.57,-768.12,1.2404
70,0,1,0.56,-819.94,1.3075
71,0,1,0.55,-875.11,1.2995
72,0,1,0.54,-927.34,1.3637
73,1,1,0.55,-905.30,1.3372
74,1,1,0.55,-872.17,1.2657
75,1,1,0.56,-854.19,1.2471
76,0,1,0.55,-910.86,1.2737
77,0,1,0.55,-967.73,1.3036
78,0,1,0.54,-1023.90,1.3663
79,0,1,0.53,-1079.77,1.3175
80,1,1,0.54,-1056.12,1.3471
81,1,1,0.54,-1041.09,1.3102
82,0,1,0.54,-1095.47,1.3235
83,1,1,0.54,-1072.58,1.3144
84,1,1,0.55,-1061.21,1.2745
85,1,1,0.55,-1037.88,1.2784
86,1,1,0.56,-1010.37,1.2329
87,1,1,0.56,-1000.58,1.2363
88,1,1,0.57,-987.15,1.2403
89,0,1,0.56,-1035.55,1.2844
90,0,1,0.56,-1096.35,1.3556
91,1,1,0.56,-1073.96,1.2751
92,0,1,0.55,-1128.83,1.2638
93,1,1,0.56,-1114.47,1.2767
94,0,1,0.55,-1158.73,1.2806
95,1,1,0.56,-1135.04,1.2821
96,1,1,0.56,-1110.93,1.2996
97,0,1,0.56,-1171.54,1.3310
98,1,1,0.56,-1152.40,1.2384
99,0,1,0.56,-1212.91,1.3458
100,0,1,0.55,-1255.19,1.2751
101,0,1,0.54,-1311.90,1.4561
102,0,1,0.54,-1361.57,1.4724
103,1,1,0.54,-1339.48,1.4567
104,0,1,0.54,-1391.79,1.4436
105,0,1,0.53,-1440.85,1.4380
106,1,1,0.54,-1417.47,1.4146
107,0,1,0.53,-1477.29,1.4265
108,1,1,0.54,-1464.61,1.3963
109,1,1,0.54,-1439.34,1.3704
110,0,1,0.54,-1494.97,1.3969
111,1,1,0.54,-1467.26,1.2544
112,0,1,0.54,-1514.38,1.4009
113,0,1,0.53,-1570.94,1.4206
114,1,1,0.54,-1549.75,1.3416
115,1,1,0.54,-1520.34,1.3635
116,0,1,0.53,-1564.57,1.3579
117,0,1,0.53,-1618.84,1.3683
118,1,1,0.53,-1593.50,1.2797
119,1,1,0.54,-1574.81,1.3031
120,1,1,0.54,-1547.28,1.3111
121,1,1,0.55,-1529.14,1.3198
122,0,1,0.54,-1586.60,1.3746
123,0,1,0.54,-1641.77,1.3661
124,0,1,0.53,-1697.64,1.4463
125,0,1,0.53,-1745.94,1.4281
126,1,1,0.53,-1739.88,1.4061
127,0,1,0.53,-1779.08,1.4028
128,1,1,0.53,-1769.18,1.3701
129,0,1,0.53,-1814.50,1.3550
130,0,1,0.52,-1867.02,1.3374
131,1,1,0.53,-1835.90,1.3513
132,0,1,0.52,-1892.23,1.3739
133,1,1,0.53,-1880.01,1.3638
134,0,1,0.52,-1931.33,1.3797
135,1,1,0.53,-1911.68,1.3371
136,0,1,0.52,-1974.49,1.3694
137,1,1,0.53,-1963.58,1.3166
138,1,1,0.53,-1953.28,1.3349
139,1,1,0.53,-1920.62,1.3020
140,1,1,0.54,-1896.83,1.2897
141,1,1,0.54,-1868.37,1.3215
142,0,1,0.54,-1915.98,1.3588
143,1,1,0.54,-1880.96,1.2848
144,0,1,0.53,-1936.53,1.3491
145,1,1,0.54,-1916.54,1.3022
146,1,1,0.54,-1894.55,1.3046
147,1,1,0.54,-1870.12,1.2822
148,0,1,0.54,-1924.59,1.3175
149,1,1,0.54,-1903.85,1.2790
150,1,1,0.55,-1874.18,1.2363
151,0,1,0.54,-1931.70,1.3921
152,0,1,0.54,-1989.07,1.4658
153,0,1,0.54,-2042.20,1.5557
154,1,1,0.54,-2033.14,1.4853
155,0,1,0.54,-2089.61,1.4430
156,1,1,0.54,-2084.52,1.4944
157,1,1,0.54,-2067.84,1.4215
158,1,1,0.54,-2042.51,1.3364
159,0,1,0.54,-2096.14,1.3989
160,1,1,0.54,-2075.65,1.3680
161,1,1,0.55,-2060.43,1.3264
162,1,1,0.55,-2034.60,1.2990
163,0,1,0.55,-2090.97,1.3151
164,1,1,0.55,-2070.63,1.3406
165,0,1,0.55,-2114.91,1.3787
166,0,1,0.54,-2163.52,1.3507
167,0,1,0.54,-2207.78,1.4385
168,1,1,0.54,-2185.09,1.3886
169,1,1,0.54,-2162.76,1.3269
170,1,1,0.55,-2140.73,1.2866
171,0,1,0.54,-2188.99,1.3118
172,1,1,0.55,-2165.31,1.3221
173,1,1,0.55,-2143.07,1.3314
174,0,1,0.55,-2198.24,1.3575
175,0,1,0.54,-2253.55,1.3978
176,1,1,0.55,-2232.71,1.4020
177,0,1,0.54,-2291.16,1.4426
178,0,1,0.54,-2346.93,1.4000
179,1,1,0.54,-2332.15,1.3939
180,0,1,0.54,-2388.92,1.3990
181,0,1,0.54,-2444.25,1.4853
182,0,1,0.53,-2501.16,1.4797
183,1,1,0.54,-2490.91,1.4679
184,0,1,0.53,-2543.24,1.4596
185,0,1,0.53,-2581.78,1.5348
1,0,0,0.00,-0.84,1.1813
2,0,0,0.00,-55.01,1.2092
3,1,1,0.33,-22.89,1.1573
4,1,1,0.50,-7.66,1.1311
5,0,1,0.40,-59.37,1.1366
6,1,1,0.50,-38.08,1.0966
7,1,1,0.57,-29.63,1.0830
8,1,1,0.62,-9.54,1.0481
9,1,1,0.67,16.47,1.0486
10,0,1,0.60,-42.64,1.1161
11,1,1,0.64,-42.98,1.0937
12,1,1,0.67,-21.94,1.0765
13,0,1,0.62,-77.11,1.1209
14,0,1,0.57,-136.31,1.1719
15,1,1,0.60,-120.03,1.1397
16,1,1,0.62,-111.13,1.1280
17,1,1,0.65,-85.26,1.0842
18,1,1,0.67,-57.39,1.0638
19,0,1,0.63,-116.19,1.0902
20,1,1,0.65,-87.67,1.1217
21,0,1,0.62,-143.65,1.1312
22,1,1,0.64,-133.50,1.1347
23,1,1,0.65,-114.11,1.1024
24,1,1,0.67,-100.61,1.0832
25,1,1,0.68,-78.98,1.0829
26,0,1,0.65,-135.09,1.1270
27,1,1,0.67,-119.60,1.1257
28,0,1,0.64,-169.36,1.0882
29,0,1,0.62,-223.28,1.1720
30,0,1,0.60,-275.61,1.1893
31,1,1,0.61,-268.29,1.1729
32,1,1,0.62,-272.56,1.1348
33,0,1,0.61,-325.13,1.1388
34,0,1,0.59,-383.85,1.1801
35,0,1,0.57,-435.32,1.2008
36,0,1,0.56,-491.33,1.2765
37,0,1,0.54,-547.26,1.2838
38,1,1,0.55,-539.56,1.2208
39,0,1,0.54,-591.38,1.2677
40,0,1,0.53,-647.09,1.2740
41,1,1,0.54,-639.40,1.2663
42,0,1,0.52,-699.46,1.2741
43,1,1,0.53,-662.59,1.2739
44,1,1,0.55,-651.74,1.2435
45,0,1,0.53,-706.41,1.2407
46,1,1,0.54,-680.88,1.2447
47,0,1,0.53,-730.04,1.2780
48,0,1,0.52,-782.85,1.2835
49,1,1,0.53,-765.37,1.2439
50,0,1,0.52,-804.30,1.2595
51,0,1,0.51,-858.93,1.3951
52,0,1,0.50,-915.20,1.3944
53,0,1,0.49,-972.31,1.3976
54,0,1,0.48,-1036.12,1.4461
55,1,1,0.49,-1015.77,1.4381
56,0,1,0.48,-1074.28,1.4106
57,0,1,0.47,-1132.40,1.4351
58,0,1,0.47,-1192.31,1.4396
59,0,1,0.46,-1247.58,1.4499
60,1,1,0.47,-1236.69,1.4471
61,0,1,0.46,-1294.65,1.4185
62,0,1,0.45,-1343.16,1.4437
63,1,1,0.46,-1322.91,1.4312
64,0,1,0.45,-1383.77,1.4407
65,1,1,0.46,-1367.83,1.4133
66,0,1,0.45,-1426.24,1.4338
67,0,1,0.45,-1480.91,1.4310
68,0,1,0.44,-1535.49,1.4417
69,0,1,0.43,-1596.65,1.4652
70,0,1,0.43,-1641.11,1.4389
71,1,1,0.44,-1628.51,1.4405
72,0,1,0.43,-1671.69,1.4437
73,1,1,0.44,-1640.17,1.4219
74,0,1,0.43,-1701.18,1.4290
75,1,1,0.44,-1666.10,1.4153
76,0,1,0.43,-1705.63,1.3875
77,1,1,0.44,-1679.06,1.3913
78,0,1,0.44,-1739.37,1.4042
79,0,1,0.43,-1791.64,1.4036
80,1,1,0.44,-1776.15,1.4206
81,0,1,0.43,-1824.44,1.4121
82,0,1,0.43,-1879.02,1.4033
83,1,1,0.43,-1859.72,1.3640
84,0,1,0.43,-1916.33,1.3914
85,1,1,0.44,-1893.05,1.4386
86,1,1,0.44,-1874.51,1.4278
87,0,1,0.44,-1929.58,1.3670
88,1,1,0.44,-1915.54,1.3629
89,0,1,0.44,-1973.70,1.4165
90,0,1,0.43,-2027.01,1.4183
91,0,1,0.43,-2079.48,1.4108
92,0,1,0.42,-2133.61,1.4088
93,0,1,0.42,-2181.80,1.4505
94,0,1,0.41,-2235.48,1.4641
95,1,1,0.42,-2233.12,1.4514
96,1,1,0.43,-2205.01,1.4410
97,0,1,0.42,-2264.07,1.4232
98,0,1,0.42,-2300.88,1.4473
99,0,1,0.41,-2361.29,1.4524
100,1,1,0.42,-2342.75,1.4413
101,0,1,0.42,-2395.98,1.5084
102,1,1,0.42,-2368.96,1.5070
103,1,1,0.43,-2340.05,1.4696
104,0,1,0.42,-2400.91,1.4680
105,0,1,0.42,-2443.73,1.4796
106,0,1,0.42,-2506.09,1.4846
107,0,1,0.41,-2558.11,1.4780
108,1,1,0.42,-2521.79,1.4648
109,0,1,0.41,-2572.71,1.4597
110,0,1,0.41,-2634.61,1.4771
111,0,1,0.41,-2688.28,1.4686
112,1,1,0.41,-2672.57,1.4895
113,0,1,0.41,-2723.88,1.4922
114,0,1,0.40,-2776.66,1.4605
115,0,1,0.40,-2828.83,1.4792
116,0,1,0.40,-2875.74,1.4559
117,0,1,0.39,-2935.05,1.4372
118,0,1,0.39,-2985.86,1.4793
119,0,1,0.39,-3044.62,1.4955
120,0,1,0.38,-3100.15,1.4680
1,1,1,1.00,-6.57,1.0185
2,0,1,0.50,-57.18,1.0534
3,0,1,0.33,-111.01,1.0775
4,0,1,0.25,-164.44,1.0997
5,0,1,0.20,-216.20,1.1148
6,0,1,0.17,-271.06,1.1321
7,1,1,0.29,-239.90,1.0718
8,0,1,0.25,-282.76,1.1036
9,1,1,0.33,-272.21,1.0505
10,1,1,0.40,-255.40,1.0211
11,0,1,0.36,-313.81,1.0598
12,0,1,0.33,-365.98,1.0863
13,1,1,0.38,-341.53,1.0597
14,1,1,0.43,-318.00,1.0185
15,0,1,0.40,-362.27,1.0354
16,1,1,0.44,-348.84,1.0469
17,0,1,0.41,-399.55,1.0573
18,0,1,0.39,-452.32,1.0832
19,0,1,0.37,-491.22,1.0834
20,1,1,0.40,-469.28,1.0487
21,1,1,0.43,-440.11,1.0208
22,0,1,0.41,-500.73,1.0318
23,1,1,0.43,-479.48,1.0539
24,0,1,0.42,-523.32,1.0774
25,1,1,0.44,-496.41,1.0568
26,0,1,0.42,-543.31,1.0463
27,0,1,0.41,-599.62,1.0810
28,0,1,0.39,-645.49,1.1257
29,1,1,0.41,-632.70,1.1288
30,1,1,0.43,-606.09,1.0793
31,0,1,0.42,-655.10,1.0789
32,0,1,0.41,-707.87,1.1446
33,1,1,0.42,-685.78,1.1193
34,0,1,0.41,-729.95,1.1445
35,1,1,0.43,-704.56,1.0985
36,1,1,0.44,-680.13,1.1033
37,1,1,0.46,-660.63,1.1346
1,0,0,0.00,30.92,1.1536
2,1,1,0.50,32.52,1.0937
3,0,1,0.33,-26.64,1.1680
4,1,1,0.50,2.13,1.0939
5,1,1,0.60,23.06,1.0673
6,0,1,0.50,-36.25,1.1216
7,1,1,0.57,-11.02,1.0702
8,0,1,0.50,-63.65,1.1132
9,1,1,0.56,-50.95,1.0730
10,0,1,0.50,-109.27,1.0964
11,1,1,0.55,-85.68,1.1044
12,1,1,0.58,-60.43,1.0751
13,0,1,0.54,-109.89,1.0917
14,0,1,0.50,-164.06,1.1584
15,0,1,0.47,-210.53,1.2254
16,0,1,0.44,-258.74,1.2258
17,0,1,0.41,-309.51,1.2152
18,1,1,0.44,-275.04,1.2130
19,1,1,0.47,-255.95,1.1381
20,0,1,0.45,-296.09,1.1339
21,1,1,0.48,-269.30,1.1570
22,1,1,0.50,-250.99,1.1154
23,1,1,0.52,-216.53,1.0916
24,1,1,0.54,-200.40,1.1229
25,1,1,0.56,-192.80,1.0825
26,0,1,0.54,-247.82,1.1601
27,0,1,0.52,-291.49,1.1628
28,1,1,0.54,-278.06,1.1362
29,1,1,0.55,-258.71,1.1394
30,1,1,0.57,-228.99,1.0493
31,0,1,0.55,-282.46,1.1613
32,0,1,0.53,-328.79,1.1792
33,1,1,0.55,-300.01,1.1521
34,0,1,0.53,-356.18,1.2122
35,0,1,0.51,-409.75,1.2282
36,1,1,0.53,-386.02,1.1835
37,0,1,0.51,-434.38,1.1849
38,0,1,0.50,-491.05,1.2259
39,0,1,0.49,-550.26,1.2738
40,0,1,0.47,-598.07,1.3201
41,1,1,0.49,-574.13,1.2679
42,1,1,0.50,-548.02,1.2388
43,0,1,0.49,-602.05,1.2437
44,0,1,0.48,-650.96,1.2604
45,0,1,0.47,-711.97,1.2760
46,1,1,0.48,-683.80,1.2613
47,0,1,0.47,-741.82,1.2731
48,1,1,0.48,-727.47,1.2544
49,1,1,0.49,-698.25,1.1559
50,1,1,0.50,-686.36,1.1942
51,0,1,0.49,-741.03,1.3307
52,1,1,0.50,-718.89,1.2961
53,0,1,0.49,-778.70,1.3329
54,0,1,0.48,-831.73,1.3379
55,0,1,0.47,-887.14,1.3814
56,1,1,0.48,-876.64,1.3945
57,0,1,0.47,-932.97,1.3874
58,0,1,0.47,-986.94,1.4296
59,0,1,0.46,-1044.10,1.4198
60,0,1,0.45,-1099.27,1.4429
61,0,1,0.44,-1151.74,1.4557
62,0,1,0.44,-1211.90,1.4970
63,1,1,0.44,-1197.25,1.4446
64,0,1,0.44,-1248.26,1.4364
65,0,1,0.43,-1300.63,1.4618
66,1,1,0.44,-1282.79,1.4367
67,1,1,0.45,-1264.20,1.3905
68,0,1,0.44,-1318.73,1.3963
69,0,1,0.43,-1371.76,1.3988
70,1,1,0.44,-1359.27,1.3922
71,1,1,0.45,-1328.75,1.3612
72,0,1,0.44,-1390.11,1.3702
73,0,1,0.44,-1442.23,1.3910
74,0,1,0.43,-1490.44,1.3992
75,0,1,0.43,-1542.77,1.4066
76,0,1,0.42,-1598.90,1.4460
77,0,1,0.42,-1648.17,1.4563
78,1,1,0.42,-1634.90,1.4439
79,1,1,0.43,-1607.09,1.4178
80,1,1,0.44,-1581.28,1.3714
81,0,1,0.43,-1631.39,1.3787
82,1,1,0.44,-1613.65,1.3558
83,1,1,0.45,-1585.48,1.3549
84,1,1,0.45,-1557.99,1.3236
85,1,1,0.46,-1525.27,1.2299
86,1,1,0.47,-1505.92,1.3312
87,0,1,0.46,-1555.83,1.3227
88,0,1,0.45,-1613.15,1.3409
89,0,1,0.45,-1667.52,1.4074
90,1,1,0.46,-1650.78,1.3316
91,0,1,0.45,-1707.89,1.3478
92,0,1,0.45,-1755.79,1.4007
93,1,1,0.45,-1751.26,1.4218
94,0,1,0.45,-1807.63,1.4300
95,0,1,0.44,-1862.00,1.4233
96,1,1,0.45,-1837.37,1.4178
97,0,1,0.44,-1890.94,1.3859
98,1,1,0.45,-1871.40,1.3733
99,1,1,0.45,-1857.62,1.3925
100,0,1,0.45,-1914.08,1.4034
101,1,1,0.46,-1888.19,1.4907
102,1,1,0.46,-1867.09,1.4212
103,0,1,0.46,-1926.80,1.4292
104,0,1,0.45,-1980.97,1.4883
105,0,1,0.45,-2024.55,1.4814
106,0,1,0.44,-2081.52,1.4637
107,0,1,0.44,-2134.68,1.4982
108,0,1,0.44,-2183.95,1.4813
109,1,1,0.44,-2158.30,1.4900
110,1,1,0.45,-2146.26,1.4668
111,0,1,0.44,-2204.77,1.5053
112,0,1,0.44,-2256.03,1.5045
113,1,1,0.44,-2231.30,1.4734
114,1,1,0.45,-2209.76,1.4460
115,0,1,0.44,-2262.49,1.4366
116,1,1,0.45,-2246.40,1.4702
117,1,1,0.45,-2224.91,1.4004
118,1,1,0.46,-2199.40,1.4097
119,1,1,0.46,-2171.13,1.3854
120,0,1,0.46,-2227.25,1.4020
121,0,1,0.45,-2286.81,1.4113
122,0,1,0.45,-2340.74,1.4687
123,0,1,0.45,-2397.05,1.4834
124,1,1,0.45,-2387.82,1.4682
125,0,1,0.45,-2442.55,1.5118
126,0,1,0.44,-2488.61,1.4820
127,1,1,0.45,-2469.02,1.4558
128,0,1,0.45,-2519.75,1.4258
129,0,1,0.44,-2574.92,1.5023
130,0,1,0.44,-2628.04,1.4908
131,1,1,0.44,-2614.10,1.4598
132,1,1,0.45,-2615.23,1.4730
133,0,1,0.44,-2665.74,1.4623
134,1,1,0.45,-2656.15,1.4364
135,1,1,0.45,-2635.18,1.4379
136,0,1,0.45,-2694.73,1.4384
137,1,1,0.45,-2679.40,1.4151
138,1,1,0.46,-2667.53,1.3920
139,1,1,0.46,-2641.86,1.3410
140,0,1,0.46,-2699.12,1.4012
141,1,1,0.46,-2683.23,1.4036
142,1,1,0.46,-2660.99,1.3238
143,0,1,0.46,-2723.35,1.4093
144,0,1,0.46,-2771.71,1.3881
145,0,1,0.46,-2830.22,1.4130
146,0,1,0.45,-2878.51,1.4234
147,0,1,0.45,-2943.17,1.4409
148,1,1,0.45,-2927.29,1.4681
149,0,1,0.45,-2977.93,1.4391
150,1,1,0.45,-2948.71,1.4298
151,1,1,0.46,-2923.94,1.5230
152,1,1,0.46,-2885.72,1.4350
153,1,1,0.46,-2887.27,1.3777
154,0,1,0.46,-2944.04,1.4374
155,0,1,0.46,-2994.10,1.4845
156,1,1,0.46,-2977.96,1.4099
157,0,1,0.46,-3033.43,1.4477
158,1,1,0.46,-3010.40,1.4135
159,1,1,0.47,-2992.36,1.3843
160,0,1,0.46,-3046.83,1.4103
161,1,1,0.47,-3022.39,1.3981
162,1,1,0.47,-3003.70,1.3830
163,1,1,0.47,-2972.48,1.4002
164,1,1,0.48,-2955.60,1.3403
165,0,1,0.47,-3016.76,1.3838
166,0,1,0.47,-3065.17,1.3704
167,1,1,0.47,-3046.03,1.4402
168,1,1,0.48,-3018.92,1.3637
169,1,1,0.48,-2995.98,1.4036
170,0,1,0.48,-3038.55,1.4767
171,1,1,0.48,-3015.91,1.4116
172,0,1,0.48,-3078.12,1.4911
173,1,1,0.48,-3054.68,1.4179
174,0,1,0.48,-3111.65,1.5085
175,1,1,0.48,-3089.51,1.4682
176,1,1,0.48,-3066.42,1.4555
177,1,1,0.49,-3052.89,1.4773
178,0,1,0.48,-3096.52,1.5008
179,1,1,0.49,-3087.42,1.4258
180,1,1,0.49,-3064.11,1.3949
181,0,1,0.49,-3118.58,1.4701
182,0,1,0.48,-3171.26,1.4342
183,0,1,0.48,-3223.13,1.4782
184,0,1,0.48,-3279.24,1.4986
185,0,1,0.48,-3336.11,1.5535
186,1,1,0.48,-3320.05,1.5216
187,1,1,0.48,-3287.23,1.5183
188,0,1,0.48,-3333.99,1.4390
189,0,1,0.48,-3392.40,1.4433
190,1,1,0.48,-3364.06,1.5032
191,1,1,0.48,-3342.02,1.4951
192,0,1,0.48,-3400.13,1.4793
193,0,1,0.48,-3449.34,1.4944
194,0,1,0.47,-3502.66,1.5109
195,1,1,0.48,-3478.97,1.4694
196,0,1,0.47,-3533.44,1.4807
197,1,1,0.48,-3508.36,1.4705
198,0,1,0.47,-3566.48,1.4270
199,0,1,0.47,-3615.54,1.4578
200,0,1,0.47,-3673.85,1.4597
201,1,1,0.47,-3656.41,1.5635
202,0,1,0.47,-3714.72,1.4895
203,0,1,0.47,-3767.05,1.6012
204,1,1,0.47,-3746.16,1.5334
205,0,1,0.47,-3805.92,1.5081
206,1,1,0.47,-3791.27,1.5569
207,0,1,0.47,-3851.49,1.4849
208,0,1,0.47,-3906.42,1.5041
209,0,1,0.46,-3962.53,1.5027
210,0,1,0.46,-4005.19,1.5372
211,0,1,0.46,-4056.61,1.5708
212,0,1,0.46,-4109.48,1.5798
213,0,1,0.46,-4166.29,1.5615
214,0,1,0.45,-4214.19,1.6139
215,1,1,0.46,-4199.95,1.5469
216,0,1,0.45,-4247.66,1.5600
217,1,1,0.46,-4223.47,1.5599
218,1,1,0.46,-4207.23,1.5298
219,0,1,0.46,-4263.24,1.5362
220,1,1,0.46,-4237.91,1.5324
221,1,1,0.46,-4216.92,1.4739
222,0,1,0.46,-4268.69,1.4868
223,0,1,0.46,-4323.06,1.5097
224,0,1,0.46,-4372.02,1.5386
225,1,1,0.46,-4345.47,1.5032
226,1,1,0.46,-4326.24,1.4606
227,0,1,0.46,-4375.75,1.4719
228,0,1,0.46,-4425.11,1.4956
229,0,1,0.45,-4472.78,1.4917
230,1,1,0.46,-4456.04,1.5015
231,0,1,0.45,-4505.30,1.4695
232,0,1,0.45,-4567.91,1.5216
233,1,1,0.45,-4553.78,1.5201
234,1,1,0.46,-4539.28,1.4327
235,1,1,0.46,-4518.65,1.4474
236,0,1,0.46,-4569.08,1.4286
237,0,1,0.46,-4630.14,1.4926
238,1,1,0.46,-4613.35,1.4644
239,0,1,0.46,-4661.07,1.5091
240,1,1,0.46,-4629.44,1.4822
241,1,1,0.46,-4603.87,1.4359
242,0,1,0.46,-4649.94,1.4774
243,1,1,0.46,-4626.05,1.4535
244,0,1,0.46,-4687.76,1.4463
245,0,1,0.46,-4744.17,1.4888
246,0,1,0.46,-4803.98,1.4614
247,0,1,0.45,-4842.51,1.5027
248,0,1,0.45,-4899.63,1.5840
249,1,1,0.45,-4873.96,1.4899
250,1,1,0.46,-4850.57,1.5739
251,1,1,0.46,-4823.84,1.5585
252,0,1,0.46,-4884.70,1.5800
253,0,1,0.45,-4935.61,1.6333
254,1,1,0.46,-4916.82,1.5809
255,1,1,0.46,-4896.53,1.5561
256,1,1,0.46,-4884.00,1.5317
257,0,1,0.46,-4948.46,1.5827
258,1,1,0.46,-4917.69,1.5106
259,1,1,0.46,-4894.36,1.5522
260,1,1,0.47,-4870.12,1.5012
261,1,1,0.47,-4853.58,1.4491
262,1,1,0.47,-4836.19,1.4692
263,0,1,0.47,-4894.16,1.5353
264,1,1,0.47,-4870.71,1.4979
265,0,1,0.47,-4918.91,1.5185
266,1,1,0.47,-4891.50,1.4641
267,1,1,0.47,-4872.95,1.4196
268,0,1,0.47,-4923.41,1.4768
269,1,1,0.47,-4897.34,1.5085
270,1,1,0.47,-4873.30,1.4401
271,0,1,0.47,-4927.83,1.5397
272,0,1,0.47,-4976.09,1.5625
273,1,1,0.47,-4962.11,1.4763
274,1,1,0.47,-4948.38,1.4761
275,0,1,0.47,-4996.57,1.5256
276,1,1,0.47,-4979.08,1.5155
277,1,1,0.48,-4958.15,1.4748
278,1,1,0.48,-4954.09,1.4814
279,0,1,0.48,-5009.52,1.5112
280,1,1,0.48,-4986.99,1.5382
281,1,1,0.48,-4960.42,1.3796
282,0,1,0.48,-5009.83,1.4827
283,1,1,0.48,-4985.94,1.4900
284,0,1,0.48,-5039.00,1.5016
285,0,1,0.48,-5085.40,1.5412
286,0,1,0.48,-5141.83,1.5968
287,1,1,0.48,-5124.65,1.6075
288,1,1,0.48,-5115.50,1.5428
289,1,1,0.48,-5103.60,1.5945
290,0,1,0.48,-5152.66,1.5473
291,0,1,0.48,-5203.92,1.5234
292,1,1,0.48,-5191.77,1.5179
293,0,1,0.48,-5250.09,1.5108
294,1,1,0.48,-5231.94,1.5846
295,0,1,0.48,-5284.87,1.5321
296,0,1,0.48,-5338.10,1.5627
297,0,1,0.47,-5395.12,1.6050
298,0,1,0.47,-5445.08,1.6064
299,0,1,0.47,-5496.89,1.5894
300,1,1,0.47,-5466.93,1.5199
301,0,1,0.47,-5513.94,1.5637
302,1,1,0.47,-5493.70,1.5138
303,1,1,0.48,-5472.06,1.4931
304,0,1,0.47,-5522.73,1.5197
305,0,1,0.47,-5584.53,1.5453
306,0,1,0.47,-5639.10,1.6128
307,0,1,0.47,-5694.47,1.6421
308,0,1,0.47,-5752.22,1.6454
309,1,1,0.47,-5732.17,1.5486
310,1,1,0.47,-5727.04,1.5983
311,0,1,0.47,-5773.84,1.5887
312,1,1,0.47,-5745.77,1.5462
313,0,1,0.47,-5803.03,1.5750
314,1,1,0.47,-5789.00,1.5591
315,1,1,0.47,-5770.56,1.5225
316,1,1,0.47,-5759.00,1.4927
317,0,1,0.47,-5815.66,1.5220
318,0,1,0.47,-5873.72,1.5712
319,0,1,0.47,-5926.85,1.6156
320,0,1,0.47,-5982.27,1.5876
321,0,1,0.47,-6044.17,1.6620
322,0,1,0.47,-6079.78,1.6313
323,0,1,0.46,-6123.05,1.6755
324,1,1,0.47,-6101.70,1.6393
325,1,1,0.47,-6092.02,1.5860
326,0,1,0.47,-6143.85,1.5980
327,0,1,0.46,-6192.96,1.6341
328,1,1,0.47,-6175.31,1.5501
329,1,1,0.47,-6152.24,1.5823
330,1,1,0.47,-6137.51,1.5141
331,1,1,0.47,-6117.56,1.4905
332,0,1,0.47,-6164.36,1.4344
333,1,1,0.47,-6158.06,1.5432
334,0,1,0.47,-6220.37,1.5565
335,1,1,0.47,-6192.75,1.4897
336,0,1,0.47,-6244.11,1.5550
337,1,1,0.47,-6225.32,1.4744
338,0,1,0.47,-6275.28,1.5259
339,1,1,0.47,-6245.70,1.4540
340,0,1,0.47,-6296.32,1.4855
341,1,1,0.47,-6278.88,1.4988
342,0,1,0.47,-6330.99,1.5840
343,0,1,0.47,-6384.52,1.5718
344,1,1,0.47,-6372.57,1.4932
345,1,1,0.47,-6345.43,1.5184
346,0,1,0.47,-6402.69,1.5294
347,0,1,0.47,-6458.00,1.5893
348,1,1,0.47,-6435.31,1.5218
349,0,1,0.47,-6488.53,1.5222
350,1,1,0.47,-6470.68,1.6182
351,0,1,0.47,-6530.10,1.5398
352,0,1,0.47,-6588.36,1.5713
353,0,1,0.47,-6645.62,1.6613
354,1,1,0.47,-6635.92,1.6262
355,1,1,0.47,-6607.40,1.5350
356,0,1,0.47,-6668.06,1.5575
357,1,1,0.47,-6655.76,1.5195
358,1,1,0.47,-6627.67,1.4983
359,1,1,0.47,-6611.89,1.5289
360,0,1,0.47,-6665.02,1.5568
361,1,1,0.47,-6633.00,1.5161
362,0,1,0.47,-6681.51,1.5475
363,1,1,0.47,-6662.68,1.5656
364,0,1,0.47,-6719.15,1.5278
365,1,1,0.47,-6699.61,1.4891
366,0,1,0.47,-6751.02,1.4546
367,1,1,0.47,-6748.44,1.5246
368,1,1,0.48,-6733.27,1.5276
369,1,1,0.48,-6718.18,1.4894
370,0,1,0.48,-6777.14,1.5276
371,0,1,0.47,-6831.71,1.5434
372,0,1,0.47,-6889.87,1.6546
373,1,1,0.47,-6860.35,1.5417
374,1,1,0.48,-6836.58,1.4559
375,1,1,0.48,-6803.16,1.5185
376,1,1,0.48,-6791.19,1.5006
377,0,1,0.48,-6849.50,1.5455
378,0,1,0.48,-6908.72,1.5992
379,1,1,0.48,-6893.03,1.5182
380,1,1,0.48,-6894.74,1.4915
381,1,1,0.48,-6873.45,1.5424
382,1,1,0.48,-6876.45,1.4949
383,1,1,0.48,-6862.75,1.5284
384,1,1,0.48,-6834.23,1.5316
385,0,1,0.48,-6881.23,1.5369
386,0,1,0.48,-6936.30,1.5033
387,1,1,0.48,-6924.90,1.4755
388,0,1,0.48,-6974.06,1.5185
389,1,1,0.48,-6950.73,1.5204
390,1,1,0.48,-6933.75,1.4668
391,0,1,0.48,-6992.16,1.5208
392,1,1,0.48,-6960.54,1.4508
393,1,1,0.49,-6946.09,1.4622
394,0,1,0.48,-7001.42,1.5482
395,0,1,0.48,-7059.43,1.5148
396,0,1,0.48,-7116.99,1.5842
397,0,1,0.48,-7162.19,1.5938
398,0,1,0.48,-7205.93,1.5490
399,0,1,0.48,-7255.04,1.6150
400,1,1,0.48,-7240.61,1.5093
401,1,1,0.48,-7226.57,1.5914
402,0,1,0.48,-7284.58,1.5972
403,1,1,0.48,-7266.25,1.5677
404,1,1,0.48,-7250.51,1.5738
405,0,1,0.48,-7309.02,1.5733
406,1,1,0.48,-7283.66,1.5288
407,0,1,0.48,-7333.62,1.5203
408,1,1,0.48,-7305.70,1.4799
409,1,1,0.48,-7279.42,1.5035
410,0,1,0.48,-7326.59,1.5571
411,1,1,0.48,-7308.25,1.4647
412,0,1,0.48,-7354.66,1.5215
413,0,1,0.48,-7402.72,1.5632
414,1,1,0.48,-7377.89,1.5353
415,1,1,0.48,-7352.58,1.5310
416,0,1,0.48,-7402.04,1.5068
417,1,1,0.48,-7384.70,1.5330
418,1,1,0.49,-7364.15,1.4366
419,1,1,0.49,-7331.63,1.5005
420,0,1,0.49,-7382.25,1.5185
421,1,1,0.49,-7361.40,1.5470
422,1,1,0.49,-7358.10,1.4803
423,1,1,0.49,-7339.91,1.4419
424,0,1,0.49,-7387.27,1.4827
425,1,1,0.49,-7362.43,1.5217
426,1,1,0.49,-7332.31,1.4700
427,1,1,0.49,-7315.60,1.4455
428,1,1,0.49,-7301.43,1.4991
429,1,1,0.49,-7284.24,1.5074
430,1,1,0.50,-7263.29,1.4680
431,0,1,0.49,-7319.42,1.4372
432,1,1,0.50,-7287.51,1.4520
433,0,1,0.49,-7341.28,1.4682
434,1,1,0.50,-7327.80,1.4203
435,0,1,0.49,-7383.81,1.5116
436,0,1,0.49,-7431.27,1.6152
437,0,1,0.49,-7484.14,1.5944
438,0,1,0.49,-7538.41,1.6477
439,0,1,0.49,-7589.89,1.6391
440,0,1,0.49,-7648.20,1.6378
441,1,1,0.49,-7633.92,1.5389
442,1,1,0.49,-7604.15,1.4889
443,0,1,0.49,-7653.86,1.4776
444,1,1,0.49,-7634.03,1.4422
445,1,1,0.49,-7609.60,1.4465
446,1,1,0.49,-7584.33,1.4791
447,0,1,0.49,-7645.19,1.4288
448,1,1,0.49,-7628.01,1.4430
449,0,1,0.49,-7684.22,1.5159
450,0,1,0.49,-7738.95,1.5235
451,1,1,0.49,-7727.25,1.5114
452,1,1,0.49,-7703.54,1.4519
453,1,1,0.49,-7679.86,1.5122
454,0,1,0.49,-7731.68,1.5739
455,0,1,0.49,-7787.75,1.5604
456,0,1,0.49,-7844.77,1.6437
457,0,1,0.49,-7904.08,1.7069
458,0,1,0.49,-7963.09,1.7063
459,1,1,0.49,-7951.25,1.7024
460,0,1,0.49,-7991.48,1.6728
461,0,1,0.49,-8033.76,1.6978
462,1,1,0.49,-8028.47,1.6360
463,0,1,0.49,-8085.73,1.6613
464,1,1,0.49,-8079.07,1.6023
465,1,1,0.49,-8057.04,1.5843
466,0,1,0.49,-8108.90,1.5480
467,1,1,0.49,-8090.16,1.5767
468,0,1,0.49,-8137.97,1.5801
469,0,1,0.49,-8193.14,1.5671
470,1,1,0.49,-8167.71,1.6211
471,0,1,0.49,-8228.77,1.6271
472,0,1,0.49,-8280.98,1.6578
473,0,1,0.49,-8335.71,1.6453
474,1,1,0.49,-8314.67,1.6602
475,0,1,0.49,-8375.63,1.6801
476,0,1,0.49,-8433.39,1.7189
477,0,1,0.48,-8490.90,1.6927
478,1,1,0.49,-8476.35,1.7351
479,0,1,0.48,-8526.61,1.6837
480,0,1,0.48,-8579.89,1.7294
481,0,1,0.48,-8633.12,1.7018
482,0,1,0.48,-8675.68,1.6962
483,1,1,0.48,-8652.15,1.6890
484,0,1,0.48,-8708.48,1.6561
485,0,1,0.48,-8758.19,1.6994
486,1,1,0.48,-8753.40,1.6513
487,0,1,0.48,-8807.33,1.6317
488,1,1,0.48,-8789.52,1.6051
489,0,1,0.48,-8837.33,1.6744
490,0,1,0.48,-8891.34,1.6715
491,0,1,0.48,-8945.11,1.6716
492,0,1,0.48,-8997.49,1.6625
493,1,1,0.48,-8975.04,1.6635
494,1,1,0.48,-8948.91,1.6558
495,0,1,0.48,-9001.74,1.5975
496,0,1,0.48,-9054.31,1.6366
497,0,1,0.48,-9092.85,1.6587
498,1,1,0.48,-9078.33,1.6341
499,0,1,0.48,-9120.80,1.6105
500,1,1,0.48,-9091.83,1.6161
501,1,1,0.48,-9075.79,1.5612
502,1,1,0.48,-9058.48,1.4938
503,0,1,0.48,-9102.54,1.4594
504,0,1,0.48,-9164.60,1.5908
505,0,1,0.48,-9208.57,1.6146
506,1,1,0.48,-9194.63,1.6144
507,0,1,0.48,-9248.40,1.6146
508,0,1,0.48,-9289.74,1.5826
509,1,1,0.48,-9282.07,1.5652
510,1,1,0.48,-9260.34,1.5961
511,1,1,0.48,-9255.95,1.5158
512,1,1,0.48,-9246.07,1.5307
513,1,1,0.48,-9264.06,1.5178
514,0,1,0.48,-9318.79,1.4715
515,1,1,0.48,-9303.45,1.4920
516,1,1,0.48,-9280.31,1.5342
517,0,1,0.48,-9339.53,1.5121
518,1,1,0.48,-9311.51,1.5210
519,0,1,0.48,-9362.34,1.5046
520,0,1,0.48,-9419.11,1.6069
521,1,1,0.48,-9390.00,1.5722
522,0,1,0.48,-9453.61,1.6170
523,0,1,0.48,-9493.74,1.6370
524,0,1,0.48,-9544.85,1.5273
525,0,1,0.48,-9593.91,1.6305
526,1,1,0.48,-9560.90,1.5345
527,0,1,0.48,-9610.66,1.5287
528,1,1,0.48,-9587.22,1.4782
529,0,1,0.48,-9629.16,1.5112
530,1,1,0.48,-9609.06,1.4720
531,0,1,0.48,-9665.03,1.5107
532,1,1,0.48,-9650.98,1.5005
533,0,1,0.48,-9697.34,1.5100
534,0,1,0.48,-9741.06,1.5306
535,1,1,0.48,-9710.35,1.4315
536,0,1,0.48,-9756.60,1.4781
537,0,1,0.48,-9815.22,1.5733
538,0,1,0.48,-9878.73,1.6024
539,0,1,0.47,-9936.54,1.6489
540,0,1,0.47,-9986.60,1.6633
541,0,1,0.47,-10042.81,1.6513
542,1,1,0.47,-10048.34,1.6798
543,0,1,0.47,-10093.82,1.6162
544,1,1,0.47,-10067.80,1.4932
545,1,1,0.48,-10055.00,1.5157
546,0,1,0.47,-10109.33,1.5679
547,0,1,0.47,-10148.27,1.5644
548,0,1,0.47,-10207.48,1.5886
549,0,1,0.47,-10255.19,1.6244
550,1,1,0.47,-10239.60,1.5580
551,1,1,0.47,-10220.98,1.4689
552,1,1,0.47,-10220.33,1.3771
553,1,1,0.48,-10198.69,1.4908
554,0,1,0.47,-10247.70,1.4419
555,0,1,0.47,-10302.37,1.5421
556,0,1,0.47,-10354.70,1.5187
557,1,1,0.47,-10342.05,1.5302
558,1,1,0.47,-10312.58,1.4671
559,1,1,0.48,-10298.19,1.4708
560,1,1,0.48,-10267.37,1.4883
561,1,1,0.48,-10257.18,1.4426
562,1,1,0.48,-10233.14,1.4733
563,0,1,0.48,-10293.40,1.4518
564,0,1,0.48,-10346.93,1.5867
565,1,1,0.48,-10338.76,1.5547
566,1,1,0.48,-10318.97,1.4174
567,1,1,0.48,-10298.52,1.4507
568,1,1,0.48,-10280.33,1.5047
569,0,1,0.48,-10331.96,1.5499
570,0,1,0.48,-10374.43,1.4924
571,1,1,0.48,-10363.14,1.4290
572,0,1,0.48,-10420.58,1.4845
573,1,1,0.48,-10400.39,1.5275
574,0,1,0.48,-10449.40,1.5432
575,0,1,0.48,-10509.76,1.5345
576,1,1,0.48,-10480.80,1.5047
577,1,1,0.48,-10465.48,1.4457
578,1,1,0.48,-10424.67,1.4400
579,1,1,0.48,-10441.83,1.4824
580,1,1,0.48,-10414.70,1.5039
581,0,1,0.48,-10455.24,1.5449
582,1,1,0.48,-10436.92,1.4625
583,0,1,0.48,-10484.73,1.4394
584,0,1,0.48,-10534.49,1.4957
585,1,1,0.48,-10512.16,1.4695
586,0,1,0.48,-10561.80,1.4790
587,1,1,0.48,-10577.42,1.4626
588,1,1,0.48,-10573.73,1.4719
589,1,1,0.48,-10546.58,1.4635
590,1,1,0.48,-10534.85,1.5042
591,1,1,0.49,-10515.60,1.4021
592,1,1,0.49,-10540.82,1.4780
593,1,1,0.49,-10525.89,1.3895
594,0,1,0.49,-10583.36,1.4439
595,1,1,0.49,-10577.90,1.4864
596,0,1,0.49,-10631.43,1.5315
597,1,1,0.49,-10663.23,1.5586
598,0,1,0.49,-10694.22,1.5502
599,0,1,0.49,-10741.01,1.5449
600,0,1,0.48,-10778.78,1.5156
601,1,1,0.49,-10739.76,1.5234
602,0,1,0.49,-10782.98,1.5306
603,1,1,0.49,-10788.70,1.5360
604,1,1,0.49,-10791.61,1.4708
605,0,1,0.49,-10824.94,1.5177
606,0,1,0.49,-10878.07,1.5664
607,0,1,0.48,-10918.08,1.4849
608,0,1,0.48,-10960.45,1.5075
609,1,1,0.48,-10954.44,1.5791
610,1,1,0.49,-10933.55,1.5469
611,1,1,0.49,-10913.71,1.4859
612,0,1,0.49,-10962.37,1.4508
613,0,1,0.48,-11001.50,1.4338
614,1,1,0.49,-11017.40,1.5523
615,1,1,0.49,-11004.23,1.4196
616,0,1,0.49,-11053.05,1.5661
617,0,1,0.48,-11115.15,1.5765
618,1,1,0.49,-11102.16,1.5295
619,1,1,0.49,-11096.47,1.5180
620,1,1,0.49,-11105.71,1.4511
621,1,1,0.49,-11099.02,1.4771
622,1,1,0.49,-11086.03,1.4537
623,0,1,0.49,-11131.84,1.5042
624,0,1,0.49,-11188.81,1.5536
625,1,1,0.49,-11187.69,1.4466
626,1,1,0.49,-11193.21,1.4874
627,0,1,0.49,-11250.92,1.5336
628,0,1,0.49,-11298.48,1.6094
629,0,1,0.49,-11328.65,1.4729
630,0,1,0.49,-11385.36,1.5186
631,1,1,0.49,-11377.41,1.5211
632,1,1,0.49,-11400.05,1.4453
633,1,1,0.49,-11377.49,1.5109
634,0,1,0.49,-11428.46,1.5258
635,0,1,0.49,-11481.70,1.5343
636,1,1,0.49,-11461.51,1.4818
637,0,1,0.49,-11505.17,1.4572
638,1,1,0.49,-11457.76,1.4953
639,0,1,0.49,-11500.36,1.4634
640,0,1,0.49,-11545.30,1.5152
641,0,1,0.49,-11592.01,1.4085
642,1,1,0.49,-11577.52,1.4599
643,1,1,0.49,-11553.98,1.4777
644,1,1,0.49,-11527.91,1.4047
645,0,1,0.49,-11570.14,1.3841
646,1,1,0.49,-11540.32,1.4240
647,1,1,0.49,-11519.44,1.5184
648,1,1,0.49,-11503.90,1.3603
649,0,1,0.49,-11540.66,1.4539
650,1,1,0.49,-11516.47,1.5042
651,0,1,0.49,-11567.00,1.4790
652,0,1,0.49,-11617.22,1.5453
653,1,1,0.49,-11583.84,1.5212
654,0,1,0.49,-11617.67,1.4976
655,1,1,0.49,-11581.15,1.4620
656,1,1,0.49,-11585.73,1.4797
657,1,1,0.49,-11568.78,1.4622
658,1,1,0.49,-11547.47,1.5221
659,1,1,0.49,-11527.13,1.4522
660,1,1,0.49,-11540.48,1.4323
661,0,1,0.49,-11595.21,1.5000
662,1,1,0.49,-11578.40,1.4234
663,1,1,0.49,-11542.67,1.3787
664,0,1,0.49,-11598.54,1.4408
665,1,1,0.49,-11591.08,1.4056
666,1,1,0.49,-11570.52,1.4694
667,1,1,0.49,-11553.98,1.4907
668,1,1,0.50,-11520.68,1.4454
669,0,1,0.49,-11583.24,1.4842
670,1,1,0.50,-11594.99,1.4425
671,0,1,0.49,-11637.35,1.4230
672,1,1,0.50,-11611.41,1.4738
673,0,1,0.49,-11672.13,1.5151
674,1,1,0.50,-11652.59,1.4784
675,0,1,0.49,-11710.46,1.5208
676,0,1,0.49,-11768.77,1.6805
677,0,1,0.49,-11818.21,1.7628
678,1,1,0.49,-11811.85,1.7507
679,1,1,0.49,-11818.13,1.7377
680,1,1,0.50,-11797.54,1.5522
681,0,1,0.49,-11854.66,1.5975
682,0,1,0.49,-11911.02,1.5939
683,1,1,0.49,-11943.56,1.5889
684,1,1,0.50,-11936.67,1.5475
685,1,1,0.50,-11919.11,1.4999
686,1,1,0.50,-11907.60,1.4849
687,0,1,0.50,-11965.76,1.5407
688,0,1,0.50,-12027.02,1.5844
689,1,1,0.50,-12004.57,1.5152
690,1,1,0.50,-12000.10,1.5689
691,1,1,0.50,-11977.78,1.5104
692,0,1,0.50,-12037.44,1.4809
693,0,1,0.50,-12073.51,1.4446
694,0,1,0.50,-12122.34,1.4935
695,0,1,0.49,-12173.99,1.4739
696,0,1,0.49,-12218.62,1.5384
697,0,1,0.49,-12272.93,1.4773
698,0,1,0.49,-12323.69,1.4652
699,1,1,0.49,-12304.21,1.4309
700,1,1,0.49,-12291.07,1.4277
701,0,1,0.49,-12350.73,1.3961
702,1,1,0.49,-12328.10,1.4731
703,0,1,0.49,-12385.11,1.4646
704,0,1,0.49,-12427.39,1.5629
705,1,1,0.49,-12447.61,1.4718
706,0,1,0.49,-12501.98,1.5131
707,1,1,0.49,-12484.84,1.4939
708,0,1,0.49,-12539.61,1.5041
709,1,1,0.49,-12525.84,1.4849
710,0,1,0.49,-12581.07,1.4862
711,0,1,0.49,-12640.02,1.5382
712,1,1,0.49,-12620.78,1.5029
713,1,1,0.49,-12606.98,1.4723
714,1,1,0.49,-12588.44,1.4494
715,0,1,0.49,-12625.49,1.4496
716,0,1,0.49,-12671.29,1.4007
717,1,1,0.49,-12665.63,1.4352
718,0,1,0.49,-12726.59,1.5128
719,1,1,0.49,-12732.19,1.4192
720,0,1,0.49,-12784.62,1.5522
721,0,1,0.49,-12820.79,1.4927
722,0,1,0.49,-12867.58,1.4438
723,0,1,0.49,-12913.50,1.4710
724,0,1,0.49,-12971.13,1.6023
725,1,1,0.49,-12954.49,1.4849
726,1,1,0.49,-12946.32,1.4558
727,0,1,0.49,-13002.59,1.5235
728,1,1,0.49,-12996.23,1.5301
729,1,1,0.49,-12966.41,1.4577
730,1,1,0.49,-12942.68,1.4414
731,0,1,0.49,-12995.31,1.4465
732,0,1,0.49,-13046.78,1.5284
733,0,1,0.49,-13102.87,1.5658
734,0,1,0.49,-13157.24,1.5844
735,0,1,0.49,-13207.63,1.4871
736,0,1,0.49,-13241.15,1.4765
737,0,1,0.49,-13293.59,1.5096
738,1,1,0.49,-13269.01,1.4469
739,1,1,0.49,-13237.58,1.3648
740,1,1,0.49,-13225.65,1.4333
741,1,1,0.49,-13202.42,1.4320
742,0,1,0.49,-13250.43,1.4409
743,1,1,0.49,-13236.49,1.4351
744,1,1,0.49,-13227.15,1.4325
745,1,1,0.49,-13204.07,1.5162
746,0,1,0.49,-13249.11,1.3500
747,1,1,0.49,-13239.52,1.3924
748,1,1,0.49,-13211.58,1.4751
749,1,1,0.49,-13180.67,1.4565
750,0,1,0.49,-13230.11,1.4020
751,0,1,0.49,-13274.52,1.4742
752,1,1,0.49,-13242.70,1.3822
753,1,1,0.49,-13222.30,1.4633
754,1,1,0.49,-13203.66,1.4209
755,0,1,0.49,-13259.97,1.5475
756,0,1,0.49,-13302.63,1.4712
757,0,1,0.49,-13359.29,1.5035
758,1,1,0.49,-13346.22,1.4723
759,1,1,0.49,-13342.52,1.4396
760,0,1,0.49,-13396.29,1.5030
761,1,1,0.49,-13375.79,1.4257
762,1,1,0.49,-13355.01,1.5346
763,1,1,0.50,-13376.68,1.4222
764,0,1,0.49,-13391.37,1.4813
765,0,1,0.49,-13435.69,1.5034
766,1,1,0.49,-13417.77,1.4830
767,1,1,0.50,-13409.70,1.4101
768,0,1,0.49,-13461.11,1.4625
769,1,1,0.50,-13454.62,1.4698
770,0,1,0.49,-13455.01,1.4068
771,1,1,0.50,-13494.72,1.5306
772,0,1,0.49,-13534.67,1.5243
773,1,1,0.50,-13496.95,1.5347
774,1,1,0.50,-13490.59,1.4692
775,0,1,0.50,-13535.75,1.4448
776,0,1,0.49,-13589.26,1.4852
777,0,1,0.49,-13639.04,1.4933
778,0,1,0.49,-13687.33,1.4987
779,1,1,0.49,-13666.94,1.4024
780,1,1,0.49,-13647.41,1.4625
781,0,1,0.49,-13707.07,1.4855
782,1,1,0.49,-13696.90,1.4238
783,1,1,0.50,-13692.42,1.4681
784,0,1,0.49,-13747.70,1.4930
785,1,1,0.50,-13743.92,1.4992
786,1,1,0.50,-13727.84,1.5344
787,0,1,0.50,-13787.20,1.4701
788,1,1,0.50,-13774.18,1.4500
789,1,1,0.50,-13779.53,1.4340
790,1,1,0.50,-13769.22,1.3558
791,1,1,0.50,-13803.43,1.4685
792,1,1,0.50,-13803.47,1.5014
793,1,1,0.50,-13797.07,1.3894
794,1,1,0.50,-13775.58,1.4313
795,1,1,0.50,-13751.24,1.4125
796,1,1,0.50,-13737.03,1.4341
797,1,1,0.50,-13742.55,1.4652
798,1,1,0.50,-13726.02,1.4044
799,1,1,0.50,-13701.04,1.4135
800,0,1,0.50,-13746.35,1.4744
801,0,1,0.50,-13803.32,1.4669
802,0,1,0.50,-13842.36,1.5159
803,1,1,0.50,-13825.56,1.3533
804,1,1,0.50,-13821.79,1.3323
805,1,1,0.50,-13802.45,1.3555
806,0,1,0.50,-13853.41,1.4387
807,0,1,0.50,-13889.27,1.4740
808,1,1,0.50,-13866.98,1.3848
809,1,1,0.50,-13862.08,1.4117
810,1,1,0.50,-13840.92,1.3036
811,0,1,0.50,-13873.50,1.4257
812,1,1,0.50,-13914.06,1.4468
813,0,1,0.50,-13941.40,1.5178
814,0,1,0.50,-13976.17,1.4561
815,1,1,0.50,-13999.87,1.3939
816,1,1,0.50,-13969.51,1.4044
817,1,1,0.50,-13969.25,1.3148
818,0,1,0.50,-14002.30,1.4251
819,1,1,0.50,-13942.84,1.3648
820,1,1,0.50,-13937.14,1.3584
821,1,1,0.51,-13911.85,1.3408
822,1,1,0.51,-13905.52,1.3407
823,0,1,0.51,-13957.33,1.4539
824,1,1,0.51,-13945.76,1.4280
825,1,1,0.51,-13934.82,1.4345
826,1,1,0.51,-13918.93,1.3198
827,1,1,0.51,-13912.24,1.3837
828,1,1,0.51,-13899.12,1.4016
829,0,1,0.51,-13959.08,1.4022
830,1,1,0.51,-13952.72,1.4336
831,0,1,0.51,-14012.14,1.4342
832,1,1,0.51,-14028.63,1.5079
833,1,1,0.51,-14003.29,1.3641
834,1,1,0.51,-13966.35,1.3681
835,1,1,0.51,-13960.39,1.3540
836,0,1,0.51,-14007.90,1.4805
837,1,1,0.51,-13979.06,1.3369
838,1,1,0.51,-13979.63,1.4081
839,1,1,0.51,-13968.04,1.3618
840,1,1,0.51,-13956.93,1.3714
841,1,1,0.51,-13949.82,1.3389
842,0,1,0.51,-14005.09,1.4139
843,0,1,0.51,-14064.64,1.6317
844,1,1,0.51,-14055.30,1.5838
845,1,1,0.51,-14028.34,1.6259
846,1,1,0.51,-14009.84,1.6083
847,0,1,0.51,-14062.36,1.6275
848,1,1,0.51,-14023.98,1.5419
849,0,1,0.51,-14076.77,1.6192
850,0,1,0.51,-14083.75,1.4582
851,1,1,0.51,-14110.68,1.4240
852,1,1,0.51,-14070.11,1.3778
853,1,1,0.51,-14050.24,1.4012
854,0,1,0.51,-14079.90,1.4245
855,1,1,0.51,-14065.04,1.3504
856,1,1,0.51,-14042.81,1.3919
857,1,1,0.51,-14013.15,1.3656
858,0,1,0.51,-14042.67,1.3426
859,1,1,0.51,-14030.98,1.3856
860,1,1,0.52,-14062.40,1.3052
861,1,1,0.52,-14058.24,1.3329
862,1,1,0.52,-14036.08,1.3554
863,1,1,0.52,-14049.78,1.3918
864,1,1,0.52,-14011.81,1.2861
865,0,1,0.52,-14069.17,1.2938
866,1,1,0.52,-14056.67,1.3482
867,0,1,0.52,-14106.28,1.3330
868,1,1,0.52,-14092.52,1.3365
869,0,1,0.52,-14150.89,1.4469
870,0,1,0.52,-14213.65,1.5202
871,0,1,0.52,-14258.54,1.5064
872,1,1,0.52,-14231.48,1.3426
873,0,1,0.52,-14293.44,1.3403
874,1,1,0.52,-14285.85,1.4137
875,0,1,0.52,-14336.76,1.4426
876,1,1,0.52,-14373.74,1.4863
877,0,1,0.52,-14402.16,1.3504
878,1,1,0.52,-14388.13,1.3842
879,1,1,0.52,-14389.40,1.3002
880,1,1,0.52,-14381.81,1.3121
881,1,1,0.52,-14365.98,1.3849
882,0,1,0.52,-14416.51,1.3844
883,1,1,0.52,-14401.88,1.3250
884,1,1,0.52,-14419.93,1.4249
885,1,1,0.52,-14392.21,1.4360
886,0,1,0.52,-14451.72,1.4534
887,0,1,0.52,-14501.35,1.4451
888,0,1,0.52,-14546.88,1.3728
889,1,1,0.52,-14528.45,1.4135
890,0,1,0.52,-14524.21,1.3685
891,1,1,0.52,-14488.91,1.3876
892,1,1,0.52,-14484.44,1.2874
893,0,1,0.52,-14516.60,1.3871
894,1,1,0.52,-14510.24,1.3306
895,1,1,0.52,-14486.99,1.4156
896,1,1,0.52,-14481.29,1.3083
897,1,1,0.52,-14475.96,1.3262
898,1,1,0.52,-14467.89,1.3050
899,0,1,0.52,-14522.22,1.4092
900,1,1,0.52,-14501.48,1.3900
901,1,1,0.52,-14448.27,1.3394
902,0,1,0.52,-14492.86,1.4228
903,0,1,0.52,-14551.12,1.4323
904,1,1,0.52,-14529.47,1.3629
905,0,1,0.52,-14582.05,1.4205
906,0,1,0.52,-14587.75,1.4515
907,1,1,0.52,-14568.35,1.3216
908,1,1,0.52,-14548.56,1.4155
909,1,1,0.52,-14531.08,1.4057
910,1,1,0.52,-14476.64,1.4425
911,1,1,0.52,-14488.40,1.3818
912,1,1,0.52,-14477.50,1.3237
913,0,1,0.52,-14537.46,1.4178
914,1,1,0.52,-14511.87,1.3124
915,1,1,0.52,-14507.40,1.3995
916,1,1,0.52,-14476.05,1.3333
917,1,1,0.52,-14464.93,1.4176
918,1,1,0.52,-14459.76,1.3351
919,0,1,0.52,-14502.71,1.3477
920,0,1,0.52,-14561.43,1.3742
921,0,1,0.52,-14623.53,1.6279
922,1,1,0.52,-14601.74,1.4065
923,1,1,0.52,-14600.35,1.3638
924,1,1,0.52,-14610.95,1.3173
925,0,1,0.52,-14647.24,1.3201
926,1,1,0.52,-14579.74,1.3361
927,1,1,0.52,-14552.10,1.4337
928,0,1,0.52,-14598.30,1.3625
929,1,1,0.52,-14597.79,1.3693
930,1,1,0.52,-14586.04,1.2698
931,1,1,0.53,-14617.95,1.3821
932,0,1,0.52,-14666.37,1.3117
933,0,1,0.52,-14705.05,1.3824
934,1,1,0.52,-14695.01,1.4247
935,1,1,0.53,-14677.36,1.3448
936,0,1,0.52,-14733.88,1.3651
937,0,1,0.52,-14793.09,1.4747
938,1,1,0.52,-14769.36,1.3287
939,1,1,0.53,-14754.12,1.3878
940,1,1,0.53,-14736.23,1.3099
941,0,1,0.52,-14797.59,1.3459
942,1,1,0.53,-14778.31,1.3757
943,0,1,0.52,-14836.52,1.5050
944,1,1,0.53,-14805.75,1.3645
945,1,1,0.53,-14809.89,1.3144
946,0,1,0.53,-14869.85,1.3320
947,1,1,0.53,-14856.71,1.2693
948,1,1,0.53,-14845.32,1.3142
949,1,1,0.53,-14815.16,1.3515
950,1,1,0.53,-14799.79,1.3798
951,0,1,0.53,-14857.10,1.3665
952,1,1,0.53,-14844.82,1.3397
953,1,1,0.53,-14836.75,1.3993
954,0,1,0.53,-14873.38,1.3735
955,1,1,0.53,-14846.84,1.3632
956,0,1,0.53,-14905.00,1.3527
957,1,1,0.53,-14881.53,1.3913
958,0,1,0.53,-14938.70,1.3836
959,0,1,0.53,-14980.23,1.4501
960,1,1,0.53,-14963.85,1.4480
961,0,1,0.53,-15009.27,1.3968
962,1,1,0.53,-14997.20,1.3901
963,1,1,0.53,-14980.80,1.3298
964,0,1,0.53,-15039.66,1.3972
965,1,1,0.53,-15047.59,1.4351
966,1,1,0.53,-15037.25,1.3966
967,1,1,0.53,-15026.80,1.2761
968,0,1,0.53,-15063.42,1.4038
969,1,1,0.53,-15068.95,1.3778
970,1,1,0.53,-15036.79,1.4142
971,1,1,0.53,-15026.84,1.4261
972,1,1,0.53,-15021.13,1.3912
973,0,1,0.53,-15074.39,1.4389
974,1,1,0.53,-15070.11,1.4296
975,1,1,0.53,-15064.45,1.3572
976,1,1,0.53,-15051.09,1.4549
977,0,1,0.53,-15094.17,1.3607
978,1,1,0.53,-15081.10,1.3443
979,1,1,0.53,-15049.43,1.3637
980,1,1,0.53,-15026.52,1.3779
981,1,1,0.53,-15006.29,1.3810
982,1,1,0.53,-14988.50,1.3472
983,1,1,0.53,-14961.27,1.2782
984,1,1,0.53,-14955.62,1.3445
985,1,1,0.53,-14939.99,1.3877
986,1,1,0.53,-14914.24,1.3287
987,1,1,0.53,-14891.24,1.3517
988,1,1,0.54,-14871.13,1.3616
989,0,1,0.53,-14879.06,1.4351
990,1,1,0.54,-14858.67,1.3128
991,1,1,0.54,-14834.33,1.3401
992,1,1,0.54,-14827.44,1.2878
993,1,1,0.54,-14818.19,1.3731
994,0,1,0.54,-14863.55,1.4348
995,1,1,0.54,-14846.50,1.3807
996,1,1,0.54,-14817.32,1.4507
997,1,1,0.54,-14796.68,1.3223
998,1,1,0.54,-14801.43,1.2968
999,1,1,0.54,-14794.54,1.2925
1000,1,1,0.54,-14774.30,1.2685
1001,1,1,0.54,-14776.74,1.4674
1002,1,1,0.54,-14764.87,1.4113
1003,1,1,0.54,-14753.85,1.4169
1004,1,1,0.54,-14730.56,1.3533
1005,1,1,0.54,-14736.86,1.3302
1006,1,1,0.54,-14731.47,1.4148
1007,0,1,0.54,-14768.84,1.3615
1008,1,1,0.54,-14792.49,1.4080
1009,1,1,0.54,-14777.02,1.3434
1010,1,1,0.54,-14759.69,1.4085
1011,0,1,0.54,-14808.85,1.4513
1012,1,1,0.54,-14789.51,1.3883
1013,1,1,0.54,-14773.12,1.3637
1014,1,1,0.54,-14763.91,1.4838
1015,0,1,0.54,-14806.91,1.4131
1016,1,1,0.54,-14797.44,1.3434
1017,0,1,0.54,-14847.86,1.4183
1018,0,1,0.54,-14906.54,1.5073
1019,0,1,0.54,-14957.09,1.4359
1020,1,1,0.54,-14932.82,1.3745
1021,1,1,0.54,-14924.75,1.3375
1022,0,1,0.54,-14917.62,1.3877
1023,1,1,0.54,-14895.63,1.4132
1024,1,1,0.54,-14876.99,1.3820
1025,1,1,0.54,-14837.37,1.4164
1026,1,1,0.54,-14852.76,1.4113
1027,1,1,0.54,-14829.87,1.3508
1028,1,1,0.54,-14823.51,1.3580
1029,1,1,0.55,-14817.80,1.3493
1030,0,1,0.54,-14860.61,1.3963
1031,1,1,0.55,-14848.70,1.3248
1032,0,1,0.54,-14889.21,1.3695
1033,1,1,0.55,-14880.22,1.3455
1034,0,1,0.54,-14939.76,1.3656
1035,1,1,0.54,-14962.22,1.3799
1036,1,1,0.55,-14925.30,1.3868
1037,1,1,0.55,-14928.45,1.4035
1038,1,1,0.55,-14921.34,1.4398
1039,1,1,0.55,-14892.18,1.3751
1040,1,1,0.55,-14895.32,1.3924
1041,1,1,0.55,-14919.05,1.3458
1042,1,1,0.55,-14898.26,1.3677
1043,1,1,0.55,-14894.48,1.3907
1044,0,1,0.55,-14947.45,1.4128
1045,0,1,0.55,-14979.10,1.3876
1046,1,1,0.55,-14960.64,1.3646
1047,1,1,0.55,-14931.23,1.3844
1048,1,1,0.55,-14895.12,1.4138
1049,1,1,0.55,-14879.15,1.4228
1050,1,1,0.55,-14847.08,1.3170
1051,1,1,0.55,-14841.11,1.3650
1052,1,1,0.55,-14834.81,1.3458
1053,1,1,0.55,-14807.69,1.3536
1054,1,1,0.55,-14771.45,1.3467
1055,1,1,0.55,-14762.21,1.3810
1056,1,1,0.55,-14745.42,1.3731
1057,1,1,0.55,-14731.03,1.2937
1058,1,1,0.55,-14778.29,1.3807
1059,1,1,0.55,-14762.27,1.3543
1060,0,1,0.55,-14732.20,1.3685
1061,1,1,0.55,-14703.19,1.3287
1062,0,1,0.55,-14761.95,1.3458
1063,0,1,0.55,-14811.81,1.5008
1064,0,1,0.55,-14848.82,1.4101
1065,0,1,0.55,-14883.47,1.3875
1066,1,1,0.55,-14863.18,1.3457
1067,1,1,0.55,-14840.34,1.4308
1068,1,1,0.55,-14826.15,1.4042
1069,1,1,0.55,-14807.26,1.4064
1070,1,1,0.55,-14795.42,1.3824
1071,1,1,0.55,-14780.56,1.3874
1072,1,1,0.55,-14756.77,1.2673
1073,1,1,0.55,-14739.99,1.3328
1074,0,1,0.55,-14740.64,1.2996
1075,0,1,0.55,-14800.90,1.4440
1076,1,1,0.55,-14796.43,1.4299
1077,1,1,0.55,-14758.34,1.3958
1078,1,1,0.55,-14753.17,1.3737
1079,1,1,0.56,-14738.32,1.3604
1080,1,1,0.56,-14730.73,1.3508
1081,1,1,0.56,-14709.94,1.3170
1082,0,1,0.56,-14771.50,1.3611
1083,1,1,0.56,-14756.31,1.3315
1084,1,1,0.56,-14728.29,1.3124
1085,1,1,0.56,-14723.82,1.3549
1086,1,1,0.56,-14713.65,1.3593
1087,1,1,0.56,-14706.06,1.3438
1088,0,1,0.56,-14695.30,1.3420
1089,1,1,0.56,-14679.98,1.4579
1090,1,1,0.56,-14665.84,1.3377
1091,1,1,0.56,-14660.87,1.2985
1092,1,1,0.56,-14654.46,1.3006
1093,1,1,0.56,-14644.05,1.4391
1094,1,1,0.56,-14638.87,1.3065
1095,1,1,0.56,-14624.02,1.3573
1096,0,1,0.56,-14646.54,1.3887
1097,1,1,0.56,-14632.82,1.3073
1098,1,1,0.56,-14611.28,1.2739
1099,1,1,0.56,-14616.80,1.2537
1100,1,1,0.56,-14601.95,1.3135
1101,1,1,0.56,-14583.98,1.3795
1102,1,1,0.56,-14577.62,1.3107
1103,0,1,0.56,-14637.78,1.4276
1104,1,1,0.56,-14631.57,1.4445
1105,1,1,0.56,-14581.65,1.3592
1106,1,1,0.56,-14572.40,1.3970
1107,1,1,0.56,-14514.44,1.4041
1108,1,1,0.56,-14499.82,1.3342
1109,1,1,0.56,-14470.66,1.3479
1110,1,1,0.56,-14463.55,1.2977
1111,1,1,0.56,-14447.94,1.3360
1112,1,1,0.56,-14433.47,1.3955
1113,1,1,0.57,-14426.76,1.3101
1114,1,1,0.57,-14398.95,1.3368
1115,1,1,0.57,-14385.26,1.3889
1116,1,1,0.57,-14357.24,1.3675
1117,1,1,0.57,-14293.07,1.4527
1118,1,1,0.57,-14270.19,1.3490
1119,1,1,0.57,-14243.12,1.3209
1120,1,1,0.57,-14196.50,1.3262
1121,1,1,0.57,-14180.02,1.3781
1122,0,1,0.57,-14226.99,1.3435
1123,0,1,0.57,-14288.16,1.4809
1124,0,1,0.57,-14319.69,1.4376
1125,1,1,0.57,-14343.90,1.3824
1126,1,1,0.57,-14334.66,1.3946
1127,1,1,0.57,-14314.47,1.3880
1128,0,1,0.57,-14356.31,1.4105
1129,1,1,0.57,-14321.61,1.3278
1130,1,1,0.57,-14314.02,1.4029
1131,1,1,0.57,-14287.54,1.4110
1132,1,1,0.57,-14278.78,1.3615
1133,1,1,0.57,-14246.71,1.3766
1134,1,1,0.57,-14235.36,1.3641
1135,1,1,0.57,-14217.14,1.3868
1136,1,1,0.57,-14196.95,1.3437
1137,1,1,0.57,-14156.88,1.3204
1138,1,1,0.57,-14136.77,1.3255
1139,1,1,0.57,-14119.40,1.3288
1140,1,1,0.57,-14085.33,1.2418
1141,1,1,0.57,-14056.73,1.4017
1142,1,1,0.57,-14045.86,1.3002
1143,1,1,0.57,-14029.63,1.4510
1144,1,1,0.57,-14019.79,1.3509
1145,1,1,0.57,-14005.19,1.3426
1146,1,1,0.57,-13993.81,1.3048
1147,1,1,0.57,-13977.02,1.3566
1148,1,1,0.57,-13967.07,1.3273
1149,0,1,0.57,-14020.85,1.4346
1150,1,1,0.57,-14005.92,1.4309
1151,1,1,0.58,-13978.30,1.3781
1152,1,1,0.58,-13970.23,1.4062
1153,1,1,0.58,-13941.58,1.3297
1154,1,1,0.58,-13925.54,1.3878
1155,1,1,0.58,-13917.17,1.3538
1156,1,1,0.58,-13886.70,1.3540
1157,1,1,0.58,-13872.67,1.3807
1158,1,1,0.58,-13859.50,1.3595
1159,0,1,0.58,-13896.56,1.3718
1160,1,1,0.58,-13860.99,1.4294
1161,1,1,0.58,-13846.30,1.3415
1162,1,1,0.58,-13827.86,1.4426
1163,1,1,0.58,-13810.23,1.3390
1164,1,1,0.58,-13780.10,1.3625
1165,1,1,0.58,-13764.08,1.3637
1166,1,1,0.58,-13752.97,1.3706
1167,1,1,0.58,-13721.00,1.4252
1168,1,1,0.58,-13688.11,1.3480
1169,1,1,0.58,-13670.27,1.2782
1170,1,1,0.58,-13645.49,1.3253
1171,1,1,0.58,-13628.07,1.4695
1172,1,1,0.58,-13606.23,1.3873
1173,1,1,0.58,-13582.29,1.3175
1174,1,1,0.58,-13564.24,1.3302
1175,1,1,0.58,-13534.76,1.3801
1176,1,1,0.58,-13527.87,1.3157
1177,1,1,0.58,-13522.16,1.3281
1178,1,1,0.58,-13518.39,1.2981
1179,1,1,0.58,-13491.01,1.3402
1180,1,1,0.58,-13462.39,1.3618
1181,1,1,0.59,-13443.02,1.3276
1182,0,1,0.58,-13488.82,1.4079
1183,1,1,0.58,-13465.18,1.3846
1184,1,1,0.59,-13444.50,1.2789
1185,1,1,0.59,-13440.02,1.4349
1186,1,1,0.59,-13419.63,1.3295
1187,1,1,0.59,-13402.89,1.2722
1188,1,1,0.59,-13367.10,1.3617
1189,1,1,0.59,-13353.21,1.3584
1190,1,1,0.59,-13335.77,1.3777
1191,1,1,0.59,-13329.61,1.3450
1192,1,1,0.59,-13313.90,1.4176
1193,1,1,0.59,-13298.35,1.3263
1194,1,1,0.59,-13268.09,1.3643
1195,1,1,0.59,-13259.52,1.3481
1196,1,1,0.59,-13237.02,1.2743
1197,1,1,0.59,-13229.33,1.3478
1198,1,1,0.59,-13208.43,1.2234
1199,1,1,0.59,-13202.78,1.2726
1200,1,1,0.59,-13192.51,1.3868
1201,1,1,0.59,-13160.89,1.4155
1202,1,1,0.59,-13140.49,1.3625
1203,1,1,0.59,-13122.31,1.3599
1204,1,1,0.59,-13106.06,1.4180
1205,1,1,0.59,-13086.17,1.4816
1206,1,1,0.59,-13082.39,1.2864
1207,1,1,0.59,-13071.75,1.4100
1208,1,1,0.59,-13067.28,1.3768
1209,1,1,0.59,-13037.02,1.3580
1210,1,1,0.59,-12975.94,1.4235
1211,1,1,0.59,-12909.86,1.3653
1212,1,1,0.59,-12898.74,1.4176
1213,1,1,0.60,-12883.37,1.2886
1214,1,1,0.60,-12869.59,1.3643
1215,0,1,0.60,-12911.92,1.3675
1216,1,1,0.60,-12889.77,1.3893
1217,1,1,0.60,-12884.60,1.4109
1218,1,1,0.60,-12875.83,1.3969
1219,1,1,0.60,-12859.03,1.3633
1220,1,1,0.60,-12853.22,1.3641
1221,1,1,0.60,-12833.18,1.3293
1222,1,1,0.60,-12819.26,1.2969
1223,1,1,0.60,-12814.79,1.2917
1224,1,1,0.60,-12806.50,1.3491
1225,1,1,0.60,-12784.27,1.3866
1226,1,1,0.60,-12740.68,1.3793
1227,1,1,0.60,-12721.33,1.3566
1228,1,1,0.60,-12714.06,1.4122
1229,1,1,0.60,-12690.62,1.3804
1230,1,1,0.60,-12620.42,1.3371
1231,1,1,0.60,-12604.64,1.3870
1232,1,1,0.60,-12589.31,1.3668
1233,1,1,0.60,-12571.31,1.3838
1234,1,1,0.60,-12558.48,1.4724
1235,1,1,0.60,-12520.15,1.4066
1236,1,1,0.60,-12500.31,1.3656
1237,1,1,0.60,-12467.99,1.3602
1238,1,1,0.60,-12441.66,1.3842
1239,1,1,0.60,-12447.58,1.3012
1240,1,1,0.60,-12411.51,1.4690
1241,1,1,0.60,-12398.59,1.3595
1242,1,1,0.60,-12390.52,1.3615
1243,1,1,0.60,-12356.11,1.3149
1244,0,1,0.60,-12398.00,1.4217
1245,1,1,0.60,-12375.95,1.3319
1246,1,1,0.60,-12369.60,1.4635
1247,1,1,0.60,-12360.13,1.3546
1248,1,1,0.60,-12339.43,1.3241
1249,1,1,0.61,-12303.06,1.3330
1250,1,1,0.61,-12272.54,1.4750
1251,1,1,0.61,-12260.27,1.3977
1252,0,1,0.61,-12312.04,1.4542
1253,1,1,0.61,-12276.93,1.3193
1254,1,1,0.61,-12256.23,1.3132
1255,1,1,0.61,-12225.17,1.3351
1256,1,1,0.61,-12188.60,1.2596
1257,1,1,0.61,-12171.99,1.3143
1258,1,1,0.61,-12168.22,1.3251
1259,1,1,0.61,-12162.51,1.3412
1260,1,1,0.61,-12147.51,1.2754
1261,1,1,0.61,-12130.75,1.4192
1262,1,1,0.61,-12124.34,1.2953
1263,1,1,0.61,-12060.37,1.4064
1264,1,1,0.61,-12048.33,1.3412
1265,1,1,0.61,-12039.56,1.3406
1266,1,1,0.61,-11999.17,1.3742
1267,1,1,0.61,-11992.28,1.3207
1268,1,1,0.61,-11976.86,1.3086
1269,1,1,0.61,-11948.53,1.4275
1270,1,1,0.61,-11944.75,1.3857
1271,1,1,0.61,-11906.53,1.3410
1272,1,1,0.61,-11890.94,1.2830
1273,1,1,0.61,-11903.39,1.3869
1274,1,1,0.61,-11893.45,1.4285
1275,1,1,0.61,-11886.56,1.3206
1276,1,1,0.61,-11875.21,1.2772
1277,1,1,0.61,-11845.18,1.3214
1278,1,1,0.61,-11828.28,1.4790
1279,1,1,0.61,-11797.66,1.3316
1280,1,1,0.61,-11773.08,1.3770
1281,1,1,0.61,-11762.34,1.3764
1282,1,1,0.61,-11697.34,1.2829
1283,1,1,0.61,-11691.38,1.2871
1284,1,1,0.62,-11656.14,1.2546
1285,1,1,0.62,-11684.68,1.3875
1286,1,1,0.62,-11660.29,1.3239
1287,1,1,0.62,-11620.66,1.3557
1288,1,1,0.62,-11604.65,1.3078
1289,1,1,0.62,-11585.15,1.3020
1290,1,1,0.62,-11567.63,1.2212
1291,1,1,0.62,-11529.19,1.2744
1292,1,1,0.62,-11515.27,1.3908
1293,1,1,0.62,-11508.38,1.3736
1294,1,1,0.62,-11498.44,1.3824
1295,1,1,0.62,-11470.10,1.3637
1296,1,1,0.62,-11451.57,1.3125
1297,1,1,0.62,-11434.15,1.2831
1298,1,1,0.62,-11406.27,1.3206
1299,1,1,0.62,-11372.48,1.3309
1300,1,1,0.62,-11360.49,1.3073
1301,1,1,0.62,-11344.44,1.3793
1302,1,1,0.62,-11328.99,1.2875
1303,1,1,0.62,-11324.72,1.3101
1304,1,1,0.62,-11304.93,1.3310
1305,1,1,0.62,-11288.63,1.3305
1306,1,1,0.62,-11281.04,1.3391
1307,1,1,0.62,-11255.08,1.2982
1308,1,1,0.62,-11239.86,1.4295
1309,1,1,0.62,-11227.97,1.4006
1310,1,1,0.62,-11222.31,1.3749
1311,1,1,0.62,-11193.48,1.2625
1312,1,1,0.62,-11203.71,1.3468
1313,1,1,0.62,-11181.27,1.2567
1314,1,1,0.62,-11175.96,1.3658
1315,1,1,0.62,-11169.07,1.2849
1316,1,1,0.62,-11127.95,1.2745
1317,1,1,0.62,-11117.03,1.3108
1318,1,1,0.63,-11109.93,1.2757
1319,1,1,0.63,-11090.50,1.3833
1320,1,1,0.63,-11071.82,1.2705
1321,1,1,0.63,-11067.34,1.3306
1322,1,1,0.63,-11037.68,1.3845
1323,1,1,0.63,-11031.97,1.2989
1324,1,1,0.63,-11014.79,1.3158
1325,1,1,0.63,-10986.18,1.3028
1326,1,1,0.63,-10958.42,1.2545
1327,1,1,0.63,-10917.24,1.3754
1328,1,1,0.63,-10897.50,1.3393
1329,1,1,0.63,-10883.11,1.3257
1330,1,1,0.63,-10873.86,1.1977
1331,1,1,0.63,-10806.71,1.2732
1332,1,1,0.63,-10795.36,1.3596
1333,1,1,0.63,-10745.80,1.2920
1334,1,1,0.63,-10730.27,1.3895
1335,1,1,0.63,-10715.65,1.3606
1336,1,1,0.63,-10690.74,1.2704
1337,1,1,0.63,-10649.41,1.3263
1338,1,1,0.63,-10631.93,1.2892
1339,1,1,0.63,-10606.45,1.3419
1340,1,1,0.63,-10600.95,1.2902
1341,1,1,0.63,-10577.65,1.2807
1342,1,1,0.63,-10558.46,1.3670
1343,1,1,0.63,-10539.38,1.3016
1344,1,1,0.63,-10529.91,1.3252
1345,1,1,0.63,-10500.23,1.3456
1346,1,1,0.63,-10484.45,1.2902
1347,1,1,0.63,-10467.66,1.2695
1348,1,1,0.63,-10460.49,1.2873
1349,1,1,0.63,-10454.78,1.3556
1350,1,1,0.63,-10442.26,1.2654
1351,1,1,0.63,-10418.77,1.3941
1352,1,1,0.63,-10402.99,1.3128
1353,1,1,0.63,-10391.10,1.3133
1354,1,1,0.64,-10376.61,1.3674
1355,1,1,0.64,-10372.14,1.3858
1356,1,1,0.64,-10343.82,1.2053
1357,1,1,0.64,-10304.65,1.3980
1358,1,1,0.64,-10288.86,1.4038
1359,1,1,0.64,-10283.15,1.3567
1360,1,1,0.64,-10256.55,1.3936
1361,1,1,0.64,-10226.63,1.3702
1362,1,1,0.64,-10217.16,1.3365
1363,1,1,0.64,-10199.22,1.2878
1364,1,1,0.64,-10194.04,1.3257
1365,1,1,0.64,-10162.63,1.2898
1366,1,1,0.64,-10145.45,1.3510
1367,1,1,0.64,-10133.63,1.3188
1368,1,1,0.64,-10118.78,1.3122
1369,1,1,0.64,-10104.62,1.3745
1370,1,1,0.64,-10089.07,1.3742
1371,1,1,0.64,-10065.07,1.2260
1372,1,1,0.64,-10060.11,1.3998
1373,1,1,0.64,-10053.00,1.3280
1374,1,1,0.64,-9997.15,1.4017
1375,1,1,0.64,-9970.61,1.3183
1376,1,1,0.64,-9944.12,1.2894
1377,1,1,0.64,-9920.93,1.4532
1378,1,1,0.64,-9859.19,1.3058
1379,1,1,0.64,-9797.54,1.3568
1380,1,1,0.64,-9777.84,1.4295
1381,1,1,0.64,-9755.90,1.3479
1382,1,1,0.64,-9702.05,1.3027
1383,1,1,0.64,-9696.39,1.4629
1384,1,1,0.64,-9667.17,1.4141
1385,0,1,0.64,-9709.85,1.4119
1386,1,1,0.64,-9703.44,1.3525
1387,1,1,0.64,-9694.20,1.2639
1388,1,1,0.64,-9678.67,1.3874
1389,1,1,0.64,-9663.58,1.2752
1390,1,1,0.64,-9651.06,1.3850
1391,1,1,0.64,-9643.47,1.3328
1392,1,1,0.64,-9632.13,1.2958
1393,1,1,0.64,-9601.32,1.2942
1394,1,1,0.64,-9596.85,1.3266
1395,1,1,0.65,-9581.43,1.2792
1396,0,1,0.64,-9605.31,1.4192
1397,1,1,0.64,-9601.40,1.3537
1398,1,1,0.65,-9587.48,1.4053
1399,0,1,0.64,-9643.67,1.4840
1400,1,1,0.65,-9594.28,1.2877
1401,1,1,0.65,-9573.72,1.3046
1402,1,1,0.65,-9544.00,1.2871
1403,1,1,0.65,-9488.62,1.3418
1404,1,1,0.65,-9475.17,1.4009
1405,0,1,0.65,-9534.47,1.4594
1406,1,1,0.65,-9504.21,1.3256
1407,1,1,0.65,-9473.24,1.3645
1408,1,1,0.65,-9466.88,1.3123
1409,1,1,0.65,-9447.85,1.2702
1410,1,1,0.65,-9405.83,1.3123
1411,1,1,0.65,-9391.18,1.3610
1412,1,1,0.65,-9349.87,1.3660
1413,1,1,0.65,-9330.52,1.3445
1414,1,1,0.65,-9311.88,1.3911
1415,0,1,0.65,-9351.42,1.3728
1416,1,1,0.65,-9345.77,1.3272
1417,1,1,0.65,-9317.48,1.2942
1418,1,1,0.65,-9311.83,1.2936
1419,1,1,0.65,-9288.98,1.3409
1420,1,1,0.65,-9283.32,1.3304
1421,1,1,0.65,-9241.88,1.2117
1422,1,1,0.65,-9220.29,1.3170
1423,1,1,0.65,-9184.01,1.3438
1424,1,1,0.65,-9175.72,1.3380
1425,1,1,0.65,-9159.49,1.3914
1426,1,1,0.65,-9136.91,1.3045
1427,1,1,0.65,-9118.65,1.3406
1428,1,1,0.65,-9081.00,1.3653
1429,1,1,0.65,-9073.41,1.3170
1430,1,1,0.65,-9038.89,1.3278
1431,1,1,0.65,-9009.73,1.3404
1432,1,1,0.65,-8994.64,1.3581
1433,1,1,0.65,-8981.42,1.3252
1434,1,1,0.65,-8969.27,1.3104
1435,1,1,0.65,-8956.52,1.2724
1436,1,1,0.65,-8938.53,1.2741
1437,1,1,0.65,-8932.72,1.2955
1438,1,1,0.65,-8900.25,1.3355
1439,1,1,0.65,-8888.43,1.3485
1440,1,1,0.65,-8881.54,1.3064
1441,1,1,0.65,-8865.96,1.3263
1442,1,1,0.65,-8844.83,1.3402
1443,1,1,0.65,-8835.20,1.2602
1444,1,1,0.65,-8829.40,1.2395
1445,1,1,0.65,-8822.99,1.2623
1446,1,1,0.65,-8799.39,1.2515
1447,1,1,0.66,-8773.30,1.2195
1448,1,1,0.66,-8740.44,1.3155
1449,1,1,0.66,-8676.11,1.3237
1450,1,1,0.66,-8669.76,1.3969
1451,1,1,0.66,-8657.82,1.4599
1452,1,1,0.66,-8646.86,1.3894
1453,1,1,0.66,-8631.33,1.4098
1454,1,1,0.66,-8617.88,1.4000
1455,0,1,0.66,-8643.39,1.4973
1456,1,1,0.66,-8613.86,1.4669
1457,1,1,0.66,-8586.19,1.4827
1458,1,1,0.66,-8548.93,1.3637
1459,1,1,0.66,-8543.27,1.3973
1460,1,1,0.66,-8517.11,1.3481
1461,1,1,0.66,-8503.82,1.2697
1462,1,1,0.66,-8457.22,1.3346
1463,1,1,0.66,-8434.28,1.3595
1464,1,1,0.66,-8425.29,1.3800
1465,1,1,0.66,-8403.25,1.3101
1466,1,1,0.66,-8376.13,1.4093
1467,1,1,0.66,-8359.65,1.3312
1468,1,1,0.66,-8334.81,1.3589
1469,1,1,0.66,-8304.98,1.2484
1470,1,1,0.66,-8263.87,1.2975
1471,1,1,0.66,-8259.40,1.3721
1472,1,1,0.66,-8233.38,1.3429
1473,1,1,0.66,-8202.35,1.2666
1474,1,1,0.66,-8176.42,1.3157
1475,1,1,0.66,-8198.33,1.4757
1476,1,1,0.66,-8181.80,1.3511
1477,1,1,0.66,-8131.92,1.3919
1478,1,1,0.66,-8122.67,1.3045
1479,1,1,0.66,-8103.88,1.4278
1480,1,1,0.66,-8070.84,1.3652
1481,1,1,0.66,-8060.62,1.3947
1482,1,1,0.66,-8051.63,1.3864
1483,1,1,0.66,-8011.29,1.3988
1484,1,1,0.66,-8007.51,1.2931
1485,1,1,0.66,-7976.70,1.3419
1486,1,1,0.66,-7962.35,1.3622
1487,1,1,0.66,-7940.54,1.2815
1488,1,1,0.66,-7915.13,1.3194
1489,1,1,0.66,-7910.66,1.3473
1490,1,1,0.66,-7878.93,1.3313
1491,1,1,0.66,-7838.07,1.3637
1492,1,1,0.66,-7825.46,1.3216
1493,1,1,0.67,-7802.92,1.2470
1494,1,1,0.67,-7782.91,1.2872
1495,1,1,0.67,-7772.57,1.4031
1496,1,1,0.67,-7739.00,1.3445
1497,1,1,0.67,-7720.42,1.3207
1498,1,1,0.67,-7708.38,1.4097
1499,1,1,0.67,-7698.43,1.2893
1500,1,1,0.67,-7671.95,1.3883
1501,1,1,0.67,-7657.92,1.4137
1502,1,1,0.67,-7641.79,1.2714
1503,1,1,0.67,-7613.25,1.3113
1504,1,1,0.67,-7595.60,1.3000
1505,1,1,0.67,-7580.32,1.3682
1506,1,1,0.67,-7546.24,1.3895
1507,1,1,0.67,-7517.08,1.2411
1508,1,1,0.67,-7469.40,1.3112
1509,0,1,0.67,-7525.37,1.4223
1510,1,1,0.67,-7503.14,1.4337
1511,1,1,0.67,-7480.55,1.4188
1512,1,1,0.67,-7464.46,1.4126
1513,1,1,0.67,-7441.72,1.3455
1514,1,1,0.67,-7419.17,1.3427
1515,1,1,0.67,-7398.93,1.3464
1516,1,1,0.67,-7379.26,1.3467
1517,0,1,0.67,-7415.96,1.4435
1518,0,1,0.67,-7460.54,1.4622
1519,1,1,0.67,-7452.17,1.4061
1520,1,1,0.67,-7440.10,1.4030
1521,1,1,0.67,-7413.99,1.3765
1522,0,1,0.67,-7435.17,1.3276
1523,1,1,0.67,-7404.25,1.3447
1524,1,1,0.67,-7367.82,1.3592
1525,1,1,0.67,-7352.29,1.4071
1526,1,1,0.67,-7339.78,1.3392
1527,1,1,0.67,-7321.20,1.3963
1528,1,1,0.67,-7314.79,1.3379
1529,1,1,0.67,-7302.27,1.3385
1530,1,1,0.67,-7288.35,1.3116
1531,1,1,0.67,-7275.75,1.3499
1532,1,1,0.67,-7255.25,1.2522
1533,1,1,0.67,-7223.33,1.3120
1534,1,1,0.67,-7166.98,1.3397
1535,1,1,0.67,-7136.27,1.3855
1536,1,1,0.67,-7129.91,1.2643
1537,1,1,0.67,-7109.21,1.3016
1538,1,1,0.67,-7091.87,1.3469
1539,1,1,0.67,-7050.87,1.2417
1540,1,1,0.67,-7044.52,1.3920
1541,1,1,0.67,-7013.83,1.2575
1542,1,1,0.67,-6992.91,1.2994
1543,1,1,0.67,-6987.94,1.4011
1544,1,1,0.67,-6934.55,1.2667
1545,1,1,0.67,-6909.94,1.3752
1546,1,1,0.67,-6902.07,1.3233
1547,0,1,0.67,-6928.11,1.3132
1548,1,1,0.67,-6911.79,1.3826
1549,1,1,0.67,-6904.90,1.3931
1550,1,1,0.67,-6886.76,1.3151
1551,1,1,0.67,-6877.99,1.3118
1552,1,1,0.67,-6850.62,1.2789
1553,1,1,0.67,-6827.66,1.2319
1554,1,1,0.68,-6818.67,1.3282
1555,1,1,0.68,-6798.93,1.3124
1556,1,1,0.68,-6765.81,1.3554
1557,1,1,0.68,-6742.06,1.3481
1558,1,1,0.68,-6727.58,1.2728
1559,1,1,0.68,-6677.74,1.3461
1560,1,1,0.68,-6655.50,1.3918
1561,1,1,0.68,-6643.68,1.3357
1562,1,1,0.68,-6631.77,1.3543
1563,1,1,0.68,-6626.59,1.3157
1564,1,1,0.68,-6593.67,1.4470
1565,1,1,0.68,-6540.84,1.4064
1566,1,1,0.68,-6505.37,1.3115
1567,1,1,0.68,-6487.45,1.2658
1568,1,1,0.68,-6455.10,1.2209
1569,1,1,0.68,-6441.53,1.2200
1570,1,1,0.68,-6426.05,1.2938
1571,1,1,0.68,-6396.99,1.3262
1572,1,1,0.68,-6390.08,1.3185
1573,1,1,0.68,-6380.13,1.2941
1574,1,1,0.68,-6349.52,1.2798
1575,1,1,0.68,-6327.41,1.2675
1576,1,1,0.68,-6304.64,1.3088
1577,1,1,0.68,-6287.71,1.2344
1578,1,1,0.68,-6258.44,1.3623
1579,1,1,0.68,-6222.09,1.2610
1580,1,1,0.68,-6216.92,1.2855
1581,1,1,0.68,-6208.15,1.4447
1582,1,1,0.68,-6191.82,1.3306
1583,1,1,0.68,-6176.50,1.2530
1584,1,1,0.68,-6171.33,1.3318
1585,1,1,0.68,-6152.28,1.3196
1586,1,1,0.68,-6143.99,1.2998
1587,1,1,0.68,-6072.21,1.2855
1588,1,1,0.68,-6066.55,1.2780
1589,1,1,0.68,-6042.16,1.3287
1590,1,1,0.68,-6010.12,1.4034
1591,1,1,0.68,-5986.14,1.2313
1592,1,1,0.68,-5976.89,1.2826
1593,1,1,0.68,-5954.46,1.2512
1594,1,1,0.68,-5947.35,1.2909
1595,1,1,0.68,-5932.50,1.3147
1596,1,1,0.68,-5911.56,1.3755
1597,1,1,0.68,-5894.04,1.2948
1598,1,1,0.68,-5881.37,1.2574
1599,0,1,0.68,-5909.32,1.3235
1600,1,1,0.68,-5891.38,1.2757
1601,1,1,0.68,-5867.63,1.3412
1602,1,1,0.68,-5854.64,1.2594
1603,1,1,0.68,-5845.65,1.2530
1604,1,1,0.68,-5822.66,1.3023
1605,1,1,0.68,-5802.37,1.3751
1606,1,1,0.68,-5787.23,1.3161
1607,1,1,0.69,-5765.13,1.2265
1608,1,1,0.69,-5759.96,1.3003
1609,1,1,0.69,-5746.64,1.2690
1610,1,1,0.69,-5723.45,1.2250
1611,1,1,0.69,-5719.67,1.2188
1612,1,1,0.69,-5689.01,1.2259
1613,1,1,0.69,-5683.31,1.2662
1614,1,1,0.69,-5677.60,1.3708
1615,1,1,0.69,-5661.29,1.2234
1616,1,1,0.69,-5656.12,1.1963
1617,1,1,0.69,-5644.30,1.1984
1618,1,1,0.69,-5606.13,1.2996
1619,1,1,0.69,-5598.06,1.2754
1620,1,1,0.69,-5577.58,1.2394
1621,1,1,0.69,-5571.87,1.2802
1622,1,1,0.69,-5543.70,1.2279
1623,1,1,0.69,-5527.66,1.2790
1624,1,1,0.69,-5501.45,1.2020
1625,1,1,0.69,-5449.52,1.3109
1626,1,1,0.69,-5434.43,1.2542
1627,1,1,0.69,-5402.11,1.1809
1628,1,1,0.69,-5396.40,1.2015
1629,1,1,0.69,-5367.79,1.2428
1630,1,1,0.69,-5335.64,1.1756
1631,1,1,0.69,-5292.08,1.1585
1632,1,1,0.69,-5273.38,1.2278
1633,1,1,0.69,-5264.61,1.3248
1634,1,1,0.69,-5250.82,1.3558
1635,1,1,0.69,-5219.16,1.2551
1636,1,1,0.69,-5200.52,1.2320
1637,1,1,0.69,-5150.70,1.2795
1638,1,1,0.69,-5120.85,1.2988
1639,1,1,0.69,-5099.83,1.1929
1640,1,1,0.69,-5088.19,1.2092
1641,1,1,0.69,-5078.02,1.2940
1642,1,1,0.69,-5027.02,1.1987
1643,1,1,0.69,-5022.01,1.2833
1644,1,1,0.69,-5016.30,1.1905
1645,1,1,0.69,-5002.53,1.2568
1646,1,1,0.69,-4997.52,1.1933
1647,1,1,0.69,-4968.36,1.2733
1648,1,1,0.69,-4954.43,1.2869
1649,1,1,0.69,-4919.51,1.2536
1650,0,1,0.69,-4942.92,1.4637
1651,1,1,0.69,-4932.75,1.2598
1652,1,1,0.69,-4928.28,1.2433
1653,1,1,0.69,-4904.01,1.2167
1654,1,1,0.69,-4880.32,1.3029
1655,1,1,0.69,-4866.40,1.2163
1656,1,1,0.69,-4858.33,1.1880
1657,1,1,0.69,-4838.66,1.2450
1658,1,1,0.69,-4816.53,1.0977
1659,1,1,0.69,-4805.88,1.2432
1660,1,1,0.69,-4775.22,1.2075
1661,1,1,0.69,-4770.24,1.1530
1662,1,1,0.69,-4743.36,1.2702
1663,1,1,0.70,-4728.15,1.1960
1664,1,1,0.70,-4720.09,1.1626
1665,1,1,0.70,-4697.34,1.1610
1666,1,1,0.70,-4672.23,1.1645
1667,1,1,0.70,-4666.52,1.1848
1668,1,1,0.70,-4656.10,1.1772
1669,1,1,0.70,-4638.69,1.1592
1670,1,1,0.70,-4622.00,1.1621
1671,1,1,0.70,-4613.23,1.1552
1672,1,1,0.70,-4600.71,1.2959
1673,1,1,0.70,-4591.24,1.2642
1674,1,1,0.70,-4623.70,1.2115
1675,1,1,0.70,-4607.08,1.2459
1676,1,1,0.70,-4601.91,1.2343
1677,1,1,0.70,-4594.32,1.2436
1678,1,1,0.70,-4584.85,1.1882
1679,1,1,0.70,-4564.90,1.2268
1680,1,1,0.70,-4538.81,1.1233
1681,1,1,0.70,-4520.07,1.3054
1682,1,1,0.70,-4501.07,1.2580
1683,1,1,0.70,-4463.60,1.2768
1684,1,1,0.70,-4447.97,1.2862
1685,1,1,0.70,-4430.82,1.1603
1686,1,1,0.70,-4415.43,1.2908
1687,1,1,0.70,-4409.03,1.2382
1688,1,1,0.70,-4389.33,1.2263
1689,1,1,0.70,-4384.86,1.1226
1690,1,1,0.70,-4367.17,1.1814
1691,1,1,0.70,-4360.81,1.2157
1692,1,1,0.70,-4342.19,1.1742
1693,1,1,0.70,-4338.42,1.1452
1694,1,1,0.70,-4308.99,1.1694
1695,1,1,0.70,-4290.15,1.2132
1696,1,1,0.70,-4268.36,1.2064
1697,1,1,0.70,-4263.88,1.1268
1698,1,1,0.70,-4258.22,1.2647
1699,1,1,0.70,-4228.72,1.2250
1700,1,1,0.70,-4200.96,1.2704
1701,1,1,0.70,-4196.49,1.3137
1702,1,1,0.70,-4163.17,1.2575
1703,1,1,0.70,-4144.24,1.2083
1704,1,1,0.70,-4132.33,1.2052
1705,0,1,0.70,-4178.41,1.4223
1706,1,1,0.70,-4168.30,1.4509
1707,1,1,0.70,-4154.26,1.3242
1708,1,1,0.70,-4143.56,1.3233
1709,1,1,0.70,-4136.77,1.4042
1710,1,1,0.70,-4115.88,1.2139
1711,1,1,0.70,-4092.20,1.2880
1712,1,1,0.70,-4080.86,1.2363
1713,1,1,0.70,-4037.77,1.2037
1714,1,1,0.70,-4018.63,1.3330
1715,1,1,0.70,-3995.18,1.3194
1716,0,1,0.70,-4023.77,1.3234
1717,1,1,0.70,-4004.58,1.3667
1718,1,1,0.70,-3972.01,1.3133
1719,1,1,0.70,-3894.29,1.3300
1720,1,1,0.70,-3860.92,1.3723
1721,1,1,0.70,-3836.38,1.2260
1722,1,1,0.70,-3824.56,1.3053
1723,1,1,0.70,-3800.87,1.2388
1724,1,1,0.70,-3774.46,1.3334
1725,1,1,0.70,-3763.92,1.2728
1726,1,1,0.71,-3745.04,1.2479
1727,1,1,0.71,-3721.35,1.2382
1728,1,1,0.71,-3716.88,1.2298
1729,1,1,0.71,-3697.69,1.2612
1730,1,1,0.71,-3676.04,1.2553
1731,1,1,0.71,-3649.32,1.3235
1732,1,1,0.71,-3654.84,1.1880
1733,1,1,0.71,-3625.57,1.3076
1734,1,1,0.71,-3595.72,1.3052
1735,1,1,0.71,-3578.15,1.2416
1736,1,1,0.71,-3547.03,1.1647
1737,0,1,0.71,-3566.08,1.3522
1738,1,1,0.71,-3560.42,1.2503
1739,1,1,0.71,-3524.98,1.3138
1740,1,1,0.71,-3497.50,1.2436
1741,1,1,0.71,-3486.81,1.2164
1742,1,1,0.71,-3474.52,1.2568
1743,1,1,0.71,-3466.93,1.2743
1744,1,1,0.71,-3461.22,1.2900
1745,1,1,0.71,-3450.10,1.2248
1746,1,1,0.71,-3381.65,1.2467
1747,1,1,0.71,-3364.47,1.1996
1748,1,1,0.71,-3335.44,1.3155
1749,1,1,0.71,-3316.31,1.2943
1750,1,1,0.71,-3300.02,1.2241
1751,1,1,0.71,-3286.57,1.3078
1752,1,1,0.71,-3269.78,1.2569
1753,1,1,0.71,-3253.84,1.2954
1754,1,1,0.71,-3204.84,1.1971
1755,1,1,0.71,-3183.55,1.2775
1756,1,1,0.71,-3162.11,1.1418
1757,1,1,0.71,-3143.22,1.2807
1758,1,1,0.71,-3127.99,1.3179
1759,1,1,0.71,-3120.40,1.1665
1760,1,1,0.71,-3112.33,1.2290
1761,1,1,0.71,-3102.86,1.2040
1762,1,1,0.71,-3069.59,1.3421
1763,1,1,0.71,-3062.00,1.1974
1764,1,1,0.71,-3032.07,1.2069
1765,1,1,0.71,-3001.20,1.1704
1766,1,1,0.71,-2987.43,1.1749
1767,1,1,0.71,-2956.82,1.2529
1768,1,1,0.71,-2920.80,1.1562
1769,1,1,0.71,-2896.13,1.2870
1770,1,1,0.71,-2866.91,1.2320
1771,1,1,0.71,-2861.74,1.1848
1772,1,1,0.71,-2821.62,1.2640
1773,1,1,0.71,-2810.00,1.2065
1774,1,1,0.71,-2803.64,1.2182
1775,1,1,0.71,-2765.12,1.2923
1776,1,1,0.71,-2758.61,1.2278
1777,0,1,0.71,-2809.38,1.4554
1778,1,1,0.71,-2766.94,1.2470
1779,1,1,0.71,-2761.77,1.2668
1780,1,1,0.71,-2754.66,1.2039
1781,1,1,0.71,-2755.23,1.2184
1782,1,1,0.71,-2746.46,1.1600
1783,1,1,0.71,-2727.97,1.2308
1784,1,1,0.71,-2713.28,1.2490
1785,1,1,0.71,-2701.27,1.2140
1786,1,1,0.71,-2673.65,1.1858
1787,1,1,0.71,-2663.71,1.1735
1788,1,1,0.71,-2627.84,1.2585
1789,1,1,0.71,-2612.28,1.2189
1790,1,1,0.71,-2588.56,1.3131
1791,1,1,0.71,-2565.81,1.2559
1792,1,1,0.71,-2557.74,1.2302
1793,1,1,0.72,-2534.40,1.1634
1794,1,1,0.72,-2514.11,1.2393
1795,1,1,0.72,-2487.83,1.1112
1796,1,1,0.72,-2480.94,1.1142
1797,1,1,0.72,-2468.65,1.1793
1798,1,1,0.72,-2445.45,1.2475
1799,1,1,0.72,-2378.41,1.2397
1800,1,1,0.72,-2359.06,1.1920
1801,1,1,0.72,-2353.40,1.3115
1802,1,1,0.72,-2346.29,1.2176
1803,1,1,0.72,-2308.33,1.2945
1804,1,1,0.72,-2292.54,1.1838
1805,1,1,0.72,-2277.16,1.3157
1806,1,1,0.72,-2266.99,1.1964
1807,1,1,0.72,-2215.07,1.2825
1808,1,1,0.72,-2200.69,1.2347
1809,1,1,0.72,-2183.84,1.3106
1810,1,1,0.72,-2156.83,1.2007
1811,1,1,0.72,-2102.55,1.2846
1812,1,1,0.72,-2057.05,1.2209
1813,1,1,0.72,-2019.26,1.2770
1814,1,1,0.72,-1961.76,1.2338
1815,1,1,0.72,-1944.58,1.2413
1816,1,1,0.72,-1924.74,1.2423
1817,1,1,0.72,-1903.99,1.2960
1818,1,1,0.72,-1886.11,1.1836
1819,1,1,0.72,-1872.77,1.2560
1820,1,1,0.72,-1862.60,1.3258
1821,1,1,0.72,-1843.28,1.2644
1822,1,1,0.72,-1816.59,1.1690
1823,1,1,0.72,-1810.18,1.1736
1824,1,1,0.72,-1784.41,1.2649
1825,1,1,0.72,-1759.53,1.1009
1826,1,1,0.72,-1750.76,1.2571
1827,1,1,0.72,-1729.47,1.2631
1828,1,1,0.72,-1719.55,1.2989
1829,1,1,0.72,-1685.26,1.2100
1830,1,1,0.72,-1651.84,1.2896
1831,1,1,0.72,-1636.21,1.2700
1832,1,1,0.72,-1613.82,1.2932
1833,1,1,0.72,-1594.39,1.1444
1834,1,1,0.72,-1580.01,1.1929
1835,1,1,0.72,-1550.24,1.1898
1836,1,1,0.72,-1508.61,1.2650
1837,1,1,0.72,-1461.95,1.3121
1838,1,1,0.72,-1443.81,1.2613
1839,1,1,0.72,-1436.22,1.2073
1840,1,1,0.72,-1425.80,1.2511
1841,1,1,0.72,-1413.51,1.2661
1842,1,1,0.72,-1396.02,1.1583
1843,1,1,0.72,-1362.90,1.1501
1844,1,1,0.72,-1323.78,1.2897
1845,1,1,0.72,-1297.16,1.2135
1846,1,1,0.72,-1289.09,1.2283
1847,1,1,0.72,-1257.02,1.2089
1848,1,1,0.72,-1248.73,1.2648
1849,1,1,0.72,-1241.14,1.1353
1850,1,1,0.72,-1207.42,1.2360
1851,1,1,0.72,-1170.67,1.2363
1852,1,1,0.72,-1132.97,1.2987
1853,1,1,0.72,-1116.43,1.2643
1854,1,1,0.72,-1101.00,1.2949
1855,1,1,0.72,-1079.11,1.1922
1856,1,1,0.72,-1065.05,1.2657
1857,1,1,0.72,-1055.11,1.2337
1858,1,1,0.72,-1029.37,1.1971
1859,1,1,0.73,-1000.65,1.2147
1860,1,1,0.73,-985.72,1.2189
1861,1,1,0.73,-968.58,1.2016
1862,1,1,0.73,-944.69,1.2912
1863,0,1,0.73,-995.12,1.3312
1864,1,1,0.73,-981.54,1.3102
1865,1,1,0.73,-956.85,1.2158
1866,0,1,0.73,-987.74,1.4664
1867,1,1,0.73,-977.33,1.3463
1868,1,1,0.73,-958.22,1.2693
1869,1,1,0.73,-924.20,1.3585
1870,1,1,0.73,-909.73,1.2995
1871,1,1,0.73,-892.22,1.2940
1872,1,1,0.73,-866.37,1.2280
1873,1,1,0.73,-849.15,1.1658
1874,1,1,0.73,-833.97,1.2603
1875,1,1,0.73,-814.69,1.3343
1876,1,1,0.73,-805.92,1.2642
1877,1,1,0.73,-778.41,1.2150
1878,1,1,0.73,-758.78,1.2214
1879,1,1,0.73,-751.89,1.2529
1880,1,1,0.73,-727.96,1.1530
1881,1,1,0.73,-688.69,1.2681
1882,1,1,0.73,-676.34,1.2585
1883,1,1,0.73,-664.52,1.2036
1884,1,1,0.73,-646.89,1.1856
1885,1,1,0.73,-637.27,1.2835
1886,1,1,0.73,-632.80,1.2021
1887,1,1,0.73,-619.47,1.2022
1888,1,1,0.73,-552.92,1.2048
1889,1,1,0.73,-533.05,1.2032
1890,1,1,0.73,-511.22,1.1965
1891,1,1,0.73,-493.95,1.3510
1892,1,1,0.73,-460.75,1.2168
1893,1,1,0.73,-454.39,1.1620
1894,1,1,0.73,-442.10,1.3144
1895,1,1,0.73,-411.99,1.2687
1896,1,1,0.73,-407.52,1.2611
1897,1,1,0.73,-400.63,1.2801
1898,1,1,0.73,-367.35,1.1442
1899,1,1,0.73,-361.69,1.2809
1900,1,1,0.73,-344.25,1.2182
1901,1,1,0.73,-327.19,1.2317
1902,1,1,0.73,-319.60,1.2368
1903,1,1,0.73,-287.97,1.1845
1904,1,1,0.73,-235.77,1.2596
1905,1,1,0.73,-185.51,1.3020
1906,1,1,0.73,-179.85,1.2387
1907,1,1,0.73,-174.19,1.3791
1908,1,1,0.73,-167.84,1.1988
1909,1,1,0.73,-155.55,1.1981
1910,1,1,0.73,-141.86,1.2530
1911,1,1,0.73,-123.74,1.2118
1912,1,1,0.73,-106.57,1.1901
1913,1,1,0.73,-97.10,1.1960
1914,1,1,0.73,-67.68,1.1438
1915,1,1,0.73,-62.02,1.2667
1916,1,1,0.73,-55.13,1.2247
1917,1,1,0.73,-38.88,1.2143
1918,1,1,0.73,-4.09,1.2100
1919,1,1,0.73,0.18,1.1936
1920,1,1,0.73,42.26,1.3109
1921,1,1,0.73,65.14,1.3213
1922,1,1,0.73,85.58,1.2032
1923,1,1,0.73,115.10,1.2786
1924,1,1,0.73,143.43,1.1953
1925,1,1,0.73,164.91,1.2703
1926,1,1,0.73,194.23,1.2499
1927,1,1,0.73,217.20,1.2394
1928,1,1,0.73,237.20,1.2564
1929,1,1,0.73,242.37,1.1700
1930,1,1,0.73,284.06,1.3490
1931,1,1,0.73,301.08,1.2766
1932,1,1,0.73,304.85,1.2611
1933,1,1,0.73,337.46,1.2119
1934,1,1,0.73,344.56,1.2832
1935,1,1,0.73,373.37,1.1786
1936,1,1,0.74,396.16,1.3443
1937,1,1,0.74,385.68,1.2583
1938,1,1,0.74,405.66,1.1981
1939,1,1,0.74,481.06,1.2981
1940,1,1,0.74,495.82,1.2657
1941,1,1,0.74,501.48,1.2580
1942,1,1,0.74,525.97,1.2079
1943,1,1,0.74,549.26,1.2600
1944,0,1,0.74,508.52,1.3127
1945,1,1,0.74,528.01,1.2812
1946,1,1,0.74,536.30,1.2512
1947,1,1,0.74,559.09,1.2401
1948,1,1,0.74,601.48,1.3402
1949,1,1,0.74,616.91,1.2140
1950,1,1,0.74,620.48,1.2692
1951,1,1,0.74,638.01,1.2183
1952,1,1,0.74,642.48,1.2803
1953,1,1,0.74,621.50,1.2532
1954,1,1,0.74,641.84,1.3540
1955,1,1,0.74,647.50,1.3259
1956,1,1,0.74,661.73,1.3540
1957,1,1,0.74,684.78,1.2727
1958,1,1,0.74,743.89,1.2857
1959,0,1,0.74,712.42,1.3915
1960,1,1,0.74,718.08,1.3599
1961,1,1,0.74,732.54,1.3398
1962,1,1,0.74,750.04,1.2061
1963,1,1,0.74,783.75,1.2870
1964,1,1,0.74,798.89,1.2198
1965,1,1,0.74,838.85,1.2681
1966,1,1,0.74,891.60,1.2125
1967,1,1,0.74,910.28,1.2519
1968,1,1,0.74,947.11,1.2323
1969,1,1,0.74,1020.82,1.3344
1970,1,1,0.74,1049.55,1.1737
1971,1,1,0.74,1070.24,1.3097
1972,1,1,0.74,1083.23,1.2644
1973,1,1,0.74,1094.57,1.1606
1974,1,1,0.74,1122.21,1.1752
1975,0,1,0.74,1078.76,1.2384
1976,1,1,0.74,1097.26,1.2544
1977,1,1,0.74,1113.14,1.2003
1978,1,1,0.74,1121.11,1.2437
1979,1,1,0.74,1126.29,1.2109
1980,1,1,0.74,1144.48,1.1781
1981,0,1,0.74,1091.97,1.4241
1982,1,1,0.74,1124.94,1.2621
1983,1,1,0.74,1146.63,1.2723
1984,1,1,0.74,1159.20,1.1779
1985,1,1,0.74,1170.43,1.2179
1986,1,1,0.74,1183.92,1.1705
1987,1,1,0.74,1200.70,1.1579
1988,1,1,0.74,1213.92,1.1871
1989,1,1,0.74,1230.86,1.2125
1990,1,1,0.74,1249.03,1.2558
1991,1,1,0.74,1270.23,1.1117
1992,1,1,0.74,1314.27,1.2093
1993,1,1,0.74,1328.60,1.1710
1994,1,1,0.74,1356.44,1.2333
1995,1,1,0.74,1369.15,1.2390
1996,1,1,0.74,1394.58,1.2173
1997,1,1,0.74,1418.65,1.2618
1998,1,1,0.74,1427.42,1.2619
1999,1,1,0.74,1446.84,1.2669
2000,1,1,0.74,1452.55,1.2416
2001,1,1,0.74,1470.89,1.2027
2002,1,1,0.74,1495.08,1.1153
2003,1,1,0.74,1520.90,1.2466
2004,1,1,0.74,1524.67,1.1324
2005,1,1,0.74,1563.71,1.1192
2006,1,1,0.74,1572.58,1.1539
2007,1,1,0.74,1577.05,1.1152
2008,1,1,0.74,1594.00,1.1622
2009,1,1,0.74,1603.95,1.1568
2010,1,1,0.74,1657.01,1.2457
2011,1,1,0.74,1671.76,1.2256
2012,1,1,0.74,1686.62,1.1752
2013,1,1,0.74,1694.21,1.1883
2014,1,1,0.74,1734.31,1.0703
2015,1,1,0.74,1741.42,1.1943
2016,1,1,0.74,1747.13,1.1334
2017,1,1,0.74,1761.83,1.1726
2018,1,1,0.74,1768.54,1.3070
2019,1,1,0.74,1810.05,1.1334
2020,1,1,0.74,1820.22,1.1698
2021,1,1,0.74,1855.81,1.1031
2022,1,1,0.74,1878.50,1.1968
2023,1,1,0.74,1937.18,1.2156
2024,1,1,0.74,1948.30,1.1642
2025,1,1,0.74,1958.47,1.1411
2026,1,1,0.74,1964.13,1.1847
2027,1,1,0.74,1973.37,1.2146
2028,1,1,0.75,1990.31,1.2223
2029,1,1,0.75,2016.61,1.2343
2030,1,1,0.75,2027.25,1.1134
2031,1,1,0.75,2050.89,1.1402
2032,1,1,0.75,2063.80,1.1181
2033,1,1,0.75,2092.36,1.1908
2034,1,1,0.75,2099.25,1.1666
2035,1,1,0.75,2145.30,1.1095
2036,1,1,0.75,2159.67,1.2243
2037,1,1,0.75,2185.58,1.1784
2038,1,1,0.75,2194.34,1.2267
2039,1,1,0.75,2201.93,1.1379
2040,1,1,0.75,2280.29,1.2340
2041,1,1,0.75,2295.12,1.2211
2042,1,1,0.75,2350.07,1.2014
2043,1,1,0.75,2406.79,1.2074
2044,1,1,0.75,2449.42,1.1601
2045,1,1,0.75,2480.59,1.1194
2046,1,1,0.75,2486.29,1.1243
2047,1,1,0.75,2498.34,1.1635
2048,1,1,0.75,2510.63,1.1594
2049,1,1,0.75,2524.08,1.1381
2050,1,1,0.75,2537.14,1.1974
2051,1,1,0.75,2550.12,1.2294
2052,1,1,0.75,2566.84,1.1623
2053,1,1,0.75,2581.00,1.1233
2054,1,1,0.75,2623.73,1.1911
2055,1,1,0.75,2657.08,1.2100
2056,1,1,0.75,2677.28,1.1836
2057,1,1,0.75,2723.51,1.2449
2058,1,1,0.75,2745.65,1.1780
2059,1,1,0.75,2752.01,1.1241
2060,1,1,0.75,2761.48,1.1696
2061,1,1,0.75,2772.82,1.1990
2062,1,1,0.75,2788.89,1.1658
2063,1,1,0.75,2800.98,1.1853
2064,1,1,0.75,2798.44,1.1728
2065,1,1,0.75,2805.33,1.1188
2066,1,1,0.75,2821.11,1.1686
2067,1,1,0.75,2858.51,1.2042
2068,1,1,0.75,2915.07,1.1819
2069,1,1,0.75,2934.20,1.1471
2070,1,1,0.75,2939.45,1.1839
2071,1,1,0.75,2965.00,1.0805
2072,1,1,0.75,2993.72,1.2100
2073,1,1,0.75,3045.42,1.0848
2074,1,1,0.75,3052.31,1.2787
2075,1,1,0.75,3074.90,1.1232
2076,1,1,0.75,3082.97,1.1362
2077,1,1,0.75,3107.81,1.0731
2078,1,1,0.75,3125.93,1.1074
2079,1,1,0.75,3171.88,1.1497
2080,1,1,0.75,3197.62,1.1761
2081,1,1,0.75,3211.85,1.1545
2082,0,1,0.75,3161.42,1.2968
2083,1,1,0.75,3176.29,1.2958
2084,1,1,0.75,3180.76,1.3074
2085,1,1,0.75,3202.81,1.3078
2086,1,1,0.75,3207.77,1.2616
2087,1,1,0.75,3212.24,1.2655
2088,1,1,0.75,3238.22,1.2975
2089,1,1,0.75,3241.99,1.1963
2090,1,1,0.75,3256.72,1.2570
2091,1,1,0.75,3271.30,1.1497
2092,1,1,0.75,3280.77,1.2513
2093,1,1,0.75,3318.72,1.2024
2094,1,1,0.75,3360.48,1.2982
2095,1,1,0.75,3420.87,1.1928
2096,1,1,0.75,3427.98,1.2026
2097,1,1,0.75,3440.59,1.1859
2098,1,1,0.75,3466.87,1.0709
2099,1,1,0.75,3475.86,1.1455
2100,0,1,0.75,3445.62,1.1590
2101,1,1,0.75,3456.32,1.1213
2102,1,1,0.75,3483.25,1.2015
2103,1,1,0.75,3527.89,1.2740
2104,1,1,0.75,3543.97,1.1400
2105,1,1,0.75,3557.19,1.1857
2106,1,1,0.75,3574.21,1.1723
2107,1,1,0.75,3590.69,1.1415
2108,1,1,0.75,3629.38,1.2650
2109,1,1,0.75,3660.08,1.1895
2110,1,1,0.75,3690.09,1.2073
2111,1,1,0.75,3709.94,1.2253
2112,1,1,0.75,3721.76,1.1604
2113,1,1,0.75,3791.62,1.2082
2114,1,1,0.75,3809.37,1.1716
2115,1,1,0.75,3826.51,1.2336
2116,1,1,0.75,3870.36,1.2031
2117,1,1,0.75,3887.78,1.2114
2118,1,1,0.75,3915.11,1.2208
2119,1,1,0.76,3925.98,1.2213
2120,1,1,0.76,3987.10,1.1581
2121,1,1,0.76,3992.28,1.2361
2122,1,1,0.76,4016.42,1.1349
2123,1,1,0.76,4004.51,1.1776
2124,1,1,0.76,4050.57,1.2854
2125,1,1,0.76,4055.74,1.1901
2126,1,1,0.76,4064.51,1.2019
2127,1,1,0.76,4069.69,1.1704
2128,1,1,0.76,4090.58,1.1404
2129,1,1,0.76,4104.07,1.1594
2130,1,1,0.76,4109.24,1.1716
2131,1,1,0.76,4129.89,1.1567
2132,1,1,0.76,4161.91,1.1988
2133,1,1,0.76,4182.59,1.1307
2134,1,1,0.76,4228.22,1.1843
2135,1,1,0.76,4242.90,1.1787
2136,1,1,0.76,4314.74,1.2806
2137,1,1,0.76,4321.15,1.2549
2138,1,1,0.76,4345.79,1.1802
2139,1,1,0.76,4361.88,1.1627
2140,1,1,0.76,4383.13,1.2377
2141,1,1,0.76,4386.90,1.2424
2142,1,1,0.76,4421.57,1.1975
2143,1,1,0.76,4445.36,1.1017
2144,1,1,0.76,4459.05,1.2348
2145,1,1,0.76,4486.27,1.1484
2146,1,1,0.76,4506.31,1.2193
2147,1,1,0.76,4533.74,1.2912
2148,1,1,0.76,4560.88,1.2638
2149,0,1,0.76,4528.55,1.2146
2150,1,1,0.76,4541.07,1.1571
2151,1,1,0.76,4558.49,1.2052
2152,1,1,0.76,4564.89,1.2032
2153,1,1,0.76,4616.74,1.2100
2154,1,1,0.76,4660.43,1.2126
2155,1,1,0.76,4699.14,1.1107
2156,0,1,0.76,4664.16,1.2885
2157,1,1,0.76,4678.99,1.1824
2158,1,1,0.76,4703.58,1.1641
2159,1,1,0.76,4720.26,1.1656
2160,1,1,0.76,4741.80,1.2244
2161,1,1,0.76,4747.51,1.1334
2162,1,1,0.76,4767.94,1.1799
2163,1,1,0.76,4789.63,1.1465
2164,1,1,0.76,4811.23,1.1908
2165,1,1,0.76,4818.12,1.1501
2166,1,1,0.76,4844.41,1.2528
2167,1,1,0.76,4866.95,1.1849
2168,1,1,0.76,4901.18,1.1814
2169,1,1,0.76,4926.92,1.1465
2170,1,1,0.76,4939.48,1.2006
2171,1,1,0.76,4955.57,1.1476
2172,1,1,0.76,4971.95,1.1651
2173,1,1,0.76,4993.75,1.2076
2174,1,1,0.76,5006.27,1.2447
2175,1,1,0.76,5019.01,1.0950
2176,1,1,0.76,5073.01,1.2804
2177,1,1,0.76,5078.67,1.2798
2178,1,1,0.76,5109.19,1.1955
2179,1,1,0.76,5150.67,1.2828
2180,1,1,0.76,5160.24,1.1737
2181,1,1,0.76,5200.53,1.2083
2182,1,1,0.76,5225.23,1.2065
2183,1,1,0.76,5254.26,1.2204
2184,1,1,0.76,5294.16,1.1352
2185,1,1,0.76,5298.64,1.1164
2186,1,1,0.76,5314.75,1.1439
2187,1,1,0.76,5329.43,1.2229
2188,1,1,0.76,5348.01,1.1295
2189,1,1,0.76,5375.72,1.1371
2190,1,1,0.76,5393.50,1.1773
2191,1,1,0.76,5397.97,1.1847
2192,1,1,0.76,5401.75,1.1868
2193,1,1,0.76,5413.56,1.1890
2194,1,1,0.76,5423.51,1.2422
2195,1,1,0.76,5463.79,1.1844
2196,1,1,0.76,5482.33,1.1292
2197,1,1,0.76,5506.95,1.1427
2198,1,1,0.76,5518.37,1.2668
2199,1,1,0.76,5540.50,1.1376
2200,1,1,0.76,5557.19,1.0654
2201,1,1,0.76,5584.90,1.3102
2202,1,1,0.76,5602.27,1.2986
2203,1,1,0.76,5644.10,1.2370
2204,1,1,0.76,5647.87,1.2235
2205,1,1,0.76,5694.16,1.3075
2206,1,1,0.76,5699.87,1.2960
2207,1,1,0.76,5708.64,1.2160
2208,1,1,0.76,5721.63,1.2903
2209,1,1,0.76,5726.80,1.2707
2210,1,1,0.76,5742.38,1.2128
2211,1,1,0.76,5748.09,1.2480
2212,1,1,0.76,5764.87,1.3045
2213,0,1,0.76,5704.10,1.6748
2214,1,1,0.76,5721.47,1.3237
2215,1,1,0.76,5732.38,1.2798
2216,1,1,0.76,5759.61,1.3014
2217,1,1,0.76,5782.39,1.2522
2218,1,1,0.76,5823.32,1.1778
2219,1,1,0.76,5848.81,1.2324
2220,1,1,0.76,5882.34,1.3197
2221,1,1,0.76,5919.88,1.1642
2222,1,1,0.77,5940.41,1.2524
2223,1,1,0.77,5952.70,1.2350
2224,1,1,0.77,6005.65,1.2666
2225,0,1,0.76,5962.92,1.3252
2226,1,1,0.77,5975.55,1.3689
2227,1,1,0.77,6012.10,1.3571
2228,1,1,0.77,6068.90,1.3316
2229,1,1,0.77,6074.56,1.2858
2230,1,1,0.77,6099.19,1.3227
2231,1,1,0.77,6120.34,1.2844
2232,1,1,0.77,6157.60,1.3058
2233,1,1,0.77,6172.26,1.2875
2234,1,1,0.77,6188.08,1.3077
2235,1,1,0.77,6194.49,1.1878
2236,1,1,0.77,6200.15,1.2792
2237,1,1,0.77,6228.26,1.3264
2238,1,1,0.77,6261.08,1.2589
2239,1,1,0.77,6276.68,1.2043
2240,1,1,0.77,6280.46,1.2789
2241,1,1,0.77,6310.95,1.2883
2242,1,1,0.77,6333.82,1.1815
2243,1,1,0.77,6339.00,1.2466
2244,1,1,0.77,6382.00,1.3028
2245,1,1,0.77,6399.49,1.2802
2246,1,1,0.77,6419.43,1.2468
2247,1,1,0.77,6432.05,1.2463
2248,1,1,0.77,6458.11,1.1826
2249,1,1,0.77,6471.57,1.2811
2250,1,1,0.77,6485.26,1.1411
2251,1,1,0.77,6499.63,1.2912
2252,1,1,0.77,6517.90,1.3212
2253,1,1,0.77,6523.07,1.2310
2254,1,1,0.77,6538.02,1.2499
2255,1,1,0.77,6572.01,1.1387
2256,1,1,0.77,6585.32,1.1777
2257,1,1,0.77,6618.39,1.1845
2258,1,1,0.77,6632.76,1.1799
2259,1,1,0.77,6648.76,1.1857
2260,1,1,0.77,6653.87,1.1516
2261,1,1,0.77,6670.66,1.1854
2262,1,1,0.77,6676.85,1.2059
2263,1,1,0.77,6732.07,1.2620
2264,1,1,0.77,6744.95,1.1752
2265,1,1,0.77,6759.57,1.1535
2266,1,1,0.77,6797.65,1.2276
2267,1,1,0.77,6807.12,1.1432
2268,1,1,0.77,6840.49,1.1003
2269,1,1,0.77,6859.53,1.1626
2270,1,1,0.77,6869.88,1.1976
2271,1,1,0.77,6880.30,1.2304
2272,1,1,0.77,6885.47,1.2694
2273,1,1,0.77,6916.20,1.1479
2274,1,1,0.77,6938.49,1.1333
2275,1,1,0.77,6954.28,1.1867
2276,1,1,0.77,6970.89,1.1083
2277,1,1,0.77,7051.98,1.2033
2278,1,1,0.77,7063.60,1.2123
2279,1,1,0.77,7072.36,1.0750
2280,1,1,0.77,7081.61,1.0909
2281,1,1,0.77,7106.31,1.1351
2282,1,1,0.77,7112.66,1.1473
2283,1,1,0.77,7132.46,1.1437
2284,1,1,0.77,7167.02,1.1920
2285,1,1,0.77,7176.26,1.1153
2286,1,1,0.77,7180.03,1.0907
2287,1,1,0.77,7198.33,1.1953
2288,1,1,0.77,7184.36,1.2564
2289,1,1,0.77,7201.05,1.2500
2290,0,1,0.77,7140.49,1.5002
2291,1,1,0.77,7153.86,1.4285
2292,1,1,0.77,7167.60,1.2815
2293,1,1,0.77,7195.12,1.2619
2294,0,1,0.77,7151.86,1.3699
2295,1,1,0.77,7167.22,1.3503
2296,1,1,0.77,7184.17,1.1595
2297,0,1,0.77,7141.60,1.1885
2298,1,1,0.77,7158.89,1.2953
2299,1,1,0.77,7183.06,1.3428
2300,1,1,0.77,7200.55,1.2087
2301,1,1,0.77,7229.78,1.1640
2302,1,1,0.77,7246.21,1.2507
2303,1,1,0.77,7266.10,1.2293
2304,1,1,0.77,7286.80,1.1946
2305,1,1,0.77,7339.81,1.2401
2306,1,1,0.77,7388.62,1.2181
2307,1,1,0.77,7403.93,1.2723
2308,1,1,0.77,7431.76,1.1647
2309,1,1,0.77,7435.53,1.1663
2310,1,1,0.77,7466.25,1.1246
2311,0,1,0.77,7417.39,1.2756
2312,1,1,0.77,7443.88,1.1960
2313,1,1,0.77,7473.15,1.2455
2314,1,1,0.77,7482.62,1.1497
2315,1,1,0.77,7525.73,1.1670
2316,1,1,0.77,7530.20,1.1474
2317,1,1,0.77,7550.39,1.1038
2318,1,1,0.77,7568.40,1.0669
2319,1,1,0.77,7585.98,1.1527
2320,1,1,0.77,7593.09,1.1178
2321,1,1,0.77,7645.66,1.1489
2322,1,1,0.77,7650.13,1.2110
2323,1,1,0.77,7668.47,1.1636
2324,1,1,0.77,7714.50,1.1729
2325,1,1,0.77,7733.29,1.1284
2326,1,1,0.77,7738.95,1.1224
2327,1,1,0.77,7774.41,1.2093
2328,0,1,0.77,7743.50,1.2238
2329,1,1,0.77,7758.03,1.1996
2330,1,1,0.77,7798.47,1.2194
2331,1,1,0.77,7804.76,1.2009
2332,1,1,0.77,7829.96,1.1613
2333,1,1,0.77,7839.02,1.0774
2334,1,1,0.77,7873.19,1.1603
2335,0,1,0.77,7850.62,1.2680
2336,1,1,0.77,7871.25,1.1673
2337,1,1,0.77,7896.48,1.2066
2338,1,1,0.77,7915.72,1.2725
2339,1,1,0.77,7923.79,1.2421
2340,1,1,0.77,7939.97,1.2746
2341,1,1,0.77,7949.92,1.2719
2342,1,1,0.77,7966.39,1.1714
2343,1,1,0.77,7972.05,1.0842
2344,1,1,0.77,7992.49,1.1723
2345,1,1,0.77,8031.52,1.1420
2346,1,1,0.77,8056.53,1.1657
2347,1,1,0.77,8069.10,1.1606
2348,1,1,0.77,8078.09,1.0937
2349,1,1,0.77,8094.11,1.0998
2350,1,1,0.77,8111.95,1.1857
2351,1,1,0.77,8137.86,1.2030
2352,1,1,0.78,8167.18,1.1833
2353,1,1,0.78,8175.95,1.1456
2354,1,1,0.78,8198.70,1.2001
2355,1,1,0.78,8214.79,1.2017
2356,1,1,0.78,8249.31,1.0784
2357,1,1,0.78,8298.06,1.1786
2358,1,1,0.78,8315.45,1.2518
2359,1,1,0.78,8360.13,1.2522
2360,1,1,0.78,8409.60,1.1409
2361,1,1,0.78,8431.43,1.1048
2362,1,1,0.78,8443.48,1.1644
2363,1,1,0.78,8467.47,1.0643
2364,1,1,0.78,8498.04,1.1088
2365,1,1,0.78,8507.99,1.1385
2366,1,1,0.78,8533.08,1.0888
2367,1,1,0.78,8552.07,1.0806
2368,1,1,0.78,8568.33,1.0933
2369,1,1,0.78,8589.16,1.0867
2370,1,1,0.78,8629.15,1.2078
2371,1,1,0.78,8641.44,1.1202
2372,0,1,0.78,8587.71,1.6748
2373,1,1,0.78,8607.54,1.1923
2374,1,1,0.78,8633.02,1.1667
2375,1,1,0.78,8673.18,1.0990
2376,1,1,0.78,8739.78,1.1326
2377,1,1,0.78,8744.26,1.1892
2378,1,1,0.78,8749.97,1.1551
2379,1,1,0.78,8755.62,1.1204
2380,1,1,0.78,8761.33,1.2029
2381,1,1,0.78,8776.96,1.1282
2382,1,1,0.78,8812.86,1.1921
2383,1,1,0.78,8819.27,1.1148
2384,1,1,0.78,8838.13,1.0316
2385,1,1,0.78,8878.78,1.1096
2386,1,1,0.78,8921.43,1.2503
2387,1,1,0.78,8938.57,1.1640
2388,1,1,0.78,8954.36,1.1534
2389,1,1,0.78,8959.53,1.1627
2390,1,1,0.78,9002.38,1.1315
2391,1,1,0.78,9027.86,1.1583
2392,1,1,0.78,9045.04,1.1101
2393,1,1,0.78,9080.74,1.1058
2394,1,1,0.78,9091.16,1.1560
2395,1,1,0.78,9144.08,1.1879
2396,1,1,0.78,9163.23,1.0977
2397,1,1,0.78,9184.37,1.1278
2398,1,1,0.78,9190.03,1.1425
2399,1,1,0.78,9217.25,1.1473
2400,1,1,0.78,9222.96,1.0100
2401,1,1,0.78,9234.07,1.0912
2402,1,1,0.78,9277.41,1.1707
2403,1,1,0.78,9316.37,1.1647
2404,1,1,0.78,9338.44,1.2101
2405,1,1,0.78,9380.22,1.1908
2406,1,1,0.78,9409.04,1.1850
2407,1,1,0.78,9475.97,1.2763
2408,1,1,0.78,9494.01,1.2031
2409,1,1,0.78,9499.18,1.1420
2410,1,1,0.78,9505.59,1.1215
2411,1,1,0.78,9523.69,1.1788
2412,1,1,0.78,9543.43,1.1352
2413,1,1,0.78,9559.06,1.0241
2414,1,1,0.78,9567.35,1.1593
2415,1,1,0.78,9619.48,1.1697
2416,1,1,0.78,9628.83,1.1944
2417,1,1,0.78,9640.22,1.2533
2418,1,1,0.78,9671.99,1.2235
2419,1,1,0.78,9710.56,1.1519
2420,1,1,0.78,9715.74,1.1343
2421,1,1,0.78,9733.24,1.1366
2422,1,1,0.78,9739.75,1.1102
2423,1,1,0.78,9767.43,1.1432
2424,1,1,0.78,9796.14,1.1391
2425,1,1,0.78,9805.61,1.1881
2426,1,1,0.78,9830.46,1.1522
2427,1,1,0.78,9844.22,1.0720
2428,1,1,0.78,9860.70,1.0581
2429,1,1,0.78,9868.29,1.2082
2430,1,1,0.78,9889.43,1.1224
2431,1,1,0.78,9907.09,1.0976
2432,1,1,0.78,9914.20,1.0342
2433,1,1,0.78,9924.61,1.1216
2434,1,1,0.78,9930.97,1.1892
2435,1,1,0.78,9942.09,1.1005
2436,1,1,0.78,9980.50,1.0502
2437,1,1,0.78,9998.38,1.1734
2438,1,1,0.78,10028.95,1.2127
2439,1,1,0.78,10035.84,1.0882
2440,1,1,0.78,10056.03,1.0721
2441,1,1,0.78,10074.85,1.0463
2442,1,1,0.78,10116.44,1.1489
2443,1,1,0.78,10120.92,1.1151
2444,1,1,0.78,10124.69,1.1415
2445,1,1,0.78,10154.83,1.1303
2446,1,1,0.78,10182.17,1.1320
2447,1,1,0.78,10218.96,1.2068
2448,1,1,0.78,10231.94,1.1588
2449,1,1,0.78,10271.30,1.1330
2450,1,1,0.78,10297.38,1.1651
2451,1,1,0.78,10282.89,1.2448
2452,1,1,0.78,10297.31,1.2009
2453,1,1,0.78,10357.02,1.1375
2454,1,1,0.78,10376.61,1.0934
2455,1,1,0.78,10392.87,1.1116
2456,1,1,0.78,10424.83,1.2062
2457,1,1,0.78,10442.56,1.1048
2458,1,1,0.78,10447.74,1.1031
2459,1,1,0.78,10461.96,1.0585
2460,1,1,0.78,10497.53,1.1644
2461,1,1,0.78,10537.00,1.2241
2462,1,1,0.78,10555.58,1.1234
2463,1,1,0.78,10581.55,1.0870
2464,1,1,0.78,10594.77,1.0908
2465,1,1,0.78,10601.13,1.1209
2466,1,1,0.79,10618.55,1.1543
2467,1,1,0.79,10654.55,1.1281
2468,1,1,0.79,10669.17,1.2013
2469,1,1,0.79,10688.86,1.1289
2470,1,1,0.79,10703.75,1.0984
2471,1,1,0.79,10729.04,1.0959
2472,1,1,0.79,10791.25,1.1731
2473,1,1,0.79,10837.26,1.3127
2474,1,1,0.79,10867.32,1.1503
2475,1,1,0.79,10895.76,1.1833
2476,1,1,0.79,10928.88,1.2561
2477,1,1,0.79,10949.32,1.1647
2478,1,1,0.79,10956.21,1.0754
2479,1,1,0.79,10978.85,1.1700
2480,1,1,0.79,10993.53,1.1683
2481,1,1,0.79,11029.67,1.2187
2482,1,1,0.79,11053.51,1.1267
2483,1,1,0.79,11079.12,1.0643
2484,1,1,0.79,11117.83,1.2168
2485,1,1,0.79,11150.05,1.2553
2486,1,1,0.79,11175.54,1.1252
2487,1,1,0.79,11225.29,1.2137
2488,1,1,0.79,11263.32,1.1844
2489,1,1,0.79,11276.54,1.1271
2490,1,1,0.79,11298.13,1.1820
2491,1,1,0.79,11332.53,1.1119
2492,1,1,0.79,11352.47,1.0979
2493,1,1,0.79,11372.45,1.0838
2494,1,1,0.79,11389.38,1.1733
2495,1,1,0.79,11423.65,1.1017
2496,1,1,0.79,11440.13,1.1413
2497,1,1,0.79,11457.86,1.1057
2498,1,1,0.79,11489.90,1.1400
2499,1,1,0.79,11516.36,1.1375
2500,1,1,0.79,11523.55,1.1921
2501,1,1,0.79,11554.53,1.1151
2502,1,1,0.79,11564.47,1.1364
2503,1,1,0.79,11574.64,1.1231
2504,1,1,0.79,11617.93,1.1242
2505,1,1,0.79,11624.34,1.1821
2506,1,1,0.79,11635.69,1.0779
2507,1,1,0.79,11661.88,1.0682
2508,1,1,0.79,11680.22,1.1057
2509,1,1,0.79,11730.07,1.1463
2510,1,1,0.79,11747.60,1.0492
2511,1,1,0.79,11775.73,1.0752
2512,1,1,0.79,11818.00,1.1130
2513,1,1,0.79,11854.92,1.0623
2514,1,1,0.79,11867.68,1.0895
2515,1,1,0.79,11906.17,1.1590
2516,1,1,0.79,11949.02,1.1893
2517,1,1,0.79,11969.27,1.1064
2518,1,1,0.79,11997.13,1.0888
2519,1,1,0.79,12070.59,1.2070
2520,1,1,0.79,12081.13,1.1622
2521,1,1,0.79,12169.86,1.1730
2522,0,1,0.79,12125.14,1.1433
2523,1,1,0.79,12165.84,1.2046
2524,1,1,0.79,12193.08,1.1682
2525,1,1,0.79,12214.31,1.0689
2526,1,1,0.79,12241.00,1.1080
2527,1,1,0.79,12277.72,1.0530
2528,1,1,0.79,12317.03,1.0919
2529,1,1,0.79,12361.41,1.2340
2530,1,1,0.79,12382.10,1.1272
2531,1,1,0.79,12411.78,1.1071
2532,1,1,0.79,12437.79,1.0841
2533,1,1,0.79,12448.49,0.9830
2534,1,1,0.79,12463.39,1.1126
2535,1,1,0.79,12467.17,1.0349
2536,1,1,0.79,12484.90,1.1384
2537,1,1,0.79,12501.39,1.0297
2538,1,1,0.79,12525.28,1.0800
2539,1,1,0.79,12530.45,1.0124
2540,1,1,0.79,12545.54,1.0908
2541,1,1,0.79,12557.83,1.1807
2542,1,1,0.79,12563.49,0.9983
2543,1,1,0.79,12578.57,1.0842
2544,1,1,0.79,12596.91,1.0189
2545,1,1,0.79,12616.26,1.1966
2546,1,1,0.79,12625.02,1.0992
2547,1,1,0.79,12643.14,1.0567
2548,1,1,0.79,12677.22,1.1617
2549,1,1,0.79,12709.31,1.1005
2550,1,1,0.79,12728.80,1.1309
2551,1,1,0.79,12768.11,1.0602
2552,1,1,0.79,12787.16,1.1287
2553,1,1,0.79,12751.19,1.1736
2554,1,1,0.79,12773.61,1.2351
2555,1,1,0.79,12786.74,1.2289
2556,1,1,0.79,12807.38,1.1997
2557,1,1,0.79,12819.47,1.2023
2558,1,1,0.79,12888.57,1.2449
2559,1,1,0.79,12912.31,1.2307
2560,1,1,0.79,12929.20,1.1650
2561,1,1,0.79,12947.99,1.1370
2562,1,1,0.79,12968.78,1.1194
2563,1,1,0.79,13006.88,1.0472
2564,1,1,0.79,13022.34,1.1006
2565,1,1,0.79,13036.02,1.0071
2566,1,1,0.79,13001.44,1.2609
2567,1,1,0.79,13010.21,1.1269
2568,1,1,0.79,13020.85,1.1180
2569,1,1,0.79,13042.70,1.1481
2570,1,1,0.79,13061.83,1.1431
2571,1,1,0.79,13106.14,1.0874
2572,1,1,0.79,13143.65,1.0727
2573,1,1,0.79,13161.54,1.1856
2574,1,1,0.79,13179.94,1.1275
2575,1,1,0.79,13213.31,1.1011
2576,1,1,0.79,13233.95,1.2007
2577,1,1,0.79,13267.65,1.1511
2578,1,1,0.79,13292.44,1.1494
2579,1,1,0.79,13355.74,1.2227
2580,1,1,0.79,13395.06,1.2232
2581,1,1,0.79,13402.65,1.0695
2582,1,1,0.79,13424.69,1.0324
2583,1,1,0.79,13430.40,1.1214
2584,1,1,0.79,13439.17,1.0890
2585,1,1,0.79,13483.01,1.1744
2586,1,1,0.79,13500.19,1.1550
2587,1,1,0.79,13517.98,1.0777
2588,1,1,0.79,13531.29,1.2143
2589,1,1,0.79,13558.76,1.1516
2590,1,1,0.79,13583.00,1.0430
2591,1,1,0.80,13587.47,1.0518
2592,1,1,0.80,13610.07,1.1247
2593,1,1,0.80,13617.18,1.1104
2594,0,1,0.79,13575.27,1.2035
2595,1,1,0.79,13589.48,1.2808
2596,0,1,0.79,13544.96,1.2174
2597,1,1,0.79,13560.55,1.1033
2598,1,1,0.79,13578.03,1.1471
2599,1,1,0.79,13596.47,1.1670
2600,1,1,0.80,13609.96,1.1525
2601,1,1,0.80,13629.24,1.1193
2602,1,1,0.80,13649.98,1.1427
2603,1,1,0.80,13664.60,1.1329
2604,0,1,0.79,13613.48,1.2728
2605,1,1,0.80,13630.44,1.2433
2606,1,1,0.80,13685.03,1.1939
2607,1,1,0.80,13690.21,1.1734
2608,1,1,0.80,13693.98,1.1919
2609,1,1,0.80,13705.32,1.1515
2610,1,1,0.80,13736.03,1.1202
2611,1,1,0.80,13755.47,1.2399
2612,1,1,0.80,13765.64,1.1070
2613,1,1,0.80,13778.04,1.0863
2614,1,1,0.80,13815.82,1.1716
2615,1,1,0.80,13842.49,1.1812
2616,1,1,0.80,13862.62,1.1993
2617,1,1,0.80,13882.20,1.1517
2618,1,1,0.80,13907.69,1.1235
2619,1,1,0.80,13923.57,1.1260
2620,1,1,0.80,13927.34,1.0795
2621,1,1,0.80,13944.72,1.1066
2622,1,1,0.80,13986.92,1.2409
2623,1,1,0.80,14005.86,1.1462
2624,1,1,0.80,14022.22,1.0549
2625,1,1,0.80,14052.34,1.1215
2626,1,1,0.80,14095.40,1.1564
2627,1,1,0.80,14129.65,1.1170
2628,1,1,0.80,14143.81,1.0756
2629,1,1,0.80,14159.59,1.1649
2630,1,1,0.80,14186.82,1.0857
2631,1,1,0.80,14214.08,1.1486
2632,1,1,0.80,14232.07,1.1096
2633,1,1,0.80,14272.74,1.0489
2634,1,1,0.80,14285.31,1.0948
2635,1,1,0.80,14329.97,1.1946
2636,1,1,0.80,14343.74,1.1167
2637,1,1,0.80,14349.90,1.1537
2638,1,1,0.80,14364.03,1.1469
2639,1,1,0.80,14383.47,1.0771
2640,1,1,0.80,14415.39,1.1172
2641,1,1,0.80,14464.49,1.2005
2642,1,1,0.80,14490.85,1.0712
2643,1,1,0.80,14503.14,1.1568
2644,1,1,0.80,14539.58,1.0871
2645,1,1,0.80,14544.76,1.1198
2646,1,1,0.80,14554.70,1.0560
2647,1,1,0.80,14566.52,1.1048
2648,1,1,0.80,14619.91,1.1165
2649,1,1,0.80,14676.45,1.1316
2650,1,1,0.80,14683.56,1.1118
2651,1,1,0.80,14718.66,1.2072
2652,1,1,0.80,14734.99,1.2816
2653,1,1,0.80,14743.94,1.1770
2654,1,1,0.80,14764.22,1.2320
2655,1,1,0.80,14769.40,1.1547
2656,1,1,0.80,14783.88,1.2180
2657,1,1,0.80,14802.77,1.1061
2658,1,1,0.80,14807.94,1.1382
2659,1,1,0.80,14820.55,1.1429
2660,1,1,0.80,14830.52,1.2100
2661,1,1,0.80,14834.99,1.1327
2662,1,1,0.80,14865.25,1.2400
2663,1,1,0.80,14880.10,1.2017
2664,1,1,0.80,14907.68,1.1711
2665,1,1,0.80,14926.35,1.1549
2666,1,1,0.80,14943.59,1.1083
2667,1,1,0.80,14973.52,1.0941
2668,1,1,0.80,14986.59,1.0945
2669,1,1,0.80,15045.55,1.1533
2670,1,1,0.80,15066.24,1.1662
2671,1,1,0.80,15080.51,1.0767
2672,1,1,0.80,15101.35,1.1273
2673,1,1,0.80,15119.77,1.0394
2674,1,1,0.80,15129.29,1.1044
2675,1,1,0.80,15146.51,1.1453
2676,1,1,0.80,15161.89,1.1287
2677,1,1,0.80,15189.30,1.1152
2678,1,1,0.80,15265.03,1.1259
2679,1,1,0.80,15279.86,1.1665
2680,1,1,0.80,15289.73,1.0991
2681,1,1,0.80,15306.21,1.0751
2682,1,1,0.80,15348.16,1.1530
2683,1,1,0.80,15388.27,1.1380
2684,1,1,0.80,15402.30,1.2445
2685,1,1,0.80,15433.13,1.0620
2686,1,1,0.80,15446.58,1.1047
2687,1,1,0.80,15480.81,1.1541
2688,1,1,0.80,15496.88,1.1788
2689,1,1,0.80,15508.00,1.1136
2690,1,1,0.80,15529.14,1.0273
2691,1,1,0.80,15577.48,1.2475
2692,1,1,0.80,15598.53,1.1317
2693,1,1,0.80,15610.81,1.1123
2694,1,1,0.80,15634.00,1.1309
2695,1,1,0.80,15640.89,1.1146
2696,1,1,0.80,15662.94,1.1080
2697,1,1,0.80,15684.08,1.0772
2698,1,1,0.80,15722.74,1.0831
2699,1,1,0.80,15737.83,1.1421
2700,1,1,0.80,15773.20,1.1780
2701,1,1,0.80,15791.84,1.0773
2702,1,1,0.80,15853.71,1.0561
2703,1,1,0.80,15880.82,1.0721
2704,1,1,0.80,15921.07,1.1129
2705,1,1,0.80,15950.31,1.0433
2706,1,1,0.80,15984.98,1.1697
2707,1,1,0.80,16000.64,1.0827
2708,1,1,0.80,16012.92,1.0161
2709,1,1,0.80,16019.81,1.0705
2710,1,1,0.80,16049.64,1.0635
2711,1,1,0.80,16066.67,1.1378
2712,1,1,0.80,16075.43,1.1188
2713,1,1,0.80,16106.05,1.0604
2714,1,1,0.80,16206.07,1.2001
2715,1,1,0.80,16238.18,1.0335
2716,1,1,0.80,16242.65,1.0631
2717,1,1,0.80,16306.54,1.1215
2718,1,1,0.80,16322.87,1.0583
2719,1,1,0.80,16352.44,0.9833
2720,1,1,0.80,16357.62,1.0061
2721,1,1,0.80,16411.79,1.0474
2722,1,1,0.80,16431.48,1.0984
2723,1,1,0.80,16449.66,1.0982
2724,1,1,0.80,16465.28,1.0572
2725,1,1,0.80,16489.88,0.9609
2726,1,1,0.80,16505.51,0.9938
2727,1,1,0.80,16517.90,1.0225
2728,1,1,0.80,16562.34,1.0954
2729,1,1,0.80,16602.16,1.0348
2730,1,1,0.80,16635.38,1.0966
2731,1,1,0.80,16651.61,1.1481
2732,1,1,0.80,16672.40,1.1390
2733,1,1,0.80,16696.94,1.0104
2734,1,1,0.80,16708.53,1.0764
2735,1,1,0.80,16715.42,1.1263
2736,1,1,0.80,16728.32,1.1083
2737,1,1,0.80,16741.91,0.9905
2738,1,1,0.80,16757.00,1.0953
2739,1,1,0.81,16785.43,1.0862
2740,1,1,0.81,16795.37,0.9677
2741,1,1,0.81,16804.84,1.0039
2742,1,1,0.81,16820.86,1.0743
2743,0,1,0.80,16773.74,1.2791
2744,1,1,0.81,16791.23,1.2723
2745,1,1,0.81,16803.91,1.2173
2746,1,1,0.81,16825.50,1.1789
2747,1,1,0.81,16850.67,1.1321
2748,1,1,0.81,16860.61,1.1859
2749,1,1,0.81,16890.04,1.1602
2750,1,1,0.81,16963.60,1.1258
2751,1,1,0.81,16969.96,1.1067
2752,1,1,0.81,16980.83,1.1067
2753,1,1,0.81,17004.82,1.0099
2754,1,1,0.81,17037.37,1.1491
2755,1,1,0.81,17103.99,1.1051
2756,1,1,0.81,17118.41,1.0922
2757,1,1,0.81,17140.26,0.9944
2758,1,1,0.81,17157.91,1.0430
2759,1,1,0.81,17180.56,1.0738
2760,1,1,0.81,17199.84,1.0887
2761,1,1,0.81,17208.13,1.0611
2762,1,1,0.81,17227.98,1.0313
2763,1,1,0.81,17251.65,1.0241
2764,1,1,0.81,17268.48,1.1057
2765,1,1,0.81,17301.81,1.0071
2766,1,1,0.81,17332.48,0.9750
2767,1,1,0.81,17355.01,1.0535
2768,1,1,0.81,17385.88,1.0550
2769,1,1,0.81,17420.66,1.0490
2770,1,1,0.81,17426.87,1.1484
2771,1,1,0.81,17446.21,1.0541
2772,1,1,0.81,17465.21,0.9854
2773,1,1,0.81,17490.05,1.0411
2774,1,1,0.81,17530.09,1.0691
2775,1,1,0.81,17548.72,1.0296
2776,1,1,0.81,17552.50,1.0074
2777,1,1,0.81,17560.79,1.0358
2778,1,1,0.81,17567.89,1.0233
2779,1,1,0.81,17575.96,1.0543
2780,1,1,0.81,17608.05,1.1260
2781,0,1,0.81,17583.17,1.3642
2782,1,1,0.81,17617.79,1.1609
2783,1,1,0.81,17653.31,1.0689
2784,1,1,0.81,17661.38,1.0465
2785,1,1,0.81,17695.90,1.0448
2786,1,1,0.81,17740.09,1.0800
2787,1,1,0.81,17779.71,1.0345
2788,1,1,0.81,17789.95,1.0162
2789,1,1,0.81,17825.75,1.1208
2790,1,1,0.81,17840.68,1.1141
2791,1,1,0.81,17855.87,1.1621
2792,1,1,0.81,17877.85,1.0023
2793,1,1,0.81,17883.16,1.0927
2794,1,1,0.81,17907.35,1.0424
2795,1,1,0.81,17916.87,1.0866
2796,1,1,0.81,17923.23,1.0949
2797,1,1,0.81,17928.89,1.1613
2798,1,1,0.81,17943.37,1.1365
2799,1,1,0.81,17959.00,1.0626
2800,1,1,0.81,17987.80,1.0778
2801,1,1,0.81,17974.94,1.0650
2802,1,1,0.81,18002.36,0.9514
2803,1,1,0.81,18064.53,1.0767
2804,1,1,0.81,18078.86,1.0391
2805,1,1,0.81,18089.56,1.0294
2806,0,1,0.81,18039.72,1.2038
2807,1,1,0.81,18053.49,1.0479
2808,1,1,0.81,18077.01,1.0048
2809,1,1,0.81,18091.87,1.0763
2810,1,1,0.81,18096.34,1.0927
2811,1,1,0.81,18102.75,1.0077
2812,1,1,0.81,18114.09,1.0092
2813,1,1,0.81,18146.39,1.0585
2814,1,1,0.81,18186.25,1.0685
2815,1,1,0.81,18209.14,1.0086
2816,1,1,0.81,18298.00,1.1360
2817,1,1,0.81,18301.77,1.1558
2818,1,1,0.81,18310.76,1.0362
2819,1,1,0.81,18347.68,1.0494
2820,1,1,0.81,18373.41,1.0129
2821,1,1,0.81,18381.46,1.0066
2822,1,1,0.81,18410.13,1.0287
2823,1,1,0.81,18425.65,1.0958
2824,1,1,0.81,18437.94,0.9564
2825,1,1,0.81,18441.71,1.0474
2826,1,1,0.81,18476.18,0.9969
2827,1,1,0.81,18483.29,1.0004
2828,1,1,0.81,18518.96,1.0269
2829,1,1,0.81,18532.88,1.0191
2830,1,1,0.81,18553.57,0.9711
2831,1,1,0.81,18575.16,0.9458
2832,1,1,0.81,18603.73,0.9924
2833,1,1,0.81,18616.30,1.0103
2834,1,1,0.81,18633.44,1.0855
2835,1,1,0.81,18643.41,1.1008
2836,1,1,0.81,18655.70,1.0164
2837,0,1,0.81,18611.49,1.3972
2838,1,1,0.81,18633.03,1.1182
2839,1,1,0.81,18642.98,1.0430
2840,1,1,0.81,18668.26,1.0016
2841,1,1,0.81,18694.73,1.0349
2842,1,1,0.81,18699.20,1.0566
2843,1,1,0.81,18704.91,1.0815
2844,1,1,0.81,18740.15,1.0202
2845,1,1,0.81,18793.08,1.1667
2846,1,1,0.81,18811.42,1.0922
2847,1,1,0.81,18829.51,1.0717
2848,1,1,0.81,18833.98,1.0849
2849,1,1,0.81,18864.16,1.0065
2850,1,1,0.81,18871.27,1.0151
2851,1,1,0.81,18878.38,1.0957
2852,1,1,0.81,18910.65,0.9862
2853,1,1,0.81,18936.67,1.0544
2854,1,1,0.81,18922.00,1.0673
2855,1,1,0.81,18940.95,1.1026
2856,1,1,0.81,18981.13,0.9745
2857,1,1,0.81,19026.87,1.0600
2858,1,1,0.81,19054.07,1.0744
2859,1,1,0.81,19076.21,1.0487
2860,1,1,0.81,19083.32,1.0776
2861,1,1,0.81,19102.60,1.0253
2862,1,1,0.81,19143.75,0.9493
2863,1,1,0.81,19156.72,0.9832
2864,1,1,0.81,19185.54,1.0540
2865,1,1,0.81,19208.08,1.0890
2866,1,1,0.81,19195.94,1.0698
2867,1,1,0.81,19221.93,1.0428
2868,1,1,0.81,19189.69,1.1397
2869,1,1,0.81,19203.06,1.1927
2870,1,1,0.81,19238.56,1.0554
2871,1,1,0.81,19242.34,1.0743
2872,1,1,0.81,19261.83,1.0522
2873,1,1,0.81,19294.80,1.0419
2874,1,1,0.81,19309.42,1.0317
2875,1,1,0.81,19382.23,1.1091
2876,1,1,0.81,19404.57,1.1056
2877,1,1,0.81,19407.57,1.0368
2878,1,1,0.81,19450.58,1.0654
2879,1,1,0.81,19465.99,1.0968
2880,1,1,0.81,19479.44,1.1341
2881,1,1,0.81,19495.77,1.1149
2882,1,1,0.81,19502.66,1.0694
2883,1,1,0.81,19510.95,1.0218
2884,1,1,0.81,19540.64,0.9785
2885,1,1,0.81,19547.74,1.0151
2886,1,1,0.81,19568.19,0.9971
2887,1,1,0.81,19598.86,1.0177
2888,1,1,0.81,19613.49,1.0232
2889,1,1,0.81,19651.68,1.0939
2890,1,1,0.81,19692.36,1.0252
2891,1,1,0.81,19700.43,1.0788
2892,1,1,0.81,19719.00,1.0613
2893,1,1,0.81,19731.79,1.0796
2894,1,1,0.81,19751.38,1.0019
2895,1,1,0.81,19775.69,1.0699
2896,1,1,0.81,19789.96,1.1603
2897,1,1,0.81,19849.56,1.1244
2898,0,1,0.81,19809.36,1.2013
2899,1,1,0.81,19847.18,1.0506
2900,1,1,0.81,19869.87,1.0816
2901,1,1,0.81,19929.36,1.0558
2902,1,1,0.81,19950.70,1.0443
2903,1,1,0.81,19977.14,1.0254
2904,1,1,0.81,20000.84,1.0469
2905,1,1,0.81,20005.31,1.1620
2906,1,1,0.81,20011.02,1.0773
2907,1,1,0.81,20016.19,1.0644
2908,1,1,0.81,20028.48,1.0634
2909,1,1,0.81,20066.71,1.1383
2910,0,1,0.81,20020.73,1.1797
2911,1,1,0.81,20091.07,1.1137
2912,1,1,0.81,20103.12,1.1307
2913,1,1,0.81,20156.59,1.1117
2914,1,1,0.81,20172.14,1.0846
2915,1,1,0.81,20223.10,1.0917
2916,1,1,0.81,20251.77,1.0545
2917,1,1,0.81,20264.06,1.0457
2918,1,1,0.81,20300.19,1.1289
2919,1,1,0.82,20317.35,1.0813
2920,1,1,0.82,20352.79,1.0685
2921,1,1,0.82,20386.59,1.0516
2922,1,1,0.82,20456.74,1.1901
2923,1,1,0.82,20471.27,1.0658
2924,1,1,0.82,20475.04,1.0773
2925,1,1,0.82,20490.43,1.0451
2926,1,1,0.82,20499.90,1.1540
2927,1,1,0.82,20522.64,1.0337
2928,1,1,0.82,20541.68,1.0699
2929,1,1,0.82,20573.04,1.0942
2930,0,1,0.82,20528.53,1.1678
2931,1,1,0.82,20556.87,0.9992
2932,1,1,0.82,20598.95,1.1157
2933,1,1,0.82,20638.37,1.0873
2934,1,1,0.82,20673.88,1.0400
2935,1,1,0.82,20695.21,1.0471
2936,1,1,0.82,20704.68,1.1375
2937,1,1,0.82,20732.70,1.0359
2938,1,1,0.82,20739.59,0.9774
2939,1,1,0.82,20777.11,1.0657
2940,1,1,0.82,20794.99,0.9973
2941,1,1,0.82,20806.11,1.0254
2942,1,1,0.82,20813.70,0.9850
2943,1,1,0.82,20891.09,1.1483
2944,1,1,0.82,20932.91,1.0441
2945,1,1,0.82,20945.20,1.0561
2946,1,1,0.82,20959.69,1.1119
2947,1,1,0.82,20982.07,0.9665
2948,1,1,0.82,20985.84,1.0707
2949,1,1,0.82,21011.91,1.0102
2950,1,1,0.82,21052.06,1.0527
2951,1,1,0.82,21055.83,1.0265
2952,1,1,0.82,21061.49,1.1137
2953,1,1,0.82,21100.01,1.0676
2954,1,1,0.82,21169.89,1.0150
2955,1,1,0.82,21203.06,1.0777
2956,1,1,0.82,21213.92,0.9463
2957,1,1,0.82,21243.23,0.9454
2958,1,1,0.82,21276.72,0.9607
2959,1,1,0.82,21313.14,1.0739
2960,1,1,0.82,21326.59,1.0727
2961,1,1,0.82,21352.13,1.0167
2962,1,1,0.82,21356.61,1.0477
2963,1,1,0.82,21365.38,1.0203
2964,1,1,0.82,21377.19,1.0514
2965,1,1,0.82,21423.54,1.0781
2966,1,1,0.82,21480.39,1.0774
2967,1,1,0.82,21509.42,1.0597
2968,1,1,0.82,21538.08,1.0840
2969,1,1,0.82,21560.58,1.0849
2970,1,1,0.82,21591.64,0.9322
2971,1,1,0.82,21621.32,1.0755
2972,1,1,0.82,21665.48,1.0021
2973,1,1,0.82,21672.59,0.9817
2974,1,1,0.82,21710.11,1.0425
2975,1,1,0.82,21767.67,1.0344
2976,1,1,0.82,21788.62,1.0512
2977,1,1,0.82,21828.17,0.9592
2978,1,1,0.82,21858.80,0.9757
2979,1,1,0.82,21882.38,1.1062
2980,1,1,0.82,21926.39,1.1147
2981,1,1,0.82,21943.19,1.0358
2982,1,1,0.82,21957.92,1.0666
2983,1,1,0.82,21985.54,1.0366
2984,1,1,0.82,22004.16,1.0845
2985,1,1,0.82,22051.79,1.0620
2986,1,1,0.82,22034.03,1.0128
2987,1,1,0.82,22066.75,1.0405
2988,1,1,0.82,22123.99,1.1234
2989,1,1,0.82,22128.47,1.1119
2990,1,1,0.82,22139.81,1.0855
2991,1,1,0.82,22145.47,0.9216
2992,1,1,0.82,22151.18,1.0175
2993,1,1,0.82,22167.00,1.0117
2994,1,1,0.82,22177.64,1.0757
2995,1,1,0.82,22198.08,1.0045
2996,1,1,0.82,22203.74,0.9763
2997,1,1,0.82,22210.10,0.9573
2998,1,1,0.82,22215.27,0.9387
2999,1,1,0.82,22242.74,0.9897
3000,1,1,0.82,22273.21,1.0443
3001,1,1,0.82,22313.84,1.0526
3002,1,1,0.82,22341.80,1.0764
3003,1,1,0.82,22362.90,0.9684
3004,1,1,0.82,22397.19,0.9709
3005,1,1,0.82,22421.38,1.0830
3006,1,1,0.82,22469.91,1.1752
3007,1,1,0.82,22507.82,0.9989
3008,1,1,0.82,22551.53,0.9144
3009,1,1,0.82,22575.22,0.9428
3010,1,1,0.82,22616.68,0.9916
3011,1,1,0.82,22646.35,0.9537
3012,1,1,0.82,22658.87,1.0280
3013,1,1,0.82,22676.79,0.9380
3014,1,1,0.82,22699.58,0.9855
3015,1,1,0.82,22763.51,1.0376
3016,1,1,0.82,22781.01,1.0258
3017,1,1,0.82,22792.35,1.0763
3018,1,1,0.82,22822.02,0.9896
3019,1,1,0.82,22868.68,1.0313
3020,0,1,0.82,22870.05,1.2504
3021,1,1,0.82,22904.81,0.9888
3022,1,1,0.82,22922.10,1.0511
3023,1,1,0.82,22951.93,1.0201
3024,1,1,0.82,22994.40,1.1002
3025,0,1,0.82,22962.70,1.1515
3026,1,1,0.82,22973.35,1.1836
3027,1,1,0.82,22995.72,1.0466
3028,1,1,0.82,23039.91,1.1261
3029,1,1,0.82,23045.57,1.1560
3030,1,1,0.82,23061.21,1.0762
3031,1,1,0.82,23073.96,0.9996
3032,1,1,0.82,23100.25,1.0098
3033,1,1,0.82,23108.54,1.0087
3034,1,1,0.82,23188.37,0.9392
3035,1,1,0.82,23196.44,1.0303
3036,1,1,0.82,23209.89,0.9432
3037,1,1,0.82,23271.20,1.0316
3038,1,1,0.82,23315.78,1.0766
3039,1,1,0.82,23338.62,0.9282
3040,1,1,0.82,23343.80,0.9641
3041,1,1,0.82,23387.30,1.1059
3042,1,1,0.82,23413.97,1.0502
3043,1,1,0.82,23441.87,1.0280
3044,1,1,0.82,23524.12,1.0627
3045,1,1,0.82,23570.22,1.1256
3046,1,1,0.82,23600.44,1.0015
3047,1,1,0.82,23613.20,1.0231
3048,1,1,0.82,23637.79,0.9474
3049,1,1,0.82,23663.91,0.9851
3050,1,1,0.82,23692.98,1.0390
3051,1,1,0.82,23714.37,1.0409
3052,1,1,0.82,23743.59,1.0593
3053,1,1,0.82,23748.07,1.0686
3054,1,1,0.82,23757.31,1.0148
3055,1,1,0.82,23798.05,1.0471
3056,1,1,0.82,23819.34,1.0478
3057,1,1,0.82,23846.57,0.9528
3058,1,1,0.82,23872.30,1.0533
3059,1,1,0.82,23882.94,1.0871
3060,1,1,0.82,23909.18,1.0803
3061,1,1,0.82,23918.65,1.0676
3062,1,1,0.82,23942.54,1.0163
3063,0,1,0.82,23880.58,1.2009
3064,1,1,0.82,23920.53,1.0650
3065,1,1,0.82,23942.58,1.0177
3066,1,1,0.82,23955.19,0.9971
3067,1,1,0.82,23967.23,1.0736
3068,1,1,0.82,23994.82,0.9983
3069,1,1,0.82,24016.26,1.0687
3070,1,1,0.82,24029.83,0.9687
3071,1,1,0.82,24060.15,0.9950
3072,0,1,0.82,24017.08,1.1925
3073,1,1,0.82,24033.51,1.1813
3074,1,1,0.82,24065.98,0.9985
3075,1,1,0.82,24094.44,1.0594
3076,1,1,0.82,24110.92,1.0682
3077,1,1,0.82,24140.59,1.0298
3078,1,1,0.82,24146.95,1.0139
3079,1,1,0.82,24172.19,1.0610
3080,1,1,0.82,24215.49,1.0122
3081,1,1,0.82,24237.33,1.0152
3082,1,1,0.82,24274.05,1.0370
3083,1,1,0.82,24282.82,1.0239
3084,1,1,0.82,24318.29,1.0419
3085,1,1,0.82,24356.16,1.0351
3086,1,1,0.82,24364.91,1.0226
3087,1,1,0.82,24407.80,1.0945
3088,1,1,0.82,24422.43,1.1423
3089,1,1,0.82,24456.60,1.0269
3090,1,1,0.82,24493.91,1.0165
3091,1,1,0.82,24521.93,1.0491
3092,1,1,0.82,24546.57,1.0715
3093,0,1,0.82,24526.70,1.1963
3094,1,1,0.82,24536.64,1.0376
3095,1,1,0.82,24568.07,1.0550
3096,1,1,0.82,24593.36,1.0699
3097,1,1,0.82,24634.51,1.0102
3098,1,1,0.82,24654.31,1.1244
3099,1,1,0.82,24624.30,1.0221
3100,1,1,0.82,24641.69,1.0018
3101,1,1,0.82,24674.29,1.0255
3102,1,1,0.82,24712.19,1.0022
3103,1,1,0.82,24736.38,0.9911
3104,1,1,0.82,24748.60,0.9881
3105,1,1,0.82,24776.97,0.9828
3106,1,1,0.82,24834.79,1.0013
3107,1,1,0.82,24859.20,1.0576
3108,1,1,0.82,24890.17,1.0270
3109,1,1,0.82,24912.75,0.9970
3110,1,1,0.82,24919.64,1.0111
3111,1,1,0.82,24949.56,1.0440
3112,1,1,0.82,24990.06,1.1384
3113,1,1,0.82,25008.94,1.0014
3114,1,1,0.82,25074.95,1.0967
3115,1,1,0.82,25089.34,0.9930
3116,1,1,0.82,25108.62,0.9771
3117,1,1,0.82,25121.18,0.9895
3118,1,1,0.82,25156.62,1.0231
3119,1,1,0.82,25182.66,0.9967
3120,1,1,0.82,25187.62,1.0306
3121,1,1,0.83,25193.33,0.9904
3122,1,1,0.83,25209.12,1.0364
3123,1,1,0.83,25242.24,0.9821
3124,1,1,0.83,25246.71,0.9292
3125,1,1,0.83,25281.82,1.0098
3126,1,1,0.83,25311.30,0.9773
3127,1,1,0.83,25325.90,0.9749
3128,1,1,0.83,25332.31,1.0171
3129,1,1,0.83,25360.90,0.9591
3130,1,1,0.83,25387.52,0.9988
3131,1,1,0.83,25414.03,1.0033
3132,1,1,0.83,25419.69,1.0223
3133,1,1,0.83,25448.08,0.9983
3134,1,1,0.83,25509.68,1.0305
3135,1,1,0.83,25527.56,1.0375
3136,1,1,0.83,25556.59,1.0371
3137,1,1,0.83,25576.19,0.9811
3138,1,1,0.83,25585.66,0.9635
3139,0,1,0.83,25545.42,1.1416
3140,1,1,0.83,25572.89,1.0889
3141,1,1,0.83,25592.94,1.0867
3142,1,1,0.83,25636.04,1.1314
3143,1,1,0.83,25673.93,1.0904
3144,1,1,0.83,25724.80,1.0015
3145,1,1,0.83,25740.33,1.1036
3146,1,1,0.83,25759.16,1.0432
3147,1,1,0.83,25796.49,0.8588
3148,1,1,0.83,25837.05,1.0581
3149,1,1,0.83,25870.31,1.0576
3150,1,1,0.83,25882.13,1.0112
3151,1,1,0.83,25905.23,0.9650
3152,1,1,0.83,25914.47,1.0470
3153,0,1,0.83,25855.51,1.1819
3154,1,1,0.83,25878.41,1.1322
3155,1,1,0.83,25908.86,1.1140
3156,1,1,0.83,25922.31,1.1078
3157,1,1,0.83,25948.49,1.0933
3158,1,1,0.83,25960.78,0.9945
3159,1,1,0.83,26012.61,1.0856
3160,1,1,0.83,26053.27,1.0652
3161,1,1,0.83,26096.98,1.0052
3162,1,1,0.83,26133.19,1.1448
3163,1,1,0.83,26161.63,1.1164
3164,1,1,0.83,26197.88,1.0539
3165,1,1,0.83,26231.45,1.0795
3166,1,1,0.83,26245.68,1.0455
3167,1,1,0.83,26273.55,1.0442
3168,1,1,0.83,26302.56,1.0156
3169,1,1,0.83,26319.79,1.0240
3170,1,1,0.83,26329.31,1.0281
3171,1,1,0.83,26354.95,1.0671
3172,1,1,0.83,26369.43,1.0523
3173,1,1,0.83,26391.06,1.0757
3174,1,1,0.83,26431.04,0.9489
3175,1,1,0.83,26453.54,0.9541
3176,1,1,0.83,26474.48,0.9627
3177,1,1,0.83,26510.16,1.0923
3178,1,1,0.83,26531.81,0.9782
3179,1,1,0.83,26569.26,1.0859
3180,1,1,0.83,26586.06,1.1090
3181,1,1,0.83,26613.51,1.0534
3182,1,1,0.83,26620.20,1.0581
3183,1,1,0.83,26659.46,1.0525
3184,1,1,0.83,26684.60,0.9634
3185,1,1,0.83,26718.97,1.0240
3186,1,1,0.83,26750.34,1.0491
3187,1,1,0.83,26771.25,1.0037
3188,1,1,0.83,26788.76,1.0618
3189,1,1,0.83,26825.47,1.0187
3190,1,1,0.83,26839.74,1.0660
3191,1,1,0.83,26866.73,0.9459
3192,1,1,0.83,26890.80,1.0393
3193,1,1,0.83,26906.34,0.9397
3194,1,1,0.83,26912.35,1.0386
3195,1,1,0.83,26964.20,1.0098
3196,1,1,0.83,27020.95,1.0378
3197,1,1,0.83,27028.54,1.0233
3198,1,1,0.83,27056.58,1.0622
3199,1,1,0.83,27070.73,1.0064
3200,1,1,0.83,27130.79,1.0922
3201,0,1,0.83,27077.81,1.1182
3202,1,1,0.83,27123.87,1.0106
3203,1,1,0.83,27175.38,1.0081
3204,1,1,0.83,27182.29,1.1237
3205,1,1,0.83,27187.95,0.9937
3206,1,1,0.83,27220.52,0.9624
3207,1,1,0.83,27254.58,1.0637
3208,1,1,0.83,27259.06,1.0962
3209,1,1,0.83,27269.00,0.9805
3210,1,1,0.83,27274.71,0.9854
3211,1,1,0.83,27290.03,1.0261
3212,0,1,0.83,27248.86,1.2929
3213,1,1,0.83,27268.09,1.0532
3214,1,1,0.83,27286.19,1.0694
3215,1,1,0.83,27301.26,1.0897
3216,1,1,0.83,27305.53,1.0934
3217,1,1,0.83,27340.40,0.9844
3218,1,1,0.83,27347.99,0.9628
3219,1,1,0.83,27390.29,0.9544
3220,1,1,0.83,27417.40,0.9874
3221,1,1,0.83,27468.20,1.1298
3222,1,1,0.83,27480.81,1.0485
3223,1,1,0.83,27493.77,1.0826
3224,1,1,0.83,27518.49,0.9855
3225,1,1,0.83,27545.12,0.9583
3226,1,1,0.83,27568.76,0.9948
3227,1,1,0.83,27587.35,0.9975
3228,1,1,0.83,27610.79,1.0074
3229,1,1,0.83,27630.28,0.9621
3230,1,1,0.83,27652.07,0.9747
3231,1,1,0.83,27671.11,0.9368
3232,1,1,0.83,27676.82,1.0290
3233,1,1,0.83,27707.15,0.9448
3234,1,1,0.83,27711.63,0.9725
3235,1,1,0.83,27738.70,0.9674
3236,1,1,0.83,27758.94,0.9200
3237,1,1,0.83,27757.67,1.0080
3238,1,1,0.83,27790.94,0.9658
3239,1,1,0.83,27817.93,0.9523
3240,1,1,0.83,27825.52,1.0321
3241,1,1,0.83,27855.74,0.9885
3242,1,1,0.83,27889.17,1.0420
3243,1,1,0.83,27930.16,0.9475
3244,1,1,0.83,27948.79,0.9859
3245,1,1,0.83,27978.12,0.9518
3246,1,1,0.83,28010.14,0.9593
3247,1,1,0.83,28021.96,1.0590
3248,1,1,0.83,28049.60,1.0103
3249,1,1,0.83,28054.07,0.9983
3250,1,1,0.83,28112.57,1.0068
3251,1,1,0.83,28141.29,1.0399
3252,1,1,0.83,28174.85,1.0018
3253,1,1,0.83,28188.57,1.0402
3254,1,1,0.83,28197.82,1.0523
3255,1,1,0.83,28214.61,1.0179
3256,1,1,0.83,28219.08,1.0034
3257,1,1,0.83,28235.41,0.9918
3258,1,1,0.83,28239.18,1.0759
3259,1,1,0.83,28266.90,1.0066
3260,0,1,0.83,28224.97,1.3574
3261,1,1,0.83,28241.59,1.1283
3262,1,1,0.83,28262.68,1.0530
3263,1,1,0.83,28296.16,1.0190
3264,0,1,0.83,28251.60,1.3983
3265,1,1,0.83,28259.77,1.2208
3266,1,1,0.83,28283.26,1.0628
3267,1,1,0.83,28312.46,0.9960
3268,1,1,0.83,28382.82,0.9734
3269,1,1,0.83,28422.81,1.0446
3270,1,1,0.83,28456.38,1.0559
3271,1,1,0.83,28470.77,1.0727
3272,1,1,0.83,28505.99,1.0461
3273,1,1,0.83,28545.65,1.0391
3274,1,1,0.83,28559.22,1.0247
3275,1,1,0.83,28589.88,1.0631
3276,1,1,0.83,28605.05,1.0355
3277,1,1,0.83,28629.95,0.9476
3278,1,1,0.83,28659.56,1.0047
3279,1,1,0.83,28697.73,1.0327
3280,1,1,0.83,28722.61,0.9852
3281,1,1,0.83,28737.00,0.9176
3282,1,1,0.83,28773.85,0.9828
3283,1,1,0.83,28790.18,1.0037
3284,1,1,0.83,28806.28,1.0371
3285,1,1,0.83,28826.77,1.0023
3286,1,1,0.83,28835.76,0.9638
3287,1,1,0.83,28845.93,1.0876
3288,1,1,0.83,28867.06,1.0101
3289,1,1,0.83,28889.45,0.9833
3290,1,1,0.83,28923.09,1.0045
3291,1,1,0.83,28935.50,1.0472
3292,1,1,0.83,28968.81,0.9437
3293,1,1,0.83,28974.47,1.0170
3294,1,1,0.83,28990.25,0.8887
3295,1,1,0.83,29037.34,0.9678
3296,1,1,0.83,29057.37,1.0434
3297,1,1,0.83,29080.46,1.0050
3298,1,1,0.83,29086.12,1.0595
3299,1,1,0.83,29103.51,1.0406
3300,1,1,0.83,29139.05,0.9972
3301,1,1,0.83,29164.19,1.0336
3302,1,1,0.83,29195.71,1.0074
3303,1,1,0.83,29224.38,1.0260
3304,1,1,0.83,29230.87,1.0716
3305,1,1,0.83,29243.86,0.9569
3306,1,1,0.83,29296.55,1.1507
3307,1,1,0.83,29309.22,1.0493
3308,0,1,0.83,29258.16,1.1754
3309,1,1,0.83,29279.81,1.0549
3310,1,1,0.83,29303.84,1.0178
3311,1,1,0.83,29348.54,1.0769
3312,1,1,0.83,29392.26,1.0765
3313,1,1,0.83,29412.00,1.0219
3314,1,1,0.83,29417.66,1.0241
3315,1,1,0.83,29434.45,1.0740
3316,1,1,0.83,29452.74,0.9788
3317,1,1,0.83,29460.33,1.0706
3318,1,1,0.83,29489.40,1.1021
3319,1,1,0.83,29507.14,1.0091
3320,1,1,0.83,29529.41,1.0242
3321,1,1,0.83,29551.22,1.0451
3322,1,1,0.83,29559.51,1.1549
3323,1,1,0.83,29564.68,1.0277
3324,1,1,0.83,29581.90,1.0024
3325,1,1,0.83,29617.27,1.0788
3326,1,1,0.83,29629.56,1.0606
3327,1,1,0.83,29636.45,1.0040
3328,1,1,0.83,29667.30,0.9859
3329,1,1,0.83,29683.43,1.0297
3330,1,1,0.83,29687.00,1.0826
3331,1,1,0.83,29737.84,1.0714
3332,1,1,0.83,29787.19,1.0413
3333,1,1,0.83,29806.51,1.0015
3334,1,1,0.83,29822.83,1.0247
3335,1,1,0.83,29850.70,0.9650
3336,1,1,0.83,29897.37,1.0988
3337,1,1,0.83,29928.39,1.0279
3338,1,1,0.83,29956.83,0.9765
3339,1,1,0.83,29983.52,0.9856
3340,1,1,0.83,30012.14,0.9335
3341,1,1,0.83,30042.16,1.1213
3342,1,1,0.83,30067.38,1.0121
3343,1,1,0.83,30087.01,0.9448
3344,1,1,0.83,30120.35,1.0189
3345,1,1,0.83,30148.42,1.0114
3346,1,1,0.83,30166.71,0.9766
3347,1,1,0.83,30191.55,0.9636
3348,1,1,0.83,30247.26,1.0454
3349,1,1,0.83,30284.62,1.0089
3350,1,1,0.83,30275.08,1.1057
3351,1,1,0.83,30302.54,1.0192
3352,1,1,0.84,30335.89,1.0453
3353,1,1,0.84,30355.94,0.9844
3354,0,1,0.83,30305.02,1.2974
3355,1,1,0.83,30324.86,1.0672
3356,1,1,0.83,30365.27,1.0596
3357,1,1,0.83,30462.84,1.1072
3358,1,1,0.84,30516.49,1.1105
3359,1,1,0.84,30547.39,1.0475
3360,1,1,0.84,30571.18,1.0148
3361,0,1,0.83,30514.07,1.1527
3362,1,1,0.83,30532.26,1.1403
3363,1,1,0.83,30552.96,1.0560
3364,1,1,0.84,30557.43,1.0117
3365,1,1,0.84,30563.79,1.0128
3366,1,1,0.84,30591.70,0.9875
3367,1,1,0.84,30646.88,1.0257
3368,1,1,0.84,30652.05,0.9278
3369,1,1,0.84,30681.81,0.9712
3370,1,1,0.84,30686.28,1.0397
3371,1,1,0.84,30712.80,1.0104
3372,1,1,0.84,30748.17,0.9589
3373,1,1,0.84,30761.74,1.0114
3374,1,1,0.84,30785.14,1.0033
3375,1,1,0.84,30797.66,0.9910
3376,1,1,0.84,30823.40,0.9479
3377,0,1,0.84,30776.73,1.7897
3378,1,1,0.84,30813.86,1.0286
3379,1,1,0.84,30839.97,1.0318
3380,1,1,0.84,30867.33,1.0213
3381,1,1,0.84,30896.59,0.9744
3382,1,1,0.84,30910.75,0.8948
3383,1,1,0.84,30945.02,0.9583
3384,1,1,0.84,30966.71,1.0352
3385,1,1,0.84,30998.39,0.9879
3386,1,1,0.84,31022.03,1.0799
3387,1,1,0.84,31043.72,1.0716
3388,1,1,0.84,31050.61,0.9373
3389,1,1,0.84,31093.45,1.0003
3390,1,1,0.84,31131.92,0.9990
3391,1,1,0.84,31137.62,0.9925
3392,1,1,0.84,31181.91,1.0288
3393,1,1,0.84,31205.40,0.9607
3394,1,1,0.84,31235.18,0.9926
3395,1,1,0.84,31255.77,1.0913
3396,1,1,0.84,31308.93,0.9634
3397,1,1,0.84,31317.00,0.9182
3398,1,1,0.84,31343.40,0.9974
3399,1,1,0.84,31357.94,1.0496
3400,1,1,0.84,31390.12,0.9671
3401,1,1,0.84,31440.57,1.0540
3402,1,1,0.84,31469.09,0.9328
3403,1,1,0.84,31472.86,0.9425
3404,1,1,0.84,31477.33,1.0250
3405,1,1,0.84,31512.55,0.9786
3406,1,1,0.84,31532.74,1.0710
3407,1,1,0.84,31562.51,1.0415
3408,1,1,0.84,31578.74,0.9397
3409,1,1,0.84,31608.41,1.0710
3410,1,1,0.84,31625.36,1.1368
3411,1,1,0.84,31641.95,1.0467
3412,1,1,0.84,31672.11,0.9816
3413,1,1,0.84,31695.73,1.0025
3414,1,1,0.84,31712.85,0.9963
3415,1,1,0.84,31726.19,1.0142
3416,1,1,0.84,31731.16,1.0595
3417,1,1,0.84,31740.41,0.9964
3418,1,1,0.84,31761.80,0.9967
3419,1,1,0.84,31820.09,1.0070
3420,1,1,0.84,31851.06,0.9996
3421,1,1,0.84,31893.13,1.0638
3422,1,1,0.84,31907.50,0.9921
3423,1,1,0.84,31958.45,1.0952
3424,1,1,0.84,31964.11,1.0682
3425,1,1,0.84,31990.12,1.0733
3426,1,1,0.84,32045.20,1.0671
3427,1,1,0.84,32066.55,1.0288
3428,1,1,0.84,32087.85,0.9918
3429,1,1,0.84,32095.44,1.0891
3430,1,1,0.84,32125.24,0.9875
3431,1,1,0.84,32155.74,1.0993
3432,1,1,0.84,32172.63,1.0277
3433,1,1,0.84,32211.83,1.0578
3434,1,1,0.84,32225.12,0.9560
3435,1,1,0.84,32235.06,1.0606
3436,1,1,0.84,32279.29,0.9657
3437,1,1,0.84,32285.00,0.9830
3438,1,1,0.84,32292.11,1.0434
3439,1,1,0.84,32328.83,0.9965
3440,1,1,0.84,32344.92,1.0646
3441,1,1,0.84,32380.08,1.0224
3442,1,1,0.84,32398.02,1.0018
3443,1,1,0.84,32406.09,1.0480
3444,1,1,0.84,32456.73,1.0828
3445,1,1,0.84,32479.27,0.9893
3446,1,1,0.84,32525.13,0.9831
3447,1,1,0.84,32549.09,1.0526
3448,1,1,0.84,32567.67,0.9039
3449,1,1,0.84,32585.65,1.0047
3450,1,1,0.84,32632.17,1.0292
3451,1,1,0.84,32651.61,1.0092
3452,1,1,0.84,32666.80,1.0724
3453,1,1,0.84,32712.80,1.0484
3454,1,1,0.84,32739.25,1.0757
3455,1,1,0.84,32777.81,1.0897
3456,1,1,0.84,32793.94,0.9804
3457,1,1,0.84,32840.91,0.9737
3458,1,1,0.84,32851.65,1.0361
3459,1,1,0.84,32939.45,1.0596
3460,1,1,0.84,32958.28,0.9874
3461,1,1,0.84,32977.67,1.0466
3462,1,1,0.84,32991.34,1.0905
3463,1,1,0.84,33000.81,1.0318
3464,1,1,0.84,32992.38,1.2321
3465,1,1,0.84,33004.25,1.1559
3466,1,1,0.84,33010.25,1.0655
3467,1,1,0.84,33043.32,1.0921
3468,1,1,0.84,33088.62,1.1373
3469,1,1,0.84,33108.81,1.0217
3470,1,1,0.84,33191.25,1.0701
3471,1,1,0.84,33214.74,1.0286
3472,1,1,0.84,33223.99,1.0014
3473,1,1,0.84,33239.33,0.9972
3474,1,1,0.84,33244.79,1.0414
3475,1,1,0.84,33267.68,0.9887
3476,1,1,0.84,33308.28,1.0281
3477,1,1,0.84,33323.67,1.0147
3478,1,1,0.84,33352.54,0.9893
3479,0,1,0.84,33324.84,1.1034
3480,1,1,0.84,33349.21,1.0719
3481,1,1,0.84,33315.23,1.2078
3482,1,1,0.84,33320.40,1.2560
3483,1,1,0.84,33340.23,1.1373
3484,1,1,0.84,33361.68,1.1219
3485,1,1,0.84,33389.30,1.0819
3486,1,1,0.84,33433.23,1.0600
3487,1,1,0.84,33456.12,1.0080
3488,1,1,0.84,33442.33,1.1339
3489,1,1,0.84,33456.25,1.0591
3490,1,1,0.84,33484.24,1.0808
3491,1,1,0.84,33488.71,1.0889
3492,1,1,0.84,33531.11,1.0518
3493,1,1,0.84,33556.19,1.0243
3494,1,1,0.84,33584.16,0.9870
3495,1,1,0.84,33615.03,1.0479
3496,1,1,0.84,33634.42,1.0046
3497,1,1,0.84,33662.64,1.0606
3498,1,1,0.84,33672.10,1.0237
3499,1,1,0.84,33695.74,1.0364
3500,1,1,0.84,33774.86,1.0812
3501,1,1,0.84,33811.08,0.9990
3502,1,1,0.84,33825.55,1.0030
3503,1,1,0.84,33848.34,0.9667
3504,1,1,0.84,33884.56,0.9482
3505,1,1,0.84,33914.98,1.0064
3506,1,1,0.84,33925.63,0.9580
3507,1,1,0.84,33952.94,0.9833
3508,1,1,0.84,33957.41,0.9914
3509,1,1,0.84,33966.88,1.0167
3510,1,1,0.84,34000.95,0.9563
3511,1,1,0.84,34042.05,0.9732
3512,1,1,0.84,34070.12,0.9438
3513,1,1,0.84,34106.19,0.9291
3514,1,1,0.84,34111.84,0.9277
3515,1,1,0.84,34163.14,1.0415
3516,1,1,0.84,34179.51,1.0335
3517,1,1,0.84,34222.33,0.9790
3518,1,1,0.84,34226.80,0.8792
3519,1,1,0.84,34253.87,1.0215
3520,1,1,0.84,34279.87,0.9876
3521,1,1,0.84,34321.02,0.9874
3522,1,1,0.84,34349.93,1.0514
3523,1,1,0.84,34372.10,0.9495
3524,1,1,0.84,34392.75,1.0426
3525,1,1,0.84,34426.59,1.0026
3526,1,1,0.84,34432.95,0.9680
3527,0,1,0.84,34401.29,0.9740
3528,1,1,0.84,34419.17,1.0338
3529,1,1,0.84,34426.27,0.9899
3530,1,1,0.84,34469.52,1.0406
3531,1,1,0.84,34481.11,1.0290
3532,1,1,0.84,34490.00,0.9502
3533,1,1,0.84,34526.54,0.9947
3534,1,1,0.84,34559.75,1.0847
3535,1,1,0.84,34586.53,0.9434
3536,1,1,0.84,34637.57,1.0882
3537,1,1,0.84,34685.55,1.0134
3538,1,1,0.84,34691.26,1.0644
3539,1,1,0.84,34703.30,0.9354
3540,1,1,0.84,34720.83,0.9680
3541,1,1,0.84,34741.97,0.9435
3542,1,1,0.84,34793.84,1.1031
3543,1,1,0.84,34800.19,1.0086
3544,1,1,0.84,34805.85,0.9693
3545,1,1,0.84,34885.49,1.0751
3546,1,1,0.84,34890.74,1.0367
3547,1,1,0.84,34908.04,1.0544
3548,1,1,0.84,34945.23,0.9837
3549,1,1,0.84,34956.82,1.0003
3550,1,1,0.84,34984.34,0.9781
3551,1,1,0.84,35036.31,0.9813
3552,1,1,0.84,35092.99,1.0153
3553,1,1,0.84,35119.28,0.9310
3554,1,1,0.84,35137.40,0.9945
3555,1,1,0.84,35166.36,0.9790
3556,1,1,0.84,35172.02,0.9821
3557,1,1,0.84,35189.75,1.0193
3558,1,1,0.84,35222.33,0.9963
3559,1,1,0.84,35253.78,0.9735
3560,1,1,0.84,35258.25,1.0310
3561,1,1,0.84,35279.64,1.0285
3562,1,1,0.84,35314.16,1.0243
3563,1,1,0.84,35346.07,1.1009
3564,1,1,0.84,35376.24,0.9543
3565,1,1,0.84,35401.18,0.9674
3566,1,1,0.84,35434.59,1.0678
3567,1,1,0.84,35444.53,1.0777
3568,1,1,0.84,35459.26,0.9946
3569,1,1,0.84,35485.20,1.1039
3570,1,1,0.84,35515.40,0.9819
3571,1,1,0.84,35573.91,1.0334
3572,1,1,0.84,35622.96,1.0458
3573,1,1,0.84,35653.77,0.9934
3574,1,1,0.84,35657.55,0.9542
3575,1,1,0.84,35694.67,0.9389
1,0,0,0.00,-12.83,0.9785
2,0,0,0.00,-62.30,1.0066
3,0,0,0.00,-111.86,1.0293
4,0,0,0.00,-172.37,1.0697
5,0,0,0.00,-234.83,1.1001
6,0,0,0.00,-282.89,1.1108
7,0,0,0.00,-341.80,1.1404
8,0,0,0.00,-399.81,1.1633
9,0,0,0.00,-449.72,1.1585
10,0,0,0.00,-498.88,1.1510
11,0,0,0.00,-556.85,1.1807
12,0,0,0.00,-608.47,1.1645
13,0,0,0.00,-669.73,1.1882
14,0,0,0.00,-728.49,1.1972
15,0,0,0.00,-787.40,1.2068
16,0,0,0.00,-846.51,1.2056
17,0,0,0.00,-888.37,1.2048
18,0,0,0.00,-938.60,1.2189
19,0,0,0.00,-999.56,1.2328
20,0,0,0.00,-1046.37,1.2233
21,0,0,0.00,-1091.43,1.2060
22,0,0,0.00,-1147.45,1.2210
23,0,0,0.00,-1189.07,1.2101
24,0,0,0.00,-1245.94,1.2023
25,0,0,0.00,-1304.61,1.2436
26,0,0,0.00,-1354.72,1.2335
27,0,0,0.00,-1409.45,1.2370
28,0,0,0.00,-1459.82,1.2348
29,0,0,0.00,-1509.86,1.2299
30,0,0,0.00,-1565.13,1.2343
31,0,0,0.00,-1624.68,1.2461
32,0,0,0.00,-1668.90,1.2469
33,0,0,0.00,-1724.80,1.2434
34,0,0,0.00,-1783.62,1.2725
35,0,0,0.00,-1837.29,1.2421
36,0,0,0.00,-1885.40,1.2360
37,0,0,0.00,-1942.67,1.2519
38,0,0,0.00,-1997.54,1.2522
39,0,0,0.00,-2044.96,1.2454
40,0,0,0.00,-2089.13,1.2786
41,0,0,0.00,-2143.40,1.2398
42,0,0,0.00,-2198.63,1.2602
43,0,0,0.00,-2252.10,1.2558
44,0,0,0.00,-2300.47,1.2661
45,0,0,0.00,-2354.50,1.2680
46,0,0,0.00,-2406.71,1.2434
47,0,0,0.00,-2464.07,1.2645
48,0,0,0.00,-2519.58,1.2815
49,0,0,0.00,-2580.99,1.2602
50,0,0,0.00,-2624.65,1.2755
51,0,0,0.00,-2672.75,1.2696
52,0,0,0.00,-2726.82,1.2908
53,0,0,0.00,-2781.89,1.2585
54,0,0,0.00,-2839.25,1.2926
55,0,0,0.00,-2892.98,1.2770
56,0,0,0.00,-2945.51,1.2797
57,0,0,0.00,-2996.38,1.2982
58,0,0,0.00,-3052.25,1.2766
59,0,0,0.00,-3105.02,1.2776
60,0,0,0.00,-3165.98,1.2638
61,0,0,0.00,-3211.79,1.2777
62,0,0,0.00,-3267.30,1.2755
63,0,0,0.00,-3321.28,1.2781
64,0,0,0.00,-3377.94,1.2703
65,0,0,0.00,-3435.65,1.2988
66,0,0,0.00,-3475.62,1.2802
67,0,0,0.00,-3526.63,1.3038
68,0,0,0.00,-3571.75,1.2728
69,0,0,0.00,-3622.86,1.2992
70,0,0,0.00,-3674.59,1.2761
71,0,0,0.00,-3714.90,1.2942
72,0,0,0.00,-3764.41,1.3067
73,0,0,0.00,-3810.93,1.3100
74,0,0,0.00,-3870.59,1.3045
75,0,0,0.00,-3925.40,1.2828
76,0,0,0.00,-3979.73,1.3015
77,0,0,0.00,-4018.76,1.2948
78,0,0,0.00,-4062.93,1.2782
79,0,0,0.00,-4116.34,1.3110
80,0,0,0.00,-4166.17,1.3192
81,0,0,0.00,-4219.09,1.2966
82,0,0,0.00,-4266.10,1.2756
83,0,0,0.00,-4318.51,1.2749
84,0,0,0.00,-4377.07,1.3232
85,0,0,0.00,-4428.24,1.3149
86,0,0,0.00,-4472.10,1.3115
87,0,0,0.00,-4527.51,1.3239
88,0,0,0.00,-4583.78,1.2942
89,0,0,0.00,-4637.41,1.3170
90,0,0,0.00,-4700.17,1.2908
91,0,0,0.00,-4752.88,1.2857
92,0,0,0.00,-4807.64,1.3079
93,0,0,0.00,-4857.95,1.3137
94,0,0,0.00,-4914.42,1.3168
95,0,0,0.00,-4966.45,1.3192
96,0,0,0.00,-5018.22,1.3361
97,0,0,0.00,-5069.73,1.3052
1,0,0,0.00,-8.99,1.1049
2,0,0,0.00,-60.72,1.1157
3,0,0,0.00,-107.53,1.1294
4,0,0,0.00,-156.90,1.1477
5,0,0,0.00,-203.61,1.1470
6,0,0,0.00,-260.48,1.1790
7,0,0,0.00,-319.14,1.1949
8,0,0,0.00,-368.90,1.1956
9,0,0,0.00,-408.77,1.2080
10,0,0,0.00,-463.38,1.1988
11,0,0,0.00,-519.99,1.2237
12,0,0,0.00,-568.26,1.2219
13,0,0,0.00,-616.06,1.2321
14,0,0,0.00,-668.48,1.2365
15,0,0,0.00,-720.51,1.2295
16,0,0,0.00,-762.25,1.2270
17,0,0,0.00,-801.46,1.2086
18,0,0,0.00,-845.62,1.2369
19,0,0,0.00,-901.68,1.2330
20,0,0,0.00,-960.04,1.2300
21,0,0,0.00,-1020.00,1.2463
22,0,0,0.00,-1069.13,1.2644
23,0,0,0.00,-1120.20,1.2753
24,0,0,0.00,-1171.51,1.2573
25,0,0,0.00,-1231.32,1.2398
26,0,0,0.00,-1282.48,1.2665
27,0,0,0.00,-1331.35,1.2664
28,0,0,0.00,-1386.02,1.2651
29,0,0,0.00,-1439.29,1.2592
30,0,0,0.00,-1487.77,1.3025
31,0,0,0.00,-1538.93,1.2535
32,0,0,0.00,-1593.29,1.2661
33,0,0,0.00,-1649.76,1.2431
34,0,0,0.00,-1702.93,1.2820
35,0,0,0.00,-1750.80,1.2599
36,0,0,0.00,-1805.97,1.2519
37,0,0,0.00,-1850.98,1.2621
38,0,0,0.00,-1899.48,1.2497
39,0,0,0.00,-1956.29,1.2702
40,0,0,0.00,-2015.81,1.2887
41,0,0,0.00,-2072.68,1.2537
42,0,0,0.00,-2129.79,1.2944
43,0,0,0.00,-2191.80,1.2761
44,0,0,0.00,-2251.66,1.2669
45,0,0,0.00,-2306.03,1.3008
46,0,0,0.00,-2350.63,1.2674
47,0,0,0.00,-2409.89,1.2800
48,0,0,0.00,-2467.25,1.2721
49,0,0,0.00,-2511.41,1.2667
50,0,0,0.00,-2558.84,1.3028
51,0,0,0.00,-2611.05,1.2830
52,0,0,0.00,-2664.28,1.2861
53,0,0,0.00,-2712.00,1.3018
54,0,0,0.00,-2766.57,1.3107
55,0,0,0.00,-2820.10,1.2847
56,0,0,0.00,-2883.66,1.2847
57,0,0,0.00,-2940.77,1.2636
58,0,0,0.00,-2989.24,1.3079
59,0,0,0.00,-3043.87,1.3078
60,0,0,0.00,-3091.29,1.3076
61,0,0,0.00,-3145.56,1.3113
62,0,0,0.00,-3202.22,1.3090
63,0,0,0.00,-3251.83,1.3061
64,0,0,0.00,-3307.64,1.3070
65,0,0,0.00,-3371.15,1.2933
66,0,0,0.00,-3423.72,1.2899
67,0,0,0.00,-3480.18,1.3158
68,0,0,0.00,-3525.90,1.3319
69,0,0,0.00,-3581.06,1.3237
70,0,0,0.00,-3632.39,1.2836
71,0,0,0.00,-3682.30,1.3148
72,0,0,0.00,-3741.26,1.2919
73,0,0,0.00,-3788.12,1.3207
74,0,0,0.00,-3849.68,1.2925
75,0,0,0.00,-3908.49,1.2884
76,0,0,0.00,-3963.60,1.2857
77,0,0,0.00,-4017.91,1.3197
78,0,0,0.00,-4069.93,1.3090
79,0,0,0.00,-4121.06,1.2964
80,0,0,0.00,-4172.48,1.2993
81,0,0,0.00,-4217.19,1.3297
82,0,0,0.00,-4281.09,1.2849
83,0,0,0.00,-4327.06,1.3234
84,0,0,0.00,-4374.42,1.3136
85,0,0,0.00,-4422.93,1.3144
86,0,0,0.00,-4466.34,1.3441
87,0,0,0.00,-4516.46,1.3069
88,0,0,0.00,-4566.47,1.3389
89,0,0,0.00,-4621.99,1.3439
90,0,0,0.00,-4677.90,1.3037
91,0,0,0.00,-4730.01,1.2890
92,0,0,0.00,-4780.88,1.3007
93,0,0,0.00,-4837.54,1.2936
94,0,0,0.00,-4886.55,1.3055
95,0,0,0.00,-4941.38,1.3034
96,0,0,0.00,-4993.26,1.3138
97,0,0,0.00,-5038.12,1.3158
98,0,0,0.00,-5088.89,1.3405
99,0,0,0.00,-5137.80,1.3372
100,0,0,0.00,-5183.26,1.3348
101,0,0,0.00,-5229.76,1.2951
102,0,0,0.00,-5277.22,1.3203
103,0,0,0.00,-5327.63,1.3573
104,0,0,0.00,-5380.26,1.3161
105,0,0,0.00,-5431.93,1.3445
106,0,0,0.00,-5484.96,1.3331
107,0,0,0.00,-5529.89,1.3409
108,0,0,0.00,-5585.16,1.3438
109,0,0,0.00,-5645.52,1.3124
110,0,0,0.00,-5690.38,1.3174
111,0,0,0.00,-5742.49,1.3305
112,0,0,0.00,-5793.27,1.2978
113,0,0,0.00,-5848.88,1.3134
114,0,0,0.00,-5906.44,1.3421
115,0,0,0.00,-5954.91,1.3351
116,0,0,0.00,-6004.37,1.3459
117,0,0,0.00,-6058.83,1.3339
118,0,0,0.00,-6108.95,1.3310
119,0,0,0.00,-6168.66,1.3019
120,0,0,0.00,-6230.52,1.3050
121,0,0,0.00,-6281.84,1.3133
122,0,0,0.00,-6330.95,1.3489
123,0,0,0.00,-6386.26,1.3242
124,0,0,0.00,-6446.42,1.3154
125,0,0,0.00,-6491.35,1.3154
126,0,0,0.00,-6550.11,1.3214
127,0,0,0.00,-6594.73,1.3161
128,0,0,0.00,-6649.95,1.3329
129,0,0,0.00,-6704.32,1.3317
130,0,0,0.00,-6764.68,1.3114
131,0,0,0.00,-6824.24,1.3089
132,0,0,0.00,-6866.50,1.3157
133,0,0,0.00,-6916.93,1.3452
134,0,0,0.00,-6975.18,1.3271
135,0,0,0.00,-7024.60,1.3279
136,0,0,0.00,-7071.53,1.3287
137,0,0,0.00,-7126.49,1.3487
138,0,0,0.00,-7177.92,1.3069
139,0,0,0.00,-7228.19,1.3021
140,0,0,0.00,-7283.66,1.3376
141,0,0,0.00,-7343.46,1.3207
142,0,0,0.00,-7401.97,1.2915
143,0,0,0.00,-7458.68,1.3233
144,0,0,0.00,-7507.70,1.3229
145,0,0,0.00,-7560.13,1.3174
146,0,0,0.00,-7601.79,1.2966
147,0,0,0.00,-7657.36,1.3196
148,0,0,0.00,-7711.69,1.3101
149,0,0,0.00,-7761.00,1.3189
150,0,0,0.00,-7808.51,1.3537
151,0,0,0.00,-7859.38,1.3386
152,0,0,0.00,-7914.11,1.3384
153,0,0,0.00,-7963.23,1.3271
154,0,0,0.00,-8017.20,1.3144
155,0,0,0.00,-8072.87,1.3368
156,0,0,0.00,-8127.04,1.3402
157,0,0,0.00,-8177.15,1.3246
158,0,0,0.00,-8221.43,1.3560
159,0,0,0.00,-8254.30,1.3853
160,0,0,0.00,-8316.96,1.3730
161,0,0,0.00,-8368.40,1.3407
162,0,0,0.00,-8423.91,1.3459
163,0,0,0.00,-8470.51,1.3283
164,0,0,0.00,-8524.88,1.3190
165,0,0,0.00,-8572.94,1.3218
166,0,0,0.00,-8632.75,1.3369
167,0,0,0.00,-8680.21,1.3506
168,0,0,0.00,-8739.32,1.3485
169,0,0,0.00,-8788.53,1.3540
170,0,0,0.00,-8836.09,1.3585
171,0,0,0.00,-8888.56,1.3556
172,0,0,0.00,-8937.83,1.3908
173,0,0,0.00,-8995.95,1.3329
174,0,0,0.00,-9043.11,1.3484
175,0,0,0.00,-9099.42,1.3329
176,0,0,0.00,-9148.24,1.3544
177,0,0,0.00,-9202.35,1.3697
178,0,0,0.00,-9248.96,1.3681
179,0,0,0.00,-9294.57,1.3740
180,0,0,0.00,-9329.48,1.3779
181,0,0,0.00,-9379.21,1.3677
182,0,0,0.00,-9436.57,1.3423
183,0,0,0.00,-9488.89,1.3213
184,0,0,0.00,-9547.20,1.3411
1,1,1,1.00,-9.75,1.1923
2,0,1,0.50,-48.39,1.2077
3,1,1,0.67,-20.61,1.1593
4,0,1,0.50,-69.87,1.1739
5,0,1,0.40,-117.27,1.1955
6,0,1,0.33,-158.01,1.1997
7,0,1,0.29,-212.68,1.2331
8,0,1,0.25,-268.89,1.2592
9,0,1,0.22,-328.01,1.2843
10,1,1,0.30,-300.83,1.2675
11,0,1,0.27,-361.54,1.2654
1,1,1,1.00,-2.92,1.2261
2,0,1,0.50,-63.82,1.2442
3,0,1,0.33,-111.78,1.2651
4,1,1,0.50,-101.85,1.2460
5,1,1,0.60,-80.61,1.2151
6,0,1,0.50,-136.57,1.2367
7,0,1,0.43,-192.84,1.2320
8,0,1,0.38,-246.06,1.2714
9,0,1,0.33,-297.13,1.2820
10,1,1,0.40,-281.73,1.2421
11,1,1,0.45,-251.46,1.2578
12,1,1,0.50,-216.84,1.2062
13,0,1,0.46,-271.25,1.2242
14,0,1,0.43,-326.92,1.2458
15,0,1,0.40,-362.73,1.2600
16,1,1,0.44,-342.71,1.2402
17,0,1,0.41,-395.03,1.2791
18,0,1,0.39,-449.65,1.2856
19,1,1,0.42,-428.06,1.2710
20,1,1,0.45,-402.65,1.2229
21,0,1,0.43,-452.66,1.2726
22,1,1,0.45,-440.65,1.2430
23,0,1,0.43,-500.21,1.2684
24,0,1,0.42,-553.17,1.2998
25,0,1,0.40,-605.29,1.3026
26,0,1,0.38,-659.96,1.2930
27,0,1,0.37,-723.07,1.3022
28,1,1,0.39,-710.33,1.3270
29,1,1,0.41,-695.18,1.2929
30,0,1,0.40,-756.49,1.2994
31,1,1,0.42,-730.22,1.3023
32,1,1,0.44,-719.42,1.2891
33,0,1,0.42,-770.96,1.3216
34,0,1,0.41,-821.73,1.3348
35,1,1,0.43,-796.66,1.3260
36,0,1,0.42,-851.98,1.3126
37,0,1,0.41,-913.03,1.3309
38,0,1,0.39,-967.85,1.3507
39,0,1,0.38,-1027.71,1.3527
40,0,1,0.38,-1062.04,1.3614
41,0,1,0.37,-1112.70,1.3585
42,0,1,0.36,-1168.08,1.3699
43,0,1,0.35,-1226.78,1.3743
44,1,1,0.36,-1204.85,1.3521
45,0,1,0.36,-1256.91,1.3562
46,0,1,0.35,-1306.95,1.3687
47,1,1,0.36,-1272.63,1.3638
48,0,1,0.35,-1333.13,1.3725
49,1,1,0.37,-1317.54,1.3422
50,0,1,0.36,-1368.61,1.3423
51,0,1,0.35,-1416.01,1.4035
52,0,1,0.35,-1472.57,1.4106
53,1,1,0.36,-1453.43,1.4065
54,1,1,0.37,-1430.74,1.4120
55,1,1,0.38,-1410.66,1.4106
56,0,1,0.38,-1462.13,1.3855
57,1,1,0.39,-1443.79,1.3991
58,1,1,0.40,-1409.37,1.3570
59,0,1,0.39,-1461.18,1.3887
60,0,1,0.38,-1516.95,1.4141
61,0,1,0.38,-1573.61,1.4095
62,1,1,0.39,-1550.67,1.4323
63,0,1,0.38,-1596.03,1.4274
64,0,1,0.38,-1650.70,1.4244
65,0,1,0.37,-1705.07,1.4266
66,0,1,0.36,-1755.34,1.4333
67,0,1,0.36,-1813.46,1.4296
68,1,1,0.37,-1783.75,1.4314
69,0,1,0.36,-1841.08,1.4172
70,0,1,0.36,-1895.55,1.4574
71,0,1,0.35,-1959.61,1.4245
72,0,1,0.35,-2014.38,1.4323
73,1,1,0.36,-1990.89,1.4231
74,0,1,0.35,-2042.46,1.4268
75,0,1,0.35,-2102.12,1.4658
76,0,1,0.34,-2158.79,1.4210
77,0,1,0.34,-2204.45,1.4478
78,1,1,0.35,-2174.98,1.4404
79,0,1,0.34,-2230.95,1.4472
80,0,1,0.34,-2290.21,1.4687
81,1,1,0.35,-2267.62,1.4450
82,0,1,0.34,-2318.25,1.4435
83,0,1,0.34,-2378.67,1.4550
84,0,1,0.33,-2426.86,1.4360
85,0,1,0.33,-2474.19,1.4345
86,1,1,0.34,-2447.82,1.4483
87,0,1,0.33,-2499.38,1.4531
88,0,1,0.33,-2551.35,1.4484
89,0,1,0.33,-2603.33,1.4372
90,0,1,0.32,-2651.74,1.4263
91,0,1,0.32,-2696.85,1.4557
92,1,1,0.33,-2664.53,1.4492
93,1,1,0.33,-2632.46,1.4314
94,1,1,0.34,-2614.91,1.4554
95,1,1,0.35,-2597.12,1.4350
96,1,1,0.35,-2570.04,1.5051
97,0,1,0.35,-2624.52,1.4512
98,0,1,0.35,-2672.08,1.4624
99,0,1,0.34,-2722.19,1.4254
100,1,1,0.35,-2702.15,1.4588
101,1,1,0.36,-2686.67,1.4763
102,0,1,0.35,-2743.79,1.4886
103,0,1,0.35,-2791.25,1.4702
104,0,1,0.35,-2851.61,1.4870
105,0,1,0.34,-2901.42,1.4590
106,0,1,0.34,-2951.74,1.5030
107,0,1,0.34,-2991.07,1.4957
108,1,1,0.34,-2972.98,1.4752
109,0,1,0.34,-3028.29,1.4757
110,0,1,0.34,-3080.81,1.5009
111,0,1,0.33,-3141.27,1.4349
112,0,1,0.33,-3198.34,1.4590
113,0,1,0.33,-3263.40,1.4833
114,0,1,0.32,-3314.06,1.4922
115,0,1,0.32,-3371.22,1.4735
116,0,1,0.32,-3431.38,1.4737
117,0,1,0.32,-3487.09,1.4881
118,0,1,0.31,-3541.67,1.4905
119,0,1,0.31,-3577.07,1.4693
120,0,1,0.31,-3630.39,1.4595
121,0,1,0.31,-3677.36,1.5012
122,0,1,0.30,-3735.82,1.4815
123,0,1,0.30,-3793.13,1.4719
124,0,1,0.30,-3848.30,1.4870
125,0,1,0.30,-3903.97,1.5015
126,0,1,0.29,-3960.90,1.4860
127,0,1,0.29,-4014.93,1.4903
128,0,1,0.29,-4066.45,1.4805
129,0,1,0.29,-4122.16,1.4859
130,0,1,0.28,-4173.57,1.4832
131,1,1,0.29,-4146.34,1.5065
132,0,1,0.29,-4197.81,1.4956
133,0,1,0.29,-4257.77,1.5069
134,1,1,0.29,-4228.06,1.4936
135,0,1,0.29,-4284.73,1.4996
136,0,1,0.29,-4345.34,1.4625
137,0,1,0.28,-4392.25,1.5094
138,0,1,0.28,-4446.42,1.4848
139,0,1,0.28,-4494.98,1.4767
140,0,1,0.28,-4554.74,1.5124
141,1,1,0.28,-4547.76,1.4869
142,0,1,0.28,-4602.33,1.5053
143,0,1,0.28,-4645.49,1.5039
144,0,1,0.28,-4705.65,1.4978
145,1,1,0.28,-4683.68,1.5210
146,0,1,0.28,-4738.55,1.5118
147,1,1,0.29,-4708.88,1.4885
148,1,1,0.29,-4680.31,1.5112
149,0,1,0.29,-4726.07,1.5398
150,1,1,0.29,-4698.40,1.5581
151,0,1,0.29,-4739.51,1.5269
152,1,1,0.30,-4716.94,1.5923
153,0,1,0.29,-4772.45,1.5618
154,0,1,0.29,-4828.02,1.5542
155,1,1,0.30,-4802.35,1.5890
156,0,1,0.29,-4858.46,1.5348
157,0,1,0.29,-4919.67,1.5478
158,0,1,0.29,-4972.33,1.5300
159,0,1,0.29,-5033.19,1.5409
160,1,1,0.29,-5006.16,1.5666
161,0,1,0.29,-5068.62,1.5425
162,1,1,0.30,-5047.03,1.5575
163,0,1,0.29,-5106.24,1.5376
164,0,1,0.29,-5165.25,1.5288
165,0,1,0.29,-5220.62,1.5619
166,1,1,0.30,-5184.31,1.5656
167,1,1,0.30,-5154.80,1.6501
168,0,1,0.30,-5213.41,1.5867
169,0,1,0.30,-5265.23,1.5976
170,0,1,0.29,-5314.59,1.6087
171,0,1,0.29,-5350.00,1.6026
172,0,1,0.29,-5404.97,1.5932
173,0,1,0.29,-5466.27,1.5409
174,0,1,0.29,-5522.29,1.5607
175,0,1,0.29,-5573.45,1.5371
176,1,1,0.29,-5547.88,1.5707
177,0,1,0.29,-5590.55,1.5482
178,0,1,0.29,-5644.32,1.5722
179,0,1,0.28,-5694.08,1.5903
180,0,1,0.28,-5742.05,1.5531
181,0,1,0.28,-5796.02,1.5903
182,0,1,0.28,-5859.68,1.5239
183,0,1,0.28,-5900.40,1.5413
184,0,1,0.28,-5948.61,1.5483
185,0,1,0.28,-5995.21,1.5788
186,1,1,0.28,-5971.55,1.5752
187,1,1,0.28,-5944.67,1.6319
188,1,1,0.29,-5927.72,1.6324
189,1,1,0.29,-5905.85,1.7159
190,0,1,0.29,-5964.06,1.6423
191,0,1,0.29,-6022.88,1.6128
192,0,1,0.29,-6077.04,1.5766
193,0,1,0.28,-6135.45,1.5742
194,0,1,0.28,-6189.32,1.5834
195,1,1,0.29,-6173.23,1.5789
196,1,1,0.29,-6146.97,1.5596
197,0,1,0.29,-6194.18,1.6341
198,1,1,0.29,-6162.46,1.6186
199,1,1,0.30,-6147.79,1.6349
200,1,1,0.30,-6130.64,1.7251
201,0,1,0.30,-6180.26,1.6597
202,0,1,0.30,-6238.12,1.6300
203,0,1,0.30,-6287.32,1.5746
204,1,1,0.30,-6259.10,1.6238
205,0,1,0.30,-6318.71,1.6221
206,0,1,0.30,-6376.62,1.5790
207,0,1,0.29,-6423.82,1.5866
208,0,1,0.29,-6482.19,1.5747
209,0,1,0.29,-6532.52,1.5566
210,0,1,0.29,-6587.39,1.5712
211,0,1,0.29,-6647.31,1.5388
212,1,1,0.29,-6638.04,1.5666
213,0,1,0.29,-6695.45,1.5287
214,0,1,0.29,-6755.16,1.5810
215,1,1,0.29,-6735.37,1.5742
216,0,1,0.29,-6791.94,1.5762
217,0,1,0.29,-6845.97,1.5682
218,1,1,0.29,-6822.78,1.6059
219,1,1,0.30,-6807.51,1.5856
220,0,1,0.30,-6866.51,1.6279
221,1,1,0.30,-6841.44,1.6057
222,0,1,0.30,-6899.01,1.5770
223,1,1,0.30,-6877.02,1.6471
224,1,1,0.30,-6844.45,1.6663
225,1,1,0.31,-6820.42,1.7427
226,0,1,0.31,-6870.03,1.6520
227,0,1,0.30,-6912.96,1.6534
228,0,1,0.30,-6970.67,1.6487
229,1,1,0.31,-6947.54,1.6226
230,0,1,0.30,-7007.80,1.6449
231,0,1,0.30,-7064.01,1.6541
232,1,1,0.31,-7067.90,1.5995
233,0,1,0.30,-7119.06,1.5508
234,1,1,0.31,-7098.42,1.5913
235,0,1,0.31,-7146.19,1.6198
236,0,1,0.31,-7204.25,1.6287
237,0,1,0.30,-7261.41,1.6025
238,1,1,0.31,-7245.07,1.5883
239,1,1,0.31,-7219.06,1.5751
240,1,1,0.31,-7192.79,1.6696
241,1,1,0.32,-7173.75,1.6567
242,0,1,0.31,-7226.56,1.6302
243,1,1,0.32,-7208.67,1.6310
244,1,1,0.32,-7188.56,1.6321
245,1,1,0.32,-7152.14,1.7196
246,0,1,0.32,-7207.61,1.6869
247,1,1,0.32,-7178.28,1.6815
248,0,1,0.32,-7238.60,1.6749
249,0,1,0.32,-7295.47,1.6412
250,0,1,0.32,-7354.43,1.6285
251,0,1,0.32,-7411.89,1.6387
252,0,1,0.32,-7469.24,1.5601
253,0,1,0.32,-7520.95,1.5419
254,0,1,0.31,-7573.99,1.5727
255,0,1,0.31,-7635.70,1.5502
256,0,1,0.31,-7693.31,1.5412
257,1,1,0.32,-7675.62,1.5708
258,0,1,0.31,-7731.93,1.6031
259,0,1,0.31,-7787.84,1.5982
260,1,1,0.32,-7768.95,1.5631
261,0,1,0.31,-7817.36,1.6029
262,0,1,0.31,-7877.17,1.5935
263,0,1,0.31,-7926.69,1.5647
264,0,1,0.31,-7979.82,1.5821
265,0,1,0.31,-8033.25,1.5754
266,0,1,0.31,-8083.62,1.5654
267,1,1,0.31,-8057.71,1.5767
268,0,1,0.31,-8103.82,1.5260
269,0,1,0.31,-8146.34,1.5634
270,0,1,0.31,-8192.44,1.5445
271,0,1,0.31,-8245.97,1.5402
272,0,1,0.31,-8304.53,1.5365
273,0,1,0.30,-8357.46,1.5589
274,0,1,0.30,-8410.23,1.5602
275,1,1,0.31,-8377.41,1.5586
276,1,1,0.31,-8351.80,1.6406
277,0,1,0.31,-8392.97,1.5882
278,0,1,0.31,-8455.68,1.6024
279,0,1,0.30,-8517.09,1.5704
280,0,1,0.30,-8570.76,1.5547
281,0,1,0.30,-8620.59,1.5665
282,0,1,0.30,-8663.15,1.5279
283,0,1,0.30,-8720.11,1.5427
284,0,1,0.30,-8777.23,1.5581
285,0,1,0.30,-8820.29,1.5554
286,0,1,0.30,-8868.49,1.5554
287,0,1,0.30,-8930.55,1.5322
288,0,1,0.30,-8982.02,1.5478
289,0,1,0.29,-9042.33,1.5723
290,0,1,0.29,-9098.95,1.5723
291,0,1,0.29,-9159.46,1.5301
292,0,1,0.29,-9200.40,1.5516
293,0,1,0.29,-9255.87,1.5627
294,1,1,0.29,-9231.18,1.5388
295,0,1,0.29,-9283.69,1.5607
296,0,1,0.29,-9342.45,1.5935
297,0,1,0.29,-9392.32,1.5443
298,0,1,0.29,-9451.73,1.5641
299,0,1,0.29,-9506.00,1.5243
300,1,1,0.29,-9472.33,1.5422
301,0,1,0.29,-9531.34,1.5769
302,0,1,0.29,-9592.80,1.5951
303,1,1,0.29,-9572.82,1.6289
304,0,1,0.29,-9629.23,1.6138
305,0,1,0.29,-9686.79,1.5690
306,1,1,0.29,-9661.43,1.6371
307,0,1,0.29,-9714.56,1.6245
308,0,1,0.29,-9772.07,1.6392
309,0,1,0.29,-9828.79,1.6075
310,0,1,0.29,-9879.75,1.6119
311,1,1,0.29,-9847.68,1.6335
312,0,1,0.29,-9904.79,1.6249
313,0,1,0.29,-9955.20,1.5836
314,0,1,0.29,-10008.77,1.6045
315,0,1,0.29,-10062.74,1.6126
316,0,1,0.28,-10111.40,1.6140
317,1,1,0.29,-10098.57,1.6074
318,0,1,0.29,-10160.73,1.6137
319,0,1,0.29,-10218.59,1.5862
320,0,1,0.28,-10264.81,1.5969
321,1,1,0.29,-10237.14,1.6033
322,0,1,0.29,-10296.80,1.6246
323,0,1,0.28,-10350.47,1.6247
324,1,1,0.29,-10332.98,1.6604
325,1,1,0.29,-10317.01,1.6238
326,0,1,0.29,-10370.73,1.6231
327,0,1,0.29,-10420.74,1.5892
328,1,1,0.29,-10386.68,1.6446
329,0,1,0.29,-10444.55,1.6677
330,0,1,0.29,-10500.78,1.6110
331,1,1,0.29,-10469.80,1.6681
332,0,1,0.29,-10521.41,1.6238
333,0,1,0.29,-10584.17,1.6239
334,0,1,0.29,-10639.50,1.6440
335,0,1,0.29,-10694.57,1.6154
336,0,1,0.29,-10759.13,1.5746
337,1,1,0.29,-10727.92,1.6429
338,0,1,0.29,-10781.85,1.6292
339,1,1,0.29,-10763.25,1.6624
340,0,1,0.29,-10820.57,1.6363
341,0,1,0.29,-10868.48,1.6479
342,1,1,0.29,-10842.24,1.6622
343,0,1,0.29,-10895.91,1.6797
344,0,1,0.29,-10950.69,1.6691
345,0,1,0.29,-11004.72,1.6362
346,0,1,0.29,-11061.63,1.6244
347,0,1,0.29,-11107.70,1.6058
348,0,1,0.28,-11152.51,1.5923
349,1,1,0.29,-11125.07,1.6290
350,1,1,0.29,-11106.53,1.7228
351,0,1,0.29,-11153.89,1.6599
352,0,1,0.29,-11204.61,1.6234
353,0,1,0.29,-11255.52,1.6112
354,0,1,0.29,-11307.76,1.6106
355,1,1,0.29,-11278.65,1.6036
356,0,1,0.29,-11340.31,1.6114
357,0,1,0.29,-11393.37,1.6153
358,0,1,0.28,-11437.93,1.6046
359,0,1,0.28,-11494.65,1.6451
360,0,1,0.28,-11540.58,1.6205
361,0,1,0.28,-11596.09,1.6234
362,0,1,0.28,-11643.69,1.6003
363,0,1,0.28,-11686.85,1.5957
364,1,1,0.28,-11674.22,1.6432
365,1,1,0.28,-11656.98,1.6564
366,0,1,0.28,-11710.54,1.6528
367,0,1,0.28,-11763.71,1.6627
368,1,1,0.29,-11734.30,1.6797
369,0,1,0.28,-11784.86,1.6022
370,1,1,0.29,-11750.54,1.6557
371,1,1,0.29,-11718.48,1.8284
372,0,1,0.29,-11773.45,1.7197
373,0,1,0.29,-11824.16,1.6426
374,0,1,0.29,-11881.58,1.6032
375,0,1,0.29,-11934.79,1.6331
376,0,1,0.28,-11990.96,1.6016
377,0,1,0.28,-12047.12,1.6162
378,0,1,0.28,-12103.14,1.5848
379,0,1,0.28,-12159.75,1.6315
380,0,1,0.28,-12201.86,1.5733
381,1,1,0.28,-12175.40,1.7442
382,1,1,0.29,-12135.64,1.8009
383,1,1,0.29,-12115.69,1.7794
384,0,1,0.29,-12166.20,1.7105
385,0,1,0.29,-12222.83,1.6945
386,0,1,0.28,-12277.10,1.6589
387,0,1,0.28,-12332.67,1.6474
388,0,1,0.28,-12391.73,1.5786
389,0,1,0.28,-12439.74,1.6128
390,0,1,0.28,-12497.66,1.5933
391,1,1,0.28,-12473.82,1.6062
392,1,1,0.29,-12446.10,1.7247
393,0,1,0.28,-12503.26,1.6610
394,0,1,0.28,-12560.58,1.6625
395,1,1,0.29,-12547.78,1.5981
396,0,1,0.29,-12594.24,1.6256
397,0,1,0.28,-12648.61,1.6272
398,1,1,0.29,-12619.30,1.7030
399,0,1,0.29,-12668.76,1.6656
400,1,1,0.29,-12653.68,1.6461
401,1,1,0.29,-12631.19,1.6766
402,0,1,0.29,-12683.25,1.6312
403,0,1,0.29,-12742.21,1.5880
404,0,1,0.29,-12792.14,1.6280
405,1,1,0.29,-12766.50,1.6411
406,1,1,0.29,-12753.30,1.6331
407,0,1,0.29,-12805.72,1.6797
408,0,1,0.29,-12857.49,1.6338
409,1,1,0.29,-12828.16,1.6739
410,0,1,0.29,-12880.64,1.6721
411,0,1,0.29,-12939.55,1.6518
412,0,1,0.29,-12984.41,1.6360
413,0,1,0.29,-13036.44,1.6112
414,1,1,0.29,-13030.40,1.6576
415,0,1,0.29,-13083.73,1.6744
416,0,1,0.29,-13139.54,1.6228
417,1,1,0.29,-13113.23,1.6851
418,0,1,0.29,-13171.54,1.6611
419,1,1,0.29,-13154.99,1.6493
420,1,1,0.29,-13125.78,1.6983
421,0,1,0.29,-13174.79,1.7085
422,0,1,0.29,-13236.20,1.6570
423,0,1,0.29,-13292.91,1.6599
424,0,1,0.29,-13347.48,1.6445
425,0,1,0.29,-13393.61,1.6558
426,0,1,0.29,-13437.02,1.6493
427,0,1,0.29,-13495.38,1.6448
428,0,1,0.29,-13542.44,1.6274
429,0,1,0.29,-13590.86,1.6739
430,0,1,0.29,-13639.32,1.6062
431,0,1,0.29,-13687.53,1.6258
432,0,1,0.28,-13733.55,1.6385
433,0,1,0.28,-13793.91,1.6680
434,0,1,0.28,-13848.28,1.5789
435,1,1,0.29,-13820.61,1.6097
436,0,1,0.28,-13874.53,1.6423
437,0,1,0.28,-13921.73,1.6042
438,0,1,0.28,-13979.34,1.6257
439,0,1,0.28,-14034.05,1.6104
440,0,1,0.28,-14085.18,1.6295
441,0,1,0.28,-14139.15,1.5982
442,1,1,0.28,-14112.22,1.6532
443,0,1,0.28,-14169.45,1.6369
444,0,1,0.28,-14229.86,1.6123
445,0,1,0.28,-14283.08,1.6334
446,0,1,0.28,-14338.11,1.5934
447,1,1,0.28,-14322.07,1.6288
448,1,1,0.28,-14297.56,1.6829
449,0,1,0.28,-14357.38,1.5988
450,0,1,0.28,-14414.25,1.6091
451,0,1,0.28,-14473.45,1.6856
452,0,1,0.28,-14534.91,1.5875
453,0,1,0.28,-14589.59,1.5802
454,0,1,0.28,-14641.85,1.6436
455,1,1,0.28,-14608.69,1.6906
456,1,1,0.28,-14590.44,1.7548
457,0,1,0.28,-14640.91,1.7084
458,0,1,0.28,-14701.51,1.7288
459,0,1,0.28,-14745.69,1.7087
460,0,1,0.28,-14789.53,1.6317
461,1,1,0.28,-14754.62,1.6877
462,1,1,0.28,-14734.82,1.7983
463,0,1,0.28,-14781.83,1.7673
464,1,1,0.28,-14759.00,1.8389
465,1,1,0.29,-14736.01,1.7785
466,0,1,0.29,-14793.52,1.7168
467,0,1,0.28,-14851.83,1.7304
468,0,1,0.28,-14900.90,1.6999
469,0,1,0.28,-14961.36,1.6375
470,1,1,0.29,-14938.87,1.6392
471,0,1,0.28,-14995.88,1.6657
472,0,1,0.28,-15038.84,1.6250
473,0,1,0.28,-15103.25,1.6397
474,1,1,0.28,-15079.86,1.6421
475,1,1,0.29,-15054.39,1.6976
476,0,1,0.29,-15097.91,1.6576
477,1,1,0.29,-15072.25,1.7623
478,0,1,0.29,-15130.16,1.6975
479,1,1,0.29,-15103.37,1.7448
480,0,1,0.29,-15155.80,1.7240
481,1,1,0.29,-15141.26,1.7516
482,0,1,0.29,-15192.93,1.7080
483,0,1,0.29,-15249.00,1.6470
484,0,1,0.29,-15288.94,1.6996
485,0,1,0.29,-15336.00,1.7148
486,0,1,0.29,-15390.97,1.6793
487,1,1,0.29,-15376.18,1.6093
488,0,1,0.29,-15432.95,1.6297
489,0,1,0.29,-15483.96,1.6629
490,0,1,0.29,-15543.48,1.6052
491,0,1,0.29,-15602.04,1.5964
492,0,1,0.28,-15655.25,1.6337
493,0,1,0.28,-15712.97,1.6060
494,0,1,0.28,-15765.90,1.6644
495,1,1,0.28,-15743.66,1.6205
496,1,1,0.29,-15716.68,1.7454
497,0,1,0.29,-15764.74,1.6958
498,1,1,0.29,-15741.10,1.7255
499,1,1,0.29,-15712.03,1.7507
500,1,1,0.29,-15688.09,1.8271
501,1,1,0.29,-15664.45,1.7445
502,1,1,0.29,-15643.86,1.7326
503,0,1,0.29,-15702.08,1.7548
504,0,1,0.29,-15741.64,1.7379
505,0,1,0.29,-15800.16,1.6614
506,1,1,0.29,-15780.71,1.6666
507,1,1,0.29,-15739.37,1.8163
508,0,1,0.29,-15797.28,1.7605
509,0,1,0.29,-15857.29,1.7172
510,0,1,0.29,-15915.64,1.6409
511,1,1,0.29,-15902.38,1.6782
512,0,1,0.29,-15958.76,1.6385
513,0,1,0.29,-16011.47,1.6451
514,0,1,0.29,-16072.48,1.6253
515,0,1,0.29,-16122.41,1.5847
516,0,1,0.29,-16173.18,1.6683
517,0,1,0.29,-16226.25,1.6154
518,1,1,0.29,-16215.60,1.6035
519,0,1,0.29,-16271.62,1.6379
520,1,1,0.29,-16253.17,1.6984
521,1,1,0.29,-16229.24,1.7112
522,1,1,0.30,-16266.18,1.6341
523,0,1,0.29,-16319.64,1.6652
524,0,1,0.29,-16378.68,1.6712
525,0,1,0.29,-16412.95,1.6918
526,0,1,0.29,-16466.44,1.6298
527,1,1,0.29,-16461.96,1.6429
528,0,1,0.29,-16511.82,1.6301
529,0,1,0.29,-16562.92,1.6259
530,1,1,0.29,-16568.84,1.6157
531,1,1,0.30,-16549.15,1.6647
532,0,1,0.30,-16607.42,1.6449
533,0,1,0.29,-16657.18,1.6331
534,1,1,0.30,-16622.51,1.6655
535,1,1,0.30,-16603.82,1.6921
536,0,1,0.30,-16652.92,1.7201
537,0,1,0.30,-16701.33,1.6769
538,0,1,0.30,-16757.84,1.6691
539,1,1,0.30,-16739.30,1.6066
540,1,1,0.30,-16748.60,1.7030
541,0,1,0.30,-16810.56,1.6643
542,0,1,0.30,-16846.58,1.6592
543,1,1,0.30,-16829.09,1.7095
544,1,1,0.30,-16812.52,1.6980
545,1,1,0.30,-16789.38,1.6597
546,0,1,0.30,-16838.24,1.7031
547,0,1,0.30,-16894.82,1.6796
548,0,1,0.30,-16939.68,1.7343
549,0,1,0.30,-16977.67,1.6610
550,0,1,0.30,-17034.58,1.5930
551,0,1,0.30,-17097.24,1.6992
552,0,1,0.30,-17155.20,1.6518
553,1,1,0.30,-17124.74,1.7177
554,1,1,0.30,-17095.41,1.7011
1,0,0,0.00,-52.31,1.1624
2,0,0,0.00,-102.34,1.1926
3,0,0,0.00,-152.78,1.2048
4,0,0,0.00,-211.84,1.2389
5,0,0,0.00,-276.00,1.2555
6,0,0,0.00,-328.01,1.2627
7,0,0,0.00,-382.88,1.2841
8,0,0,0.00,-440.59,1.3036
9,0,0,0.00,-495.06,1.2992
10,0,0,0.00,-550.83,1.2991
11,0,0,0.00,-608.09,1.3063
12,0,0,0.00,-654.69,1.3039
13,0,0,0.00,-703.69,1.3118
14,0,0,0.00,-754.92,1.3423
15,0,0,0.00,-806.34,1.3172
16,0,0,0.00,-857.40,1.3103
17,0,0,0.00,-913.17,1.3183
18,1,1,0.06,-894.33,1.3301
19,1,1,0.11,-871.54,1.3107
20,0,1,0.10,-923.27,1.3190
21,0,1,0.10,-972.29,1.2853
22,0,1,0.09,-1023.22,1.3413
23,0,1,0.09,-1073.98,1.2906
24,0,1,0.08,-1135.94,1.3331
25,0,1,0.08,-1190.47,1.3400
26,0,1,0.08,-1237.97,1.3308
27,1,1,0.11,-1216.92,1.3345
28,0,1,0.11,-1268.79,1.3183
29,1,1,0.14,-1252.80,1.3427
30,0,1,0.13,-1305.83,1.3411
31,0,1,0.13,-1362.24,1.3634
32,0,1,0.12,-1422.16,1.3683
33,1,1,0.15,-1402.92,1.3482
34,1,1,0.18,-1381.67,1.3507
35,0,1,0.17,-1444.13,1.3600
36,0,1,0.17,-1500.35,1.3625
37,0,1,0.16,-1552.31,1.3578
38,0,1,0.16,-1612.57,1.3492
39,1,1,0.18,-1590.92,1.3433
40,0,1,0.17,-1646.64,1.3539
41,0,1,0.17,-1698.07,1.3562
42,1,1,0.19,-1678.63,1.3974
43,0,1,0.19,-1731.06,1.3741
44,0,1,0.18,-1792.62,1.3591
45,0,1,0.18,-1856.18,1.3913
46,0,1,0.17,-1913.59,1.3859
47,0,1,0.17,-1966.66,1.3564
48,0,1,0.17,-2029.27,1.3783
49,1,1,0.18,-2007.53,1.3997
50,0,1,0.18,-2047.46,1.3924
51,1,1,0.20,-2027.17,1.4354
52,0,1,0.19,-2083.54,1.4196
53,1,1,0.21,-2058.73,1.4334
54,0,1,0.20,-2111.86,1.3780
55,1,1,0.22,-2082.74,1.4405
56,1,1,0.23,-2051.51,1.4260
57,0,1,0.23,-2110.32,1.4639
58,0,1,0.22,-2159.49,1.4116
59,0,1,0.22,-2210.31,1.4126
60,1,1,0.23,-2183.44,1.4295
61,0,1,0.23,-2233.58,1.4228
62,1,1,0.24,-2209.25,1.4343
63,1,1,0.25,-2183.77,1.4710
64,0,1,0.25,-2230.63,1.3938
65,0,1,0.25,-2287.05,1.4116
66,1,1,0.26,-2253.08,1.4561
67,0,1,0.25,-2299.99,1.3969
68,0,1,0.25,-2354.02,1.4040
69,0,1,0.25,-2406.69,1.4736
70,1,1,0.26,-2386.90,1.4281
71,0,1,0.25,-2444.21,1.4074
72,0,1,0.25,-2500.68,1.4445
73,0,1,0.25,-2553.95,1.4498
74,1,1,0.26,-2530.66,1.4229
75,0,1,0.25,-2583.13,1.4226
76,1,1,0.26,-2572.18,1.4075
77,0,1,0.26,-2612.35,1.4319
78,0,1,0.26,-2658.06,1.4407
79,0,1,0.25,-2704.68,1.4191
80,1,1,0.26,-2686.28,1.4543
81,0,1,0.26,-2731.99,1.4362
82,1,1,0.27,-2704.03,1.4282
83,0,1,0.27,-2764.89,1.4789
84,0,1,0.26,-2812.00,1.4515
85,1,1,0.27,-2789.21,1.4285
86,0,1,0.27,-2842.58,1.4340
87,0,1,0.26,-2899.70,1.4478
88,0,1,0.26,-2953.57,1.4374
89,0,1,0.26,-3011.68,1.4720
90,0,1,0.26,-3071.79,1.4511
91,0,1,0.25,-3110.82,1.4295
92,0,1,0.25,-3157.13,1.4483
93,0,1,0.25,-3213.75,1.4598
94,1,1,0.26,-3206.00,1.4513
95,0,1,0.25,-3258.66,1.4350
96,0,1,0.25,-3319.97,1.4410
97,1,1,0.26,-3301.48,1.4091
98,0,1,0.26,-3361.69,1.4480
99,1,1,0.26,-3346.86,1.4365
100,0,1,0.26,-3393.08,1.4493
101,1,1,0.27,-3374.18,1.4661
102,0,1,0.26,-3433.79,1.4740
103,1,1,0.27,-3425.93,1.4549
104,1,1,0.28,-3392.81,1.4428
105,0,1,0.28,-3437.08,1.4949
106,0,1,0.27,-3493.65,1.5016
107,0,1,0.27,-3547.61,1.4681
108,1,1,0.28,-3526.81,1.4888
109,1,1,0.28,-3504.97,1.4847
110,0,1,0.28,-3560.98,1.4842
111,1,1,0.29,-3531.36,1.4858
112,0,1,0.29,-3587.88,1.5133
113,0,1,0.28,-3644.94,1.4916
114,0,1,0.28,-3697.97,1.4812
115,0,1,0.28,-3750.30,1.4681
116,0,1,0.28,-3791.76,1.4902
117,0,1,0.27,-3839.93,1.5139
118,1,1,0.28,-3817.90,1.5068
119,0,1,0.28,-3870.41,1.4594
120,1,1,0.28,-3856.78,1.4710
121,0,1,0.28,-3921.28,1.4825
122,0,1,0.28,-3975.60,1.4823
123,0,1,0.28,-4032.86,1.5016
124,0,1,0.27,-4087.87,1.4802
125,1,1,0.28,-4071.02,1.4877
126,0,1,0.28,-4128.89,1.5076
127,0,1,0.28,-4189.35,1.4856
128,0,1,0.27,-4242.46,1.4949
129,0,1,0.27,-4291.77,1.4897
130,0,1,0.27,-4344.99,1.4957
131,0,1,0.27,-4402.80,1.4786
132,0,1,0.27,-4458.46,1.4648
133,0,1,0.26,-4511.59,1.4770
134,0,1,0.26,-4565.52,1.4904
135,0,1,0.26,-4613.12,1.4426
136,1,1,0.26,-4594.28,1.4946
137,0,1,0.26,-4651.49,1.4913
138,1,1,0.27,-4631.45,1.4814
139,0,1,0.27,-4675.39,1.4911
140,1,1,0.27,-4646.22,1.4920
141,0,1,0.27,-4693.08,1.4979
142,0,1,0.27,-4752.39,1.5056
143,0,1,0.27,-4799.75,1.5027
144,0,1,0.26,-4862.41,1.5054
145,1,1,0.27,-4836.14,1.4876
146,0,1,0.27,-4885.50,1.4713
147,0,1,0.27,-4942.57,1.5176
148,0,1,0.26,-5004.28,1.5055
149,0,1,0.26,-5050.12,1.5403
150,0,1,0.26,-5107.33,1.4802
151,0,1,0.26,-5165.44,1.5118
152,0,1,0.26,-5220.21,1.5054
153,1,1,0.26,-5196.98,1.5247
154,0,1,0.26,-5255.99,1.4941
155,0,1,0.26,-5313.85,1.5163
156,1,1,0.26,-5294.81,1.5117
157,1,1,0.27,-5265.99,1.5670
158,0,1,0.27,-5326.50,1.5426
159,0,1,0.26,-5380.53,1.5434
160,0,1,0.26,-5431.64,1.5178
161,0,1,0.26,-5487.91,1.5220
162,1,1,0.27,-5462.30,1.5232
163,1,1,0.27,-5434.79,1.5819
164,0,1,0.27,-5487.05,1.5422
165,1,1,0.27,-5476.75,1.5523
166,0,1,0.27,-5534.41,1.5411
167,0,1,0.27,-5592.46,1.5512
168,0,1,0.27,-5645.40,1.5025
169,1,1,0.27,-5626.80,1.5404
170,1,1,0.28,-5593.63,1.5685
171,0,1,0.27,-5656.79,1.5483
172,0,1,0.27,-5698.99,1.5306
173,1,1,0.28,-5676.46,1.5349
174,0,1,0.28,-5727.72,1.5565
175,0,1,0.27,-5786.13,1.5243
176,0,1,0.27,-5834.00,1.5569
177,0,1,0.27,-5886.86,1.5299
178,0,1,0.27,-5943.93,1.5574
179,0,1,0.27,-6001.80,1.5323
180,1,1,0.27,-5970.83,1.5489
181,0,1,0.27,-6022.49,1.5411
182,0,1,0.27,-6078.02,1.5142
183,0,1,0.27,-6137.28,1.5060
184,0,1,0.27,-6189.15,1.5326
185,0,1,0.26,-6245.28,1.5008
186,1,1,0.27,-6229.04,1.5126
187,0,1,0.27,-6289.85,1.5027
188,0,1,0.27,-6352.36,1.5219
189,0,1,0.26,-6408.13,1.4992
190,0,1,0.26,-6448.59,1.5121
191,0,1,0.26,-6503.06,1.5333
192,1,1,0.27,-6488.33,1.5373
193,0,1,0.26,-6542.25,1.5195
194,1,1,0.27,-6512.64,1.5428
195,1,1,0.27,-6488.45,1.5645
196,0,1,0.27,-6546.71,1.5624
197,1,1,0.27,-6520.04,1.5379
198,0,1,0.27,-6571.11,1.5966
199,1,1,0.28,-6548.18,1.5410
200,0,1,0.28,-6596.61,1.5670
201,0,1,0.27,-6646.57,1.5617
202,0,1,0.27,-6702.79,1.5672
203,0,1,0.27,-6748.91,1.5223
204,0,1,0.27,-6804.48,1.5223
205,1,1,0.27,-6781.24,1.5586
206,0,1,0.27,-6836.81,1.5420
207,1,1,0.28,-6810.69,1.5539
208,0,1,0.27,-6857.96,1.5345
209,0,1,0.27,-6910.99,1.5207
210,0,1,0.27,-6976.15,1.5590
211,1,1,0.27,-6943.34,1.5221
212,1,1,0.28,-6915.92,1.5552
213,0,1,0.28,-6972.38,1.5391
214,0,1,0.28,-7032.54,1.5736
215,0,1,0.27,-7088.85,1.5661
216,0,1,0.27,-7151.01,1.5344
217,0,1,0.27,-7206.22,1.5489
218,0,1,0.27,-7261.49,1.5547
219,0,1,0.27,-7307.06,1.5537
220,0,1,0.27,-7358.33,1.5239
221,1,1,0.27,-7341.09,1.5731
222,1,1,0.27,-7313.38,1.5437
223,1,1,0.28,-7279.21,1.5918
224,1,1,0.28,-7253.52,1.6264
225,1,1,0.28,-7223.25,1.6217
226,0,1,0.28,-7271.96,1.5976
227,0,1,0.28,-7327.97,1.5790
228,0,1,0.28,-7382.49,1.5524
229,0,1,0.28,-7431.65,1.5568
230,0,1,0.28,-7474.81,1.5289
231,0,1,0.28,-7528.68,1.5472
232,1,1,0.28,-7501.56,1.5171
233,0,1,0.28,-7559.03,1.5637
234,1,1,0.28,-7532.66,1.5894
235,0,1,0.28,-7571.89,1.6025
236,0,1,0.28,-7621.60,1.5661
237,0,1,0.28,-7679.06,1.5600
238,0,1,0.28,-7728.27,1.5623
239,0,1,0.28,-7778.13,1.5153
240,1,1,0.28,-7754.50,1.5356
241,0,1,0.28,-7813.66,1.5825
242,0,1,0.28,-7871.87,1.5591
243,0,1,0.28,-7932.68,1.5381
244,1,1,0.28,-7905.04,1.5277
245,1,1,0.28,-7880.97,1.6073
246,0,1,0.28,-7928.33,1.5427
247,0,1,0.28,-7986.45,1.5414
248,1,1,0.28,-7951.09,1.5522
249,0,1,0.28,-8001.90,1.5713
250,0,1,0.28,-8061.01,1.5981
251,1,1,0.28,-8039.22,1.5710
252,0,1,0.28,-8077.96,1.5645
253,0,1,0.28,-8134.97,1.5426
254,1,1,0.28,-8101.71,1.6025
255,1,1,0.29,-8076.24,1.6680
256,0,1,0.29,-8116.60,1.6460
257,0,1,0.28,-8168.13,1.6265
258,1,1,0.29,-8152.42,1.6045
259,0,1,0.29,-8207.74,1.5248
260,0,1,0.28,-8265.75,1.5704
261,1,1,0.29,-8253.38,1.5720
262,1,1,0.29,-8219.06,1.6053
263,0,1,0.29,-8273.33,1.6008
264,0,1,0.29,-8333.49,1.5889
265,1,1,0.29,-8310.92,1.5913
266,1,1,0.29,-8286.73,1.6645
267,0,1,0.29,-8348.29,1.6147
268,1,1,0.29,-8326.30,1.6205
269,0,1,0.29,-8372.82,1.5772
270,0,1,0.29,-8431.44,1.6138
271,0,1,0.29,-8484.80,1.6021
272,1,1,0.29,-8452.18,1.5765
273,1,1,0.30,-8440.87,1.6691
274,1,1,0.30,-8414.33,1.6507
275,0,1,0.30,-8473.19,1.6262
276,0,1,0.30,-8524.96,1.6019
277,0,1,0.30,-8574.42,1.5908
278,1,1,0.30,-8544.60,1.6615
279,1,1,0.30,-8534.54,1.6562
280,0,1,0.30,-8587.07,1.6299
281,0,1,0.30,-8641.19,1.6388
282,1,1,0.30,-8613.72,1.6623
283,0,1,0.30,-8675.38,1.5687
284,1,1,0.30,-8658.29,1.6512
285,0,1,0.30,-8713.76,1.5905
286,0,1,0.30,-8771.88,1.6303
287,0,1,0.30,-8818.99,1.5706
288,0,1,0.30,-8868.40,1.6015
289,1,1,0.30,-8846.45,1.5575
290,0,1,0.30,-8898.47,1.5947
291,1,1,0.30,-8869.15,1.5765
292,1,1,0.30,-8839.96,1.6360
293,0,1,0.30,-8894.93,1.5949
294,0,1,0.30,-8938.55,1.5976
295,0,1,0.30,-8993.31,1.6488
296,0,1,0.30,-9042.38,1.5815
297,1,1,0.30,-9022.34,1.6017
298,0,1,0.30,-9075.47,1.5545
299,0,1,0.30,-9124.83,1.5785
300,0,1,0.30,-9176.14,1.5908
301,0,1,0.30,-9223.41,1.5841
302,1,1,0.30,-9216.16,1.6163
303,0,1,0.30,-9265.82,1.5972
304,1,1,0.30,-9261.38,1.5754
305,0,1,0.30,-9312.79,1.5758
306,0,1,0.30,-9357.06,1.5577
307,0,1,0.30,-9410.37,1.5658
308,0,1,0.30,-9470.23,1.5654
309,0,1,0.30,-9522.85,1.5633
310,0,1,0.30,-9573.96,1.5785
311,1,1,0.30,-9546.63,1.5752
312,0,1,0.30,-9600.00,1.6035
313,0,1,0.30,-9645.16,1.5808
314,0,1,0.30,-9703.33,1.6034
315,0,1,0.30,-9750.15,1.5698
316,0,1,0.29,-9807.16,1.5610
317,1,1,0.30,-9797.15,1.6200
318,0,1,0.30,-9844.87,1.5667
319,1,1,0.30,-9817.30,1.5930
320,1,1,0.30,-9793.37,1.6752
321,1,1,0.30,-9765.89,1.7550
322,1,1,0.30,-9741.96,1.7091
323,1,1,0.31,-9717.62,1.6670
324,1,1,0.31,-9684.80,1.6952
325,1,1,0.31,-9665.10,1.6905
326,0,1,0.31,-9726.42,1.6115
327,0,1,0.31,-9785.88,1.5916
328,0,1,0.31,-9832.64,1.5925
329,1,1,0.31,-9807.83,1.5783
330,0,1,0.31,-9865.84,1.5871
331,0,1,0.31,-9927.40,1.6000
332,0,1,0.31,-9975.31,1.5784
333,0,1,0.31,-10035.27,1.6351
334,1,1,0.31,-10010.40,1.5939
335,1,1,0.31,-9986.03,1.5810
336,1,1,0.31,-9964.09,1.6286
337,1,1,0.31,-9931.62,1.7148
338,0,1,0.31,-9982.43,1.6971
339,0,1,0.31,-10036.46,1.6566
340,0,1,0.31,-10088.98,1.6661
341,1,1,0.31,-10060.71,1.6309
342,0,1,0.31,-10110.67,1.6290
343,1,1,0.31,-10092.68,1.6967
344,1,1,0.32,-10069.04,1.7066
345,0,1,0.32,-10113.36,1.6566
346,1,1,0.32,-10095.32,1.6267
347,0,1,0.32,-10144.13,1.6205
348,0,1,0.32,-10196.34,1.6337
349,1,1,0.32,-10186.65,1.7062
350,0,1,0.32,-10248.86,1.5886
351,1,1,0.32,-10239.22,1.6242
352,0,1,0.32,-10300.23,1.6323
353,0,1,0.32,-10348.06,1.6232
354,0,1,0.32,-10387.69,1.6047
355,0,1,0.32,-10442.26,1.6000
356,1,1,0.32,-10409.39,1.6191
357,0,1,0.32,-10463.72,1.6037
358,0,1,0.32,-10518.59,1.6032
359,0,1,0.31,-10569.66,1.6119
360,0,1,0.31,-10625.63,1.6478
361,1,1,0.32,-10595.21,1.5939
362,0,1,0.31,-10649.28,1.6014
363,0,1,0.31,-10714.74,1.6031
364,0,1,0.31,-10767.77,1.6339
365,1,1,0.32,-10739.60,1.5782
366,1,1,0.32,-10718.20,1.5603
367,0,1,0.32,-10774.52,1.6046
368,1,1,0.32,-10757.83,1.5824
369,1,1,0.32,-10730.16,1.6382
370,0,1,0.32,-10786.17,1.6500
371,1,1,0.32,-10772.94,1.6280
372,0,1,0.32,-10821.87,1.6063
373,1,1,0.32,-10804.07,1.6514
374,1,1,0.32,-10778.96,1.6628
375,0,1,0.32,-10830.08,1.6326
376,1,1,0.32,-10818.07,1.6507
377,0,1,0.32,-10875.88,1.6471
378,0,1,0.32,-10934.59,1.6617
379,0,1,0.32,-10987.32,1.6391
380,0,1,0.32,-11037.89,1.6107
381,0,1,0.32,-11092.40,1.6519
382,0,1,0.32,-11146.91,1.5946
383,1,1,0.32,-11123.22,1.6078
384,0,1,0.32,-11184.28,1.6690
385,1,1,0.32,-11159.21,1.6487
386,1,1,0.32,-11134.98,1.6771
387,0,1,0.32,-11183.61,1.6115
388,1,1,0.32,-11174.41,1.5839
389,0,1,0.32,-11233.51,1.7103
390,1,1,0.33,-11195.96,1.6557
391,1,1,0.33,-11178.57,1.6784
392,0,1,0.33,-11222.89,1.6483
393,0,1,0.33,-11280.51,1.6619
394,0,1,0.32,-11340.52,1.6486
395,0,1,0.32,-11384.69,1.5933
396,0,1,0.32,-11439.06,1.5710
397,0,1,0.32,-11490.67,1.6087
398,0,1,0.32,-11548.73,1.6133
399,0,1,0.32,-11610.69,1.5534
400,0,1,0.32,-11667.32,1.5890
401,0,1,0.32,-11722.94,1.5768
402,1,1,0.32,-11693.17,1.6483
403,0,1,0.32,-11743.09,1.6179
404,0,1,0.32,-11795.26,1.6593
405,0,1,0.32,-11851.97,1.6204
406,0,1,0.32,-11906.54,1.6195
407,1,1,0.32,-11874.83,1.6235
408,0,1,0.32,-11926.47,1.6191
409,1,1,0.32,-11910.07,1.6046
410,1,1,0.32,-11884.90,1.6905
411,1,1,0.32,-11859.72,1.6826
412,0,1,0.32,-11915.04,1.6406
413,0,1,0.32,-11969.21,1.6877
414,0,1,0.32,-12028.03,1.6300
415,0,1,0.32,-12078.56,1.6299
416,0,1,0.32,-12128.47,1.6175
417,1,1,0.32,-12112.98,1.6132
418,0,1,0.32,-12166.35,1.6624
419,0,1,0.32,-12226.06,1.6122
420,0,1,0.32,-12284.68,1.6173
421,0,1,0.32,-12334.34,1.5687
422,0,1,0.32,-12373.47,1.5875
423,0,1,0.32,-12428.15,1.5859
424,0,1,0.32,-12485.32,1.5931
425,0,1,0.32,-12543.28,1.5872
426,0,1,0.31,-12600.05,1.6073
427,0,1,0.31,-12649.51,1.5898
428,0,1,0.31,-12701.63,1.5726
429,0,1,0.31,-12748.44,1.6087
430,0,1,0.31,-12808.25,1.6114
431,1,1,0.31,-12787.41,1.6296
432,0,1,0.31,-12840.57,1.6155
433,0,1,0.31,-12899.78,1.6174
434,0,1,0.31,-12939.91,1.6177
435,0,1,0.31,-12990.73,1.6082
436,0,1,0.31,-13037.33,1.6086
437,0,1,0.31,-13094.26,1.6000
438,0,1,0.31,-13142.67,1.5795
439,0,1,0.31,-13192.13,1.6111
440,0,1,0.31,-13247.70,1.5921
441,1,1,0.31,-13230.06,1.5987
442,1,1,0.31,-13202.37,1.6276
443,1,1,0.31,-13173.90,1.6756
444,0,1,0.31,-13226.43,1.6594
445,0,1,0.31,-13277.24,1.5857
446,0,1,0.31,-13325.88,1.6150
447,0,1,0.31,-13383.69,1.5902
448,0,1,0.31,-13436.82,1.6184
449,0,1,0.31,-13497.33,1.6093
450,1,1,0.31,-13477.28,1.6205
451,0,1,0.31,-13524.16,1.6421
452,0,1,0.31,-13577.13,1.6109
453,1,1,0.31,-13557.99,1.6053
454,1,1,0.31,-13532.91,1.6237
455,1,1,0.31,-13516.32,1.6447
456,0,1,0.31,-13573.39,1.6372
457,0,1,0.31,-13615.95,1.6236
458,0,1,0.31,-13676.31,1.6014
459,0,1,0.31,-13728.34,1.6026
460,0,1,0.31,-13789.85,1.5788
461,0,1,0.31,-13846.56,1.6311
462,0,1,0.31,-13903.72,1.6270
463,0,1,0.31,-13962.03,1.6044
464,1,1,0.31,-13948.09,1.6053
465,0,1,0.31,-14004.70,1.6294
466,0,1,0.31,-14048.72,1.6486
467,0,1,0.31,-14105.03,1.6254
468,0,1,0.31,-14161.10,1.6079
469,1,1,0.31,-14136.14,1.6124
470,0,1,0.31,-14193.30,1.6246
471,1,1,0.31,-14167.36,1.6420
472,0,1,0.31,-14212.23,1.6537
473,0,1,0.31,-14269.99,1.6249
474,1,1,0.31,-14239.72,1.6003
475,0,1,0.31,-14299.98,1.6235
476,0,1,0.31,-14358.20,1.6450
477,0,1,0.31,-14414.87,1.6207
478,0,1,0.31,-14470.94,1.6065
479,0,1,0.30,-14523.47,1.5811
480,0,1,0.30,-14581.44,1.6026
481,0,1,0.30,-14629.20,1.6230
482,0,1,0.30,-14690.06,1.5917
483,0,1,0.30,-14749.32,1.5991
484,0,1,0.30,-14800.25,1.6273
485,0,1,0.30,-14854.58,1.6214
486,1,1,0.30,-14827.85,1.6307
487,0,1,0.30,-14888.86,1.6327
488,1,1,0.30,-14868.02,1.6386
489,0,1,0.30,-14918.74,1.6132
490,1,1,0.30,-14891.02,1.6679
491,0,1,0.30,-14938.95,1.6424
492,0,1,0.30,-14975.42,1.6361
493,1,1,0.30,-14942.85,1.6193
494,1,1,0.31,-14918.32,1.6637
495,1,1,0.31,-14890.81,1.7141
496,1,1,0.31,-14875.30,1.7409
497,0,1,0.31,-14916.77,1.7264
498,0,1,0.31,-14965.98,1.6702
499,1,1,0.31,-14945.58,1.6537
500,0,1,0.31,-14994.22,1.6238
501,0,1,0.31,-15043.13,1.6627
502,0,1,0.31,-15088.55,1.6871
503,0,1,0.31,-15139.41,1.6403
504,1,1,0.31,-15110.69,1.6779
505,0,1,0.31,-15170.20,1.6899
506,0,1,0.31,-15211.17,1.6240
507,0,1,0.31,-15253.95,1.6137
508,0,1,0.31,-15298.81,1.6330
509,0,1,0.30,-15358.22,1.6274
510,0,1,0.30,-15409.66,1.6481
511,0,1,0.30,-15465.77,1.6305
512,0,1,0.30,-15505.98,1.5756
513,0,1,0.30,-15547.34,1.6594
514,0,1,0.30,-15607.66,1.6245
515,0,1,0.30,-15650.12,1.6169
516,1,1,0.30,-15639.18,1.6026
517,0,1,0.30,-15678.41,1.6129
518,0,1,0.30,-15733.88,1.5982
519,0,1,0.30,-15784.39,1.5748
520,0,1,0.30,-15840.06,1.6221
521,1,1,0.30,-15824.52,1.6233
522,0,1,0.30,-15879.49,1.6213
523,0,1,0.30,-15916.80,1.6111
524,0,1,0.30,-15966.09,1.6074
525,0,1,0.30,-16003.63,1.6211
526,0,1,0.30,-16048.29,1.5757
527,1,1,0.30,-16032.45,1.6370
528,0,1,0.30,-16087.83,1.6419
529,0,1,0.30,-16146.54,1.6419
530,1,1,0.30,-16151.37,1.6116
531,0,1,0.30,-16210.23,1.6117
532,0,1,0.30,-16259.16,1.6201
533,0,1,0.30,-16318.53,1.5893
534,1,1,0.30,-16286.47,1.6197
535,0,1,0.30,-16338.80,1.6346
536,0,1,0.30,-16396.47,1.6400
537,1,1,0.30,-16390.38,1.6232
538,0,1,0.30,-16430.37,1.6317
539,0,1,0.30,-16467.40,1.6588
540,1,1,0.30,-16439.24,1.6160
541,0,1,0.30,-16498.55,1.6492
542,1,1,0.30,-16479.76,1.7420
543,0,1,0.30,-16523.12,1.6636
544,1,1,0.30,-16518.93,1.6376
545,0,1,0.30,-16575.94,1.6464
546,1,1,0.30,-16568.55,1.6706
547,0,1,0.30,-16619.69,1.6670
548,0,1,0.30,-16667.99,1.6061
549,1,1,0.30,-16673.44,1.6388
550,0,1,0.30,-16727.15,1.6101
551,0,1,0.30,-16784.27,1.6700
552,0,1,0.30,-16837.00,1.6528
553,0,1,0.30,-16896.21,1.6300
554,0,1,0.30,-16944.65,1.6185
555,0,1,0.30,-16993.82,1.6163
556,1,1,0.30,-16962.34,1.6659
557,1,1,0.30,-16939.96,1.6535
558,1,1,0.30,-16919.02,1.6629
559,0,1,0.30,-16943.68,1.6786
560,0,1,0.30,-16975.99,1.6337
561,1,1,0.30,-16960.21,1.6702
562,1,1,0.30,-16953.80,1.6532
563,0,1,0.30,-17008.93,1.6557
564,0,1,0.30,-17046.10,1.6353
565,0,1,0.30,-17095.06,1.6036
566,0,1,0.30,-17147.01,1.6823
567,1,1,0.30,-17128.43,1.6525
568,0,1,0.30,-17186.29,1.6135
569,0,1,0.30,-17237.80,1.6250
570,0,1,0.30,-17261.32,1.6663
571,0,1,0.30,-17303.27,1.6476
572,0,1,0.30,-17345.55,1.6282
573,0,1,0.30,-17372.75,1.6862
574,0,1,0.30,-17426.99,1.6114
575,0,1,0.30,-17473.32,1.6777
576,1,1,0.30,-17447.59,1.7188
577,0,1,0.30,-17504.34,1.6388
578,1,1,0.30,-17483.85,1.6784
579,0,1,0.30,-17536.87,1.6378
580,1,1,0.30,-17517.62,1.6301
581,0,1,0.30,-17561.10,1.6485
582,1,1,0.30,-17554.69,1.6637
583,1,1,0.30,-17538.44,1.7358
584,0,1,0.30,-17578.57,1.6175
585,0,1,0.30,-17615.76,1.6279
586,0,1,0.30,-17675.12,1.6305
587,1,1,0.30,-17665.32,1.6568
588,1,1,0.30,-17625.51,1.6681
589,0,1,0.30,-17660.73,1.6303
590,0,1,0.30,-17705.19,1.6246
591,0,1,0.30,-17739.60,1.6932
592,0,1,0.30,-17791.72,1.6082
593,0,1,0.30,-17808.55,1.6514
594,1,1,0.30,-17790.81,1.6447
595,1,1,0.30,-17773.12,1.6637
596,0,1,0.30,-17826.17,1.6574
597,0,1,0.30,-17861.25,1.6089
598,1,1,0.30,-17866.97,1.6185
599,0,1,0.30,-17927.36,1.5804
600,0,1,0.30,-17983.39,1.6326
601,1,1,0.30,-17978.92,1.5797
602,0,1,0.30,-18013.95,1.5953
603,0,1,0.30,-18070.26,1.6158
604,0,1,0.30,-18068.79,1.5958
605,0,1,0.30,-18129.85,1.5503
606,0,1,0.30,-18167.22,1.5794
607,0,1,0.30,-18227.63,1.5365
608,0,1,0.30,-18264.67,1.5864
609,0,1,0.30,-18270.06,1.6346
610,1,1,0.30,-18255.43,1.5549
611,1,1,0.30,-18281.88,1.5697
612,1,1,0.30,-18279.29,1.6451
613,0,1,0.30,-18321.81,1.6181
614,1,1,0.30,-18307.42,1.5732
615,1,1,0.31,-18294.16,1.6637
616,0,1,0.31,-18343.58,1.5667
617,0,1,0.30,-18397.30,1.6010
618,1,1,0.31,-18359.65,1.6671
619,0,1,0.31,-18408.93,1.6425
620,1,1,0.31,-18433.27,1.5725
621,0,1,0.31,-18484.24,1.6224
622,0,1,0.31,-18540.55,1.6121
623,0,1,0.30,-18582.42,1.5769
624,1,1,0.31,-18530.12,1.5745
625,0,1,0.31,-18530.65,1.5741
626,0,1,0.31,-18548.12,1.5601
627,1,1,0.31,-18533.65,1.6217
628,0,1,0.31,-18592.17,1.6092
629,0,1,0.31,-18647.49,1.5962
630,1,1,0.31,-18619.57,1.6391
631,1,1,0.31,-18589.45,1.6013
632,0,1,0.31,-18645.62,1.6150
633,0,1,0.31,-18609.61,1.6162
634,0,1,0.31,-18665.29,1.5902
635,0,1,0.31,-18669.80,1.5322
636,0,1,0.31,-18701.53,1.5627
637,0,1,0.30,-18738.98,1.5087
638,0,1,0.30,-18780.32,1.5327
639,0,1,0.30,-18834.99,1.5740
640,0,1,0.30,-18888.22,1.5510
641,0,1,0.30,-18929.55,1.5212
642,0,1,0.30,-18940.04,1.6220
643,1,1,0.30,-18909.97,1.5804
644,1,1,0.30,-18898.18,1.5884
645,0,1,0.30,-18952.34,1.5488
646,0,1,0.30,-18998.66,1.6363
647,0,1,0.30,-18990.04,1.6068
648,1,1,0.30,-18976.51,1.5500
649,1,1,0.31,-18950.36,1.5651
650,0,1,0.30,-18995.81,1.5596
651,1,1,0.31,-18980.22,1.5123
652,0,1,0.31,-19022.21,1.5332
653,1,1,0.31,-18981.34,1.5727
654,0,1,0.31,-19014.11,1.5164
655,0,1,0.31,-19029.95,1.5443
656,0,1,0.30,-19084.91,1.5142
657,1,1,0.31,-19070.65,1.4978
658,0,1,0.31,-19114.33,1.4936
659,1,1,0.31,-19088.05,1.5629
660,1,1,0.31,-19041.97,1.4772
661,0,1,0.31,-19094.30,1.5253
662,0,1,0.31,-19147.65,1.5228
663,1,1,0.31,-19141.44,1.5314
664,0,1,0.31,-19135.40,1.5017
665,0,1,0.31,-19185.77,1.5694
666,0,1,0.31,-19212.27,1.5621
667,1,1,0.31,-19171.96,1.5171
668,0,1,0.31,-19215.65,1.5404
669,0,1,0.31,-19252.70,1.5062
670,1,1,0.31,-19256.25,1.5552
671,0,1,0.31,-19275.70,1.4980
672,1,1,0.31,-19256.10,1.5101
673,0,1,0.31,-19294.86,1.5156
674,0,1,0.31,-19348.89,1.5051
675,1,1,0.31,-19369.13,1.5028
676,0,1,0.31,-19368.95,1.5220
677,0,1,0.31,-19419.63,1.5552
678,0,1,0.31,-19476.75,1.5013
679,0,1,0.31,-19514.33,1.4922
680,0,1,0.31,-19547.64,1.4811
681,0,1,0.31,-19559.83,1.5117
682,1,1,0.31,-19527.55,1.4757
683,0,1,0.31,-19564.30,1.5343
684,0,1,0.31,-19622.64,1.4994
685,0,1,0.31,-19671.11,1.5286
686,1,1,0.31,-19648.48,1.4804
687,1,1,0.31,-19625.39,1.4937
688,0,1,0.31,-19676.59,1.4848
689,1,1,0.31,-19670.23,1.4783
690,1,1,0.31,-19644.57,1.5626
691,0,1,0.31,-19680.67,1.5289
692,0,1,0.31,-19722.33,1.4630
693,1,1,0.31,-19712.86,1.5024
694,0,1,0.31,-19770.20,1.4998
695,1,1,0.31,-19769.30,1.4929
696,0,1,0.31,-19797.03,1.5734
697,1,1,0.31,-19762.21,1.4805
698,0,1,0.31,-19791.44,1.5648
699,0,1,0.31,-19802.85,1.4906
700,0,1,0.31,-19863.50,1.5097
701,0,1,0.31,-19911.61,1.4929
702,1,1,0.31,-19888.97,1.5613
703,0,1,0.31,-19940.19,1.4762
704,0,1,0.31,-19969.20,1.4562
705,1,1,0.31,-19940.19,1.5385
706,0,1,0.31,-19986.90,1.4700
707,1,1,0.31,-19964.15,1.4518
708,1,1,0.31,-19926.79,1.4630
709,0,1,0.31,-19982.06,1.4628
710,0,1,0.31,-20012.59,1.4727
711,0,1,0.31,-20059.56,1.4767
712,0,1,0.31,-20122.20,1.4986
713,0,1,0.31,-20163.17,1.4779
714,0,1,0.31,-20182.07,1.5225
715,0,1,0.31,-20234.51,1.5271
716,1,1,0.31,-20244.65,1.4751
717,0,1,0.31,-20293.92,1.5067
718,1,1,0.31,-20257.12,1.4585
719,1,1,0.31,-20256.21,1.4960
720,1,1,0.31,-20270.12,1.5255
721,0,1,0.31,-20290.92,1.4707
722,1,1,0.31,-20268.79,1.4585
723,0,1,0.31,-20321.26,1.4452
724,1,1,0.31,-20298.27,1.4902
725,1,1,0.31,-20273.23,1.4985
726,1,1,0.31,-20315.33,1.4870
727,1,1,0.31,-20315.38,1.5132
728,0,1,0.31,-20298.98,1.4596
729,1,1,0.32,-20290.69,1.5033
730,0,1,0.32,-20346.01,1.4436
731,1,1,0.32,-20319.58,1.4526
732,0,1,0.32,-20368.54,1.4866
733,0,1,0.32,-20410.09,1.4803
734,0,1,0.31,-20451.06,1.4816
735,0,1,0.31,-20492.64,1.4636
736,0,1,0.31,-20541.54,1.4800
737,0,1,0.31,-20582.44,1.4878
738,0,1,0.31,-20635.67,1.4655
739,0,1,0.31,-20658.61,1.4576
740,0,1,0.31,-20716.68,1.4712
741,0,1,0.31,-20767.14,1.4443
742,0,1,0.31,-20814.32,1.4559
743,1,1,0.31,-20804.15,1.4630
744,1,1,0.31,-20790.18,1.4524
745,0,1,0.31,-20838.39,1.5503
746,1,1,0.31,-20864.36,1.5321
747,1,1,0.31,-20844.57,1.4618
748,0,1,0.31,-20880.04,1.4142
749,1,1,0.32,-20866.11,1.4689
750,0,1,0.31,-20885.08,1.5036
751,1,1,0.32,-20865.44,1.4363
752,0,1,0.32,-20916.15,1.4746
753,0,1,0.31,-20965.89,1.4707
754,1,1,0.32,-20969.62,1.5434
755,0,1,0.32,-21012.30,1.4962
756,1,1,0.32,-20998.99,1.4545
757,0,1,0.32,-21040.41,1.5156
758,0,1,0.32,-21101.27,1.4388
759,1,1,0.32,-21098.52,1.4980
760,0,1,0.32,-21163.18,1.4902
761,0,1,0.32,-21215.21,1.5380
762,1,1,0.32,-21219.93,1.5864
763,1,1,0.32,-21194.69,1.4735
764,0,1,0.32,-21230.88,1.4477
765,1,1,0.32,-21226.40,1.5325
766,1,1,0.32,-21220.04,1.5359
767,0,1,0.32,-21232.20,1.5523
768,0,1,0.32,-21285.95,1.4689
769,0,1,0.32,-21341.68,1.5356
770,1,1,0.32,-21324.90,1.4816
771,0,1,0.32,-21369.03,1.3953
772,0,1,0.32,-21418.61,1.5290
773,1,1,0.32,-21405.47,1.4474
774,0,1,0.32,-21422.55,1.4410
775,1,1,0.32,-21406.16,1.4550
776,0,1,0.32,-21422.86,1.5003
777,0,1,0.32,-21471.43,1.4941
778,0,1,0.32,-21516.27,1.4852
779,1,1,0.32,-21495.07,1.4425
780,0,1,0.32,-21524.47,1.4691
781,1,1,0.32,-21518.07,1.4427
782,0,1,0.32,-21544.12,1.4801
783,0,1,0.32,-21554.35,1.4291
784,0,1,0.32,-21549.61,1.4910
785,0,1,0.32,-21511.98,1.4523
786,1,1,0.32,-21495.75,1.4346
787,0,1,0.32,-21543.14,1.4746
788,0,1,0.32,-21562.24,1.4037
789,1,1,0.32,-21558.47,1.5001
790,0,1,0.32,-21547.91,1.4907
791,0,1,0.32,-21573.31,1.4881
792,0,1,0.32,-21627.44,1.4389
793,0,1,0.32,-21681.57,1.4544
794,0,1,0.32,-21701.91,1.4090
795,0,1,0.32,-21751.05,1.4708
796,0,1,0.32,-21739.64,1.5051
797,0,1,0.31,-21795.37,1.4902
798,0,1,0.31,-21855.58,1.5138
799,1,1,0.32,-21837.19,1.5183
800,1,1,0.32,-21819.39,1.4395
801,0,1,0.32,-21877.71,1.4573
802,0,1,0.32,-21904.37,1.4861
803,0,1,0.32,-21915.55,1.3984
804,0,1,0.31,-21946.28,1.4444
805,0,1,0.31,-21940.91,1.4566
806,0,1,0.31,-21996.74,1.4778
807,0,1,0.31,-22054.93,1.4309
808,0,1,0.31,-22089.62,1.4633
809,1,1,0.31,-22073.54,1.4855
810,1,1,0.31,-22015.89,1.4646
811,1,1,0.32,-22022.82,1.4667
812,1,1,0.32,-21988.30,1.4601
813,1,1,0.32,-21948.20,1.4197
814,1,1,0.32,-21956.17,1.4191
815,1,1,0.32,-21961.70,1.4852
816,0,1,0.32,-22017.87,1.4071
817,0,1,0.32,-22030.30,1.4622
818,0,1,0.32,-22083.49,1.3923
819,1,1,0.32,-22080.91,1.4307
820,1,1,0.32,-22044.65,1.3619
821,0,1,0.32,-22087.56,1.4089
822,0,1,0.32,-22148.98,1.4074
823,0,1,0.32,-22207.28,1.4584
824,0,1,0.32,-22256.06,1.5013
825,1,1,0.32,-22224.58,1.4804
826,0,1,0.32,-22268.19,1.4668
827,0,1,0.32,-22323.35,1.4757
828,0,1,0.32,-22367.87,1.4590
829,0,1,0.32,-22403.52,1.4480
830,0,1,0.32,-22459.28,1.4010
831,0,1,0.32,-22473.86,1.4448
832,0,1,0.32,-22512.91,1.4637
833,1,1,0.32,-22520.38,1.4327
834,1,1,0.32,-22507.86,1.3950
835,1,1,0.32,-22495.76,1.4449
836,0,1,0.32,-22528.49,1.3602
837,1,1,0.32,-22491.65,1.3391
838,1,1,0.32,-22476.16,1.3695
839,0,1,0.32,-22512.40,1.4127
840,1,1,0.32,-22501.75,1.3964
841,0,1,0.32,-22540.62,1.3799
842,1,1,0.32,-22562.26,1.3946
843,1,1,0.32,-22544.55,1.4277
844,0,1,0.32,-22571.08,1.3712
845,0,1,0.32,-22566.37,1.3882
846,0,1,0.32,-22593.48,1.3448
847,0,1,0.32,-22653.41,1.4216
848,1,1,0.32,-22648.67,1.4534
849,0,1,0.32,-22683.30,1.4124
850,0,1,0.32,-22744.21,1.4213
851,1,1,0.32,-22732.70,1.3993
852,0,1,0.32,-22749.87,1.4023
853,0,1,0.32,-22779.19,1.4313
854,1,1,0.32,-22779.95,1.3804
855,0,1,0.32,-22820.20,1.4718
856,0,1,0.32,-22875.57,1.4286
857,0,1,0.32,-22919.25,1.3925
858,1,1,0.32,-22949.89,1.4756
859,1,1,0.32,-22947.30,1.4073
860,1,1,0.32,-22916.69,1.3677
861,0,1,0.32,-22967.13,1.4383
862,0,1,0.32,-23005.26,1.3706
863,0,1,0.32,-23034.39,1.4029
864,1,1,0.32,-23027.50,1.4199
865,0,1,0.32,-23069.03,1.4399
866,1,1,0.32,-23017.93,1.4101
867,1,1,0.32,-23015.34,1.3810
868,0,1,0.32,-23047.40,1.3550
869,1,1,0.32,-23047.21,1.3807
870,1,1,0.32,-23074.75,1.4109
871,1,1,0.32,-23065.51,1.3407
872,0,1,0.32,-23032.66,1.3706
873,0,1,0.32,-23026.09,1.4202
874,1,1,0.32,-23017.80,1.4476
875,1,1,0.33,-23012.63,1.4414
876,0,1,0.33,-23063.42,1.4088
877,1,1,0.33,-23041.82,1.3679
878,0,1,0.33,-23068.22,1.3754
879,0,1,0.33,-23085.27,1.3860
880,0,1,0.33,-23131.47,1.4131
881,0,1,0.32,-23184.62,1.4393
882,0,1,0.32,-23234.21,1.3783
883,1,1,0.33,-23223.00,1.4081
884,0,1,0.32,-23256.98,1.4062
885,0,1,0.32,-23317.14,1.4154
886,0,1,0.32,-23364.06,1.3762
887,1,1,0.32,-23398.01,1.4207
888,0,1,0.32,-23440.43,1.4142
889,0,1,0.32,-23491.84,1.4479
890,1,1,0.32,-23497.65,1.4312
891,0,1,0.32,-23535.96,1.3810
892,1,1,0.33,-23520.33,1.3353
893,0,1,0.32,-23571.24,1.3409
894,0,1,0.32,-23574.16,1.4334
895,1,1,0.33,-23591.74,1.3924
896,1,1,0.33,-23559.63,1.4139
897,0,1,0.33,-23599.53,1.3637
898,1,1,0.33,-23571.09,1.3591
899,0,1,0.33,-23573.33,1.4368
900,0,1,0.33,-23604.53,1.3524
901,0,1,0.33,-23634.60,1.3893
902,0,1,0.32,-23666.75,1.3993
903,1,1,0.33,-23659.56,1.3786
904,0,1,0.33,-23693.14,1.4198
905,1,1,0.33,-23687.75,1.3552
906,1,1,0.33,-23680.16,1.4170
907,0,1,0.33,-23687.43,1.4502
908,1,1,0.33,-23673.02,1.4056
909,1,1,0.33,-23674.31,1.3689
910,0,1,0.33,-23734.77,1.3912
911,1,1,0.33,-23755.55,1.3946
912,1,1,0.33,-23738.10,1.3669
913,0,1,0.33,-23780.94,1.3723
914,1,1,0.33,-23776.15,1.3554
915,0,1,0.33,-23813.04,1.3656
916,1,1,0.33,-23790.02,1.4150
917,1,1,0.33,-23742.15,1.3465
918,1,1,0.33,-23729.81,1.3280
919,1,1,0.33,-23694.69,1.4179
920,0,1,0.33,-23744.82,1.3774
921,1,1,0.33,-23750.34,1.3970
922,0,1,0.33,-23781.07,1.4114
923,1,1,0.33,-23757.99,1.3469
924,1,1,0.33,-23786.78,1.3717
925,0,1,0.33,-23827.40,1.3308
926,0,1,0.33,-23851.25,1.3705
927,1,1,0.33,-23820.63,1.4583
928,0,1,0.33,-23833.26,1.3480
929,0,1,0.33,-23883.12,1.3385
930,1,1,0.33,-23868.20,1.4487
931,0,1,0.33,-23920.45,1.4023
932,1,1,0.33,-23917.17,1.3144
933,0,1,0.33,-23973.83,1.3949
934,1,1,0.33,-23982.93,1.3521
935,0,1,0.33,-24028.50,1.3927
936,0,1,0.33,-24089.11,1.4000
937,0,1,0.33,-24148.77,1.4549
938,0,1,0.33,-24185.86,1.4632
939,0,1,0.33,-24227.94,1.4271
940,1,1,0.33,-24217.72,1.3804
941,0,1,0.33,-24208.74,1.3801
942,1,1,0.33,-24183.60,1.4108
943,0,1,0.33,-24222.63,1.4492
944,1,1,0.33,-24204.09,1.3371
945,0,1,0.33,-24237.38,1.3796
946,1,1,0.33,-24212.19,1.3879
947,0,1,0.33,-24255.35,1.3754
948,0,1,0.33,-24301.60,1.3037
949,1,1,0.33,-24277.91,1.3717
950,0,1,0.33,-24338.32,1.4443
951,0,1,0.33,-24390.85,1.3791
952,1,1,0.33,-24405.13,1.3198
953,1,1,0.33,-24413.52,1.3492
954,0,1,0.33,-24417.56,1.3442
955,0,1,0.33,-24461.99,1.3632
956,1,1,0.33,-24455.63,1.3989
957,0,1,0.33,-24488.93,1.3666
958,1,1,0.34,-24442.14,1.3646
959,0,1,0.33,-24455.63,1.3462
960,1,1,0.34,-24464.68,1.3532
961,0,1,0.34,-24479.48,1.3325
962,1,1,0.34,-24486.36,1.3770
963,0,1,0.34,-24546.52,1.3723
964,0,1,0.34,-24591.40,1.3613
965,0,1,0.33,-24565.35,1.3455
966,0,1,0.33,-24625.36,1.4144
967,0,1,0.33,-24605.64,1.2990
968,1,1,0.33,-24584.04,1.3186
969,0,1,0.33,-24618.00,1.3535
970,0,1,0.33,-24667.43,1.3931
971,1,1,0.33,-24652.97,1.3869
972,0,1,0.33,-24711.02,1.3869
973,1,1,0.34,-24695.09,1.3385
974,0,1,0.33,-24754.61,1.4020
975,0,1,0.33,-24813.77,1.3741
976,0,1,0.33,-24850.99,1.4002
977,1,1,0.33,-24808.16,1.3595
978,1,1,0.34,-24786.98,1.3451
979,0,1,0.34,-24826.20,1.2895
980,0,1,0.33,-24861.24,1.3768
981,1,1,0.34,-24839.29,1.2939
982,0,1,0.34,-24893.76,1.4108
983,0,1,0.33,-24949.80,1.3914
984,0,1,0.33,-25007.57,1.4321
985,1,1,0.34,-24988.43,1.4670
986,0,1,0.33,-25032.57,1.4375
987,1,1,0.34,-25017.14,1.4251
988,0,1,0.34,-25078.40,1.4109
989,0,1,0.33,-25129.91,1.4737
990,1,1,0.34,-25116.00,1.4398
991,1,1,0.34,-25108.89,1.3696
992,0,1,0.34,-25149.40,1.3956
993,1,1,0.34,-25154.04,1.3784
994,0,1,0.34,-25212.76,1.3761
995,0,1,0.34,-25259.96,1.4125
996,1,1,0.34,-25243.87,1.4292
997,0,1,0.34,-25287.02,1.4122
998,0,1,0.34,-25316.56,1.3500
999,1,1,0.34,-25304.97,1.4177
1000,1,1,0.34,-25296.90,1.3722
1001,0,1,0.34,-25357.16,1.3206
1002,0,1,0.34,-25406.63,1.4319
1003,0,1,0.34,-25462.97,1.4271
1004,1,1,0.34,-25455.10,1.4139
1005,1,1,0.34,-25438.32,1.3571
1006,0,1,0.34,-25451.04,1.3823
1007,0,1,0.34,-25509.86,1.3892
1008,1,1,0.34,-25495.40,1.3635
1009,1,1,0.34,-25474.66,1.3919
1010,1,1,0.34,-25473.35,1.4231
1011,0,1,0.34,-25501.76,1.3376
1012,0,1,0.34,-25538.37,1.3185
1013,0,1,0.34,-25511.60,1.3065
1014,0,1,0.34,-25570.01,1.3651
1015,0,1,0.34,-25620.61,1.3725
1016,0,1,0.34,-25679.37,1.4543
1017,0,1,0.34,-25730.82,1.4175
1018,0,1,0.34,-25768.03,1.4077
1019,1,1,0.34,-25752.21,1.3636
1020,1,1,0.34,-25788.17,1.3683
1021,1,1,0.34,-25761.82,1.2610
1022,0,1,0.34,-25808.99,1.3701
1023,1,1,0.34,-25778.92,1.3593
1024,1,1,0.34,-25765.00,1.3376
1025,0,1,0.34,-25808.47,1.3937
1026,1,1,0.34,-25805.88,1.2944
1027,1,1,0.34,-25801.41,1.3766
1028,0,1,0.34,-25811.15,1.3533
1029,1,1,0.34,-25785.52,1.3720
1030,0,1,0.34,-25832.69,1.3938
1031,0,1,0.34,-25878.88,1.3598
1032,0,1,0.34,-25941.69,1.3834
1033,0,1,0.34,-26003.45,1.4914
1034,1,1,0.34,-25951.73,1.2760
1035,1,1,0.34,-25981.50,1.3751
1036,1,1,0.34,-25969.94,1.3869
1037,0,1,0.34,-26006.45,1.3876
1038,0,1,0.34,-26033.39,1.3245
1039,0,1,0.34,-26082.88,1.3009
1040,0,1,0.34,-26101.18,1.3410
1041,0,1,0.34,-26146.19,1.3768
1042,0,1,0.34,-26207.90,1.3192
1043,1,1,0.34,-26206.07,1.4004
1044,1,1,0.34,-26172.91,1.2892
1045,0,1,0.34,-26199.64,1.3479
1046,1,1,0.34,-26178.19,1.3980
1047,1,1,0.34,-26192.99,1.3318
1048,0,1,0.34,-26244.64,1.3369
1049,1,1,0.34,-26245.42,1.3749
1050,0,1,0.34,-26287.38,1.3643
1051,0,1,0.34,-26323.04,1.3830
1052,1,1,0.34,-26301.30,1.4150
1053,0,1,0.34,-26344.16,1.2740
1054,1,1,0.34,-26331.29,1.4007
1055,0,1,0.34,-26385.32,1.3504
1056,0,1,0.34,-26415.83,1.2778
1057,0,1,0.34,-26476.33,1.4120
1058,1,1,0.34,-26462.00,1.4128
1059,0,1,0.34,-26509.22,1.3970
1060,1,1,0.34,-26504.75,1.4276
1061,1,1,0.34,-26490.31,1.3964
1062,0,1,0.34,-26506.53,1.3296
1063,0,1,0.34,-26566.35,1.3466
1064,0,1,0.34,-26584.12,1.3990
1065,1,1,0.34,-26600.76,1.3870
1066,0,1,0.34,-26653.39,1.3706
1067,1,1,0.34,-26626.07,1.3485
1068,1,1,0.34,-26616.60,1.3288
1069,0,1,0.34,-26659.09,1.3522
1070,0,1,0.34,-26691.23,1.3521
1071,1,1,0.34,-26670.79,1.3203
1072,1,1,0.34,-26664.00,1.3353
1073,1,1,0.34,-26649.17,1.3804
1074,0,1,0.34,-26685.16,1.3976
1075,1,1,0.34,-26660.97,1.2668
1076,0,1,0.34,-26678.21,1.3333
1077,1,1,0.34,-26657.07,1.3695
1078,0,1,0.34,-26702.99,1.3801
1079,0,1,0.34,-26731.76,1.3551
1080,0,1,0.34,-26776.00,1.3554
1081,0,1,0.34,-26827.43,1.3771
1082,1,1,0.34,-26813.90,1.3508
1083,1,1,0.34,-26800.80,1.3605
1084,1,1,0.35,-26793.21,1.3365
1085,0,1,0.34,-26816.85,1.3586
1086,0,1,0.34,-26855.39,1.3578
1087,0,1,0.34,-26887.52,1.4053
1088,1,1,0.34,-26884.93,1.3268
1089,1,1,0.35,-26866.54,1.3533
1090,1,1,0.35,-26856.64,1.3145
1091,1,1,0.35,-26821.12,1.3386
1092,1,1,0.35,-26827.04,1.3564
1093,1,1,0.35,-26869.10,1.3484
1094,0,1,0.35,-26905.10,1.3388
1095,1,1,0.35,-26901.19,1.3174
1096,0,1,0.35,-26926.68,1.3540
1097,1,1,0.35,-26913.93,1.3247
1098,1,1,0.35,-26895.57,1.2981
1099,0,1,0.35,-26931.99,1.3306
1100,1,1,0.35,-26917.84,1.3711
1101,1,1,0.35,-26913.36,1.3704
1102,0,1,0.35,-26965.26,1.3292
1103,0,1,0.35,-27008.40,1.3796
1104,0,1,0.35,-27047.60,1.3330
1105,0,1,0.35,-27095.44,1.3407
1106,1,1,0.35,-27053.84,1.3377
1107,1,1,0.35,-27014.93,1.3544
1108,1,1,0.35,-27033.90,1.3735
1109,0,1,0.35,-27070.83,1.3448
1110,1,1,0.35,-27036.48,1.2637
1111,0,1,0.35,-27097.16,1.3443
1112,1,1,0.35,-27092.30,1.3066
1113,0,1,0.35,-27134.01,1.3285
1114,1,1,0.35,-27129.54,1.2989
1115,1,1,0.35,-27114.22,1.3485
1116,0,1,0.35,-27164.78,1.3842
1117,1,1,0.35,-27077.47,1.3982
1118,0,1,0.35,-27090.69,1.2968
1119,0,1,0.35,-27127.53,1.3195
1120,0,1,0.35,-27187.74,1.3210
1121,0,1,0.35,-27246.42,1.3902
1122,0,1,0.35,-27281.94,1.2949
1123,0,1,0.35,-27301.01,1.2662
1124,1,1,0.35,-27304.11,1.2999
1125,0,1,0.35,-27291.26,1.3289
1126,0,1,0.35,-27343.88,1.3832
1127,1,1,0.35,-27341.59,1.3907
1128,1,1,0.35,-27335.23,1.3837
1129,1,1,0.35,-27308.52,1.3179
1130,0,1,0.35,-27304.24,1.3618
1131,1,1,0.35,-27344.34,1.3724
1132,1,1,0.35,-27339.17,1.3687
1133,1,1,0.35,-27355.00,1.4226
1134,1,1,0.35,-27334.10,1.4117
1135,0,1,0.35,-27298.88,1.3493
1136,0,1,0.35,-27353.41,1.3022
1137,0,1,0.35,-27367.56,1.3477
1138,1,1,0.35,-27348.60,1.3525
1139,0,1,0.35,-27377.29,1.2836
1140,1,1,0.35,-27361.50,1.3225
1141,1,1,0.35,-27352.43,1.3078
1142,0,1,0.35,-27386.55,1.3721
1143,1,1,0.35,-27387.65,1.3470
1144,0,1,0.35,-27418.42,1.3236
1145,0,1,0.35,-27417.15,1.3361
1146,0,1,0.35,-27474.67,1.3706
1147,0,1,0.35,-27493.48,1.3406
1148,0,1,0.35,-27501.62,1.3097
1149,0,1,0.35,-27547.87,1.2937
1150,1,1,0.35,-27541.58,1.3210
1151,1,1,0.35,-27526.03,1.3273
1152,1,1,0.35,-27513.28,1.3231
1153,1,1,0.35,-27507.57,1.3444
1154,1,1,0.36,-27504.28,1.2870
1155,1,1,0.36,-27513.11,1.3225
1156,1,1,0.36,-27486.17,1.3079
1157,0,1,0.36,-27498.63,1.3251
1158,1,1,0.36,-27511.20,1.3219
1159,0,1,0.36,-27528.97,1.2852
1160,0,1,0.36,-27577.55,1.3102
1161,0,1,0.36,-27578.21,1.3566
1162,0,1,0.36,-27611.39,1.3797
1163,0,1,0.36,-27641.41,1.3469
1164,0,1,0.35,-27674.23,1.3022
1165,0,1,0.35,-27723.36,1.3462
1166,0,1,0.35,-27736.70,1.3475
1167,0,1,0.35,-27784.66,1.3100
1168,0,1,0.35,-27783.95,1.2644
1169,1,1,0.35,-27755.06,1.3204
1170,0,1,0.35,-27775.97,1.3568
1171,0,1,0.35,-27796.72,1.3430
1172,0,1,0.35,-27839.10,1.3450
1173,0,1,0.35,-27862.45,1.2914
1174,0,1,0.35,-27893.18,1.2612
1175,1,1,0.35,-27883.02,1.3039
1176,1,1,0.35,-27880.43,1.3284
1177,0,1,0.35,-27932.10,1.3093
1178,0,1,0.35,-27971.67,1.3317
1179,1,1,0.35,-27956.35,1.2918
1180,0,1,0.35,-27999.99,1.3567
1181,1,1,0.35,-27968.12,1.2436
1182,1,1,0.35,-27941.09,1.2781
1183,0,1,0.35,-27994.48,1.3268
1184,0,1,0.35,-28040.94,1.3467
1185,1,1,0.35,-28025.30,1.3216
1186,0,1,0.35,-28078.41,1.3284
1187,1,1,0.35,-28083.93,1.3254
1188,0,1,0.35,-28135.38,1.3781
1189,0,1,0.35,-28162.37,1.4137
1190,0,1,0.35,-28210.44,1.3703
1191,0,1,0.35,-28253.78,1.3473
1192,1,1,0.35,-28199.25,1.3114
1193,0,1,0.35,-28206.24,1.2564
1194,0,1,0.35,-28245.33,1.3357
1195,1,1,0.35,-28241.56,1.3274
1196,1,1,0.35,-28220.66,1.2981
1197,1,1,0.36,-28205.32,1.2915
1198,0,1,0.35,-28263.63,1.3559
1199,1,1,0.36,-28282.71,1.3092
1200,0,1,0.35,-28319.56,1.2751
1201,1,1,0.36,-28344.92,1.3320
1202,1,1,0.36,-28315.89,1.3186
1203,0,1,0.36,-28357.35,1.2573
1204,1,1,0.36,-28352.88,1.3369
1205,0,1,0.36,-28390.06,1.3291
1206,1,1,0.36,-28375.53,1.3052
1207,1,1,0.36,-28403.90,1.3772
1208,0,1,0.36,-28443.68,1.3099
1209,0,1,0.36,-28494.18,1.3184
1210,0,1,0.36,-28554.59,1.3847
1211,0,1,0.36,-28604.27,1.4272
1212,0,1,0.36,-28654.60,1.5111
1213,0,1,0.36,-28712.82,1.5552
1214,0,1,0.36,-28756.15,1.4153
1215,1,1,0.36,-28733.66,1.2925
1216,0,1,0.36,-28782.19,1.3653
1217,0,1,0.35,-28836.49,1.4282
1218,1,1,0.36,-28856.02,1.3518
1219,1,1,0.36,-28880.38,1.3582
1220,0,1,0.36,-28907.16,1.3044
1221,0,1,0.36,-28930.91,1.3301
1222,0,1,0.36,-28952.86,1.3896
1223,0,1,0.35,-28934.49,1.3455
1224,0,1,0.35,-28938.97,1.3453
1225,0,1,0.35,-28958.89,1.3414
1226,0,1,0.35,-28997.16,1.3096
1227,0,1,0.35,-29018.80,1.2764
1228,1,1,0.35,-29014.33,1.2887
1229,0,1,0.35,-29061.03,1.3938
1230,0,1,0.35,-29095.35,1.3162
1231,0,1,0.35,-29134.90,1.3196
1232,1,1,0.35,-29114.46,1.3482
1233,1,1,0.35,-29131.49,1.3254
1234,0,1,0.35,-29165.73,1.2858
1235,0,1,0.35,-29205.46,1.3826
1236,0,1,0.35,-29263.05,1.4567
1237,1,1,0.35,-29224.80,1.3719
1238,0,1,0.35,-29279.37,1.3661
1239,0,1,0.35,-29272.17,1.3597
1240,0,1,0.35,-29324.94,1.3790
1241,0,1,0.35,-29368.73,1.3500
1242,0,1,0.35,-29400.44,1.3117
1243,0,1,0.35,-29455.41,1.3141
1244,0,1,0.35,-29464.71,1.2937
1245,0,1,0.35,-29501.69,1.3215
1246,1,1,0.35,-29488.38,1.3026
1247,1,1,0.35,-29445.29,1.2297
1248,1,1,0.35,-29434.49,1.2734
1249,0,1,0.35,-29424.86,1.3096
1250,1,1,0.35,-29438.13,1.3108
1251,0,1,0.35,-29480.62,1.2719
1252,0,1,0.35,-29514.90,1.2641
1253,1,1,0.35,-29492.92,1.2594
1254,0,1,0.35,-29530.84,1.3061
1255,0,1,0.35,-29568.06,1.2571
1256,0,1,0.35,-29627.16,1.3551
1257,0,1,0.35,-29659.54,1.2753
1258,0,1,0.35,-29695.18,1.3027
1259,0,1,0.35,-29755.62,1.3484
1260,0,1,0.35,-29800.79,1.3393
1261,0,1,0.35,-29820.01,1.2590
1262,0,1,0.35,-29861.28,1.2908
1263,1,1,0.35,-29868.03,1.2023
1264,1,1,0.35,-29854.46,1.2670
1265,1,1,0.35,-29840.91,1.3239
1266,0,1,0.35,-29898.08,1.3362
1267,0,1,0.35,-29957.26,1.3452
1268,1,1,0.35,-29939.38,1.3047
1269,0,1,0.35,-29949.27,1.2923
1270,0,1,0.35,-29984.55,1.2453
1271,1,1,0.35,-29953.68,1.2718
1272,1,1,0.35,-29947.33,1.2567
1273,0,1,0.35,-29919.37,1.1948
1274,0,1,0.35,-29935.69,1.2596
1275,0,1,0.35,-29959.47,1.2974
1276,0,1,0.35,-29962.60,1.2558
1277,1,1,0.35,-29916.16,1.3119
1278,1,1,0.35,-29907.87,1.2388
1279,1,1,0.35,-29893.64,1.2427
1280,1,1,0.35,-29887.94,1.2064
1281,1,1,0.35,-29877.99,1.2993
1282,1,1,0.35,-29895.66,1.2973
1283,0,1,0.35,-29930.21,1.2095
1284,1,1,0.36,-29905.66,1.2965
1285,0,1,0.35,-29958.34,1.3478
1286,0,1,0.35,-29991.75,1.2700
1287,0,1,0.35,-30005.73,1.3205
1288,1,1,0.35,-30047.14,1.2957
1289,0,1,0.35,-30084.66,1.3498
1290,1,1,0.36,-30074.42,1.2688
1291,0,1,0.35,-30093.35,1.2799
1292,1,1,0.36,-30068.48,1.2939
1293,0,1,0.35,-30097.00,1.2462
1294,0,1,0.35,-30095.16,1.2993
1295,0,1,0.35,-30082.00,1.2404
1296,1,1,0.35,-30041.83,1.2327
1297,0,1,0.35,-30086.65,1.3529
1298,0,1,0.35,-30142.06,1.2683
1299,1,1,0.35,-30127.67,1.3277
1300,0,1,0.35,-30176.26,1.3111
1301,0,1,0.35,-30183.69,1.2534
1302,0,1,0.35,-30223.70,1.2652
1303,0,1,0.35,-30279.26,1.3105
1304,0,1,0.35,-30318.45,1.3760
1305,0,1,0.35,-30365.40,1.2946
1306,0,1,0.35,-30421.44,1.2913
1307,0,1,0.35,-30459.25,1.2609
1308,1,1,0.35,-30446.26,1.3311
1309,1,1,0.35,-30442.49,1.3463
1310,1,1,0.35,-30448.01,1.3487
1311,0,1,0.35,-30486.10,1.2648
1312,1,1,0.35,-30468.26,1.3167
1313,0,1,0.35,-30491.09,1.2781
1314,1,1,0.35,-30475.95,1.2554
1315,1,1,0.36,-30439.58,1.2651
1316,0,1,0.35,-30498.60,1.3131
1317,1,1,0.36,-30521.85,1.2974
1318,0,1,0.36,-30579.51,1.3366
1319,1,1,0.36,-30597.19,1.3798
1320,0,1,0.36,-30639.93,1.3398
1321,0,1,0.36,-30666.61,1.2935
1322,1,1,0.36,-30672.21,1.3005
1323,0,1,0.36,-30713.53,1.2954
1324,0,1,0.35,-30763.01,1.3105
1325,0,1,0.35,-30806.10,1.3181
1326,1,1,0.36,-30849.76,1.3460
1327,0,1,0.35,-30901.98,1.4546
1328,0,1,0.35,-30958.05,1.4622
1329,0,1,0.35,-31010.67,1.5884
1330,0,1,0.35,-31052.48,1.3312
1331,1,1,0.35,-31058.00,1.3468
1332,0,1,0.35,-31117.26,1.4335
1333,0,1,0.35,-31147.94,1.4509
1334,0,1,0.35,-31186.00,1.4494
1335,0,1,0.35,-31233.66,1.4664
1336,0,1,0.35,-31294.43,1.5561
1337,1,1,0.35,-31270.09,1.4520
1338,1,1,0.35,-31246.20,1.3252
1339,0,1,0.35,-31295.99,1.3911
1340,0,1,0.35,-31354.24,1.4306
1341,0,1,0.35,-31405.84,1.3855
1342,1,1,0.35,-31402.55,1.3961
1343,0,1,0.35,-31446.44,1.2927
1344,0,1,0.35,-31494.00,1.3577
1345,0,1,0.35,-31525.86,1.3106
1346,1,1,0.35,-31522.09,1.3169
1347,0,1,0.35,-31571.42,1.3187
1348,0,1,0.35,-31617.26,1.3277
1349,0,1,0.35,-31663.65,1.3258
1350,1,1,0.35,-31647.47,1.2640
1351,1,1,0.35,-31643.77,1.3071
1352,0,1,0.35,-31674.21,1.3237
1353,1,1,0.35,-31670.93,1.3345
1354,1,1,0.35,-31671.52,1.3236
1355,1,1,0.35,-31650.72,1.2406
1356,0,1,0.35,-31684.01,1.2728
1357,0,1,0.35,-31733.57,1.3187
1358,0,1,0.35,-31745.42,1.3038
1359,0,1,0.35,-31783.94,1.2797
1360,1,1,0.35,-31789.46,1.3155
1361,0,1,0.35,-31810.08,1.2988
1362,1,1,0.35,-31802.49,1.2613
1363,1,1,0.36,-31784.70,1.2894
1364,0,1,0.35,-31800.15,1.2960
1365,0,1,0.35,-31856.16,1.3282
1366,0,1,0.35,-31878.14,1.2817
1367,1,1,0.35,-31866.09,1.2621
1368,0,1,0.35,-31900.77,1.3142
1369,1,1,0.36,-31882.78,1.2865
1370,1,1,0.36,-31876.83,1.2870
1371,1,1,0.36,-31852.74,1.2290
1372,0,1,0.36,-31885.94,1.2981
1373,1,1,0.36,-31823.41,1.3009
1374,0,1,0.36,-31862.27,1.3135
1375,1,1,0.36,-31856.27,1.3114
1376,1,1,0.36,-31851.80,1.2175
1377,0,1,0.36,-31889.58,1.2993
1378,0,1,0.36,-31947.40,1.3369
1379,0,1,0.36,-31982.86,1.3539
1380,0,1,0.36,-32008.30,1.3003
1381,1,1,0.36,-31979.40,1.2585
1382,0,1,0.36,-32006.78,1.3135
1383,1,1,0.36,-31997.54,1.2611
1384,0,1,0.36,-32018.25,1.2896
1385,0,1,0.36,-32013.62,1.2601
1386,0,1,0.36,-32032.60,1.3210
1387,0,1,0.36,-32089.95,1.3283
1388,0,1,0.36,-32138.84,1.3975
1389,1,1,0.36,-32090.42,1.2450
1390,1,1,0.36,-32071.71,1.2606
1391,0,1,0.36,-32072.16,1.2459
1392,1,1,0.36,-32103.96,1.3052
1393,0,1,0.36,-32152.37,1.3547
1394,0,1,0.36,-32168.22,1.2720
1395,0,1,0.36,-32201.62,1.3187
1396,0,1,0.36,-32256.00,1.3008
1397,1,1,0.36,-32246.06,1.3118
1398,1,1,0.36,-32225.13,1.3065
1399,0,1,0.36,-32284.44,1.3207
1400,0,1,0.36,-32336.91,1.3735
1401,0,1,0.36,-32379.02,1.2937
1402,0,1,0.36,-32409.74,1.1656
1403,0,1,0.35,-32457.26,1.3328
1404,0,1,0.35,-32486.74,1.2758
1405,0,1,0.35,-32534.60,1.2377
1406,0,1,0.35,-32580.72,1.2528
1407,1,1,0.35,-32603.74,1.2989
1408,1,1,0.36,-32612.95,1.3047
1409,1,1,0.36,-32618.47,1.2526
1410,0,1,0.36,-32677.68,1.2483
1411,1,1,0.36,-32658.53,1.3327
1412,0,1,0.36,-32704.06,1.2630
1413,1,1,0.36,-32683.21,1.1823
1414,0,1,0.36,-32657.34,1.2819
1415,0,1,0.36,-32658.83,1.2404
1416,1,1,0.36,-32643.27,1.2132
1417,1,1,0.36,-32667.21,1.2916
1418,1,1,0.36,-32652.60,1.2436
1419,1,1,0.36,-32638.68,1.1798
1420,0,1,0.36,-32672.31,1.2216
1421,1,1,0.36,-32628.78,1.2411
1422,1,1,0.36,-32620.01,1.2523
1423,1,1,0.36,-32637.24,1.2275
1424,0,1,0.36,-32672.79,1.2767
1425,1,1,0.36,-32695.29,1.2151
1426,0,1,0.36,-32737.80,1.2872
1427,0,1,0.36,-32774.69,1.2527
1428,1,1,0.36,-32750.73,1.2012
1429,0,1,0.36,-32803.86,1.2832
1430,1,1,0.36,-32779.92,1.2173
1431,0,1,0.36,-32818.81,1.2304
1432,0,1,0.36,-32852.04,1.2746
1433,1,1,0.36,-32844.09,1.2049
1434,0,1,0.36,-32900.63,1.1666
1435,1,1,0.36,-32892.34,1.3067
1436,1,1,0.36,-32889.05,1.2638
1437,1,1,0.36,-32885.77,1.2660
1438,0,1,0.36,-32915.43,1.2832
1439,1,1,0.36,-32908.32,1.2849
1440,0,1,0.36,-32961.70,1.3027
1441,1,1,0.36,-32933.38,1.2687
1442,1,1,0.36,-32948.45,1.2732
1443,0,1,0.36,-32991.46,1.2698
1444,0,1,0.36,-33029.91,1.2639
1445,0,1,0.36,-33065.92,1.2397
1446,0,1,0.36,-33126.28,1.3279
1447,0,1,0.36,-33153.48,1.2494
1448,0,1,0.36,-33198.68,1.2254
1449,0,1,0.36,-33231.49,1.2668
1450,1,1,0.36,-33230.84,1.2862
1451,1,1,0.36,-33198.97,1.3183
1452,1,1,0.36,-33179.18,1.2780
1453,1,1,0.36,-33139.45,1.3496
1454,0,1,0.36,-33185.22,1.2489
1455,1,1,0.36,-33188.32,1.3448
1456,0,1,0.36,-33217.56,1.2208
1457,0,1,0.36,-33267.44,1.4004
1458,1,1,0.36,-33257.61,1.4019
1459,1,1,0.36,-33245.56,1.2727
1460,0,1,0.36,-33275.24,1.2876
1461,1,1,0.36,-33237.99,1.2451
1462,1,1,0.36,-33237.33,1.2589
1463,0,1,0.36,-33267.23,1.3006
1464,0,1,0.36,-33316.54,1.3734
1465,1,1,0.36,-33300.98,1.3528
1466,0,1,0.36,-33356.39,1.3264
1467,1,1,0.36,-33341.30,1.3333
1468,0,1,0.36,-33374.16,1.2874
1469,0,1,0.36,-33430.81,1.3882
1470,0,1,0.36,-33487.07,1.4754
1471,1,1,0.36,-33462.18,1.4209
1472,1,1,0.36,-33467.70,1.4023
1473,0,1,0.36,-33495.53,1.2953
1474,0,1,0.36,-33520.69,1.2391
1475,0,1,0.36,-33560.11,1.2915
1476,1,1,0.36,-33554.94,1.2759
1477,1,1,0.36,-33548.58,1.2927
1478,1,1,0.36,-33539.34,1.3095
1479,0,1,0.36,-33577.64,1.3143
1480,0,1,0.36,-33637.90,1.3290
1481,0,1,0.36,-33684.46,1.4064
1482,0,1,0.36,-33727.68,1.4316
1483,0,1,0.36,-33745.85,1.2316
1484,0,1,0.36,-33803.62,1.3464
1485,1,1,0.36,-33801.03,1.3708
1486,0,1,0.36,-33813.34,1.2338
1487,0,1,0.36,-33866.69,1.3422
1488,1,1,0.36,-33846.54,1.2277
1489,1,1,0.36,-33830.93,1.3150
1490,1,1,0.36,-33790.19,1.2507
1491,1,1,0.36,-33747.57,1.2434
1492,1,1,0.36,-33732.05,1.2480
1493,0,1,0.36,-33693.28,1.3372
1494,1,1,0.36,-33667.49,1.2170
1495,0,1,0.36,-33720.17,1.3231
1496,0,1,0.36,-33732.64,1.2316
1497,1,1,0.36,-33713.61,1.1521
1498,0,1,0.36,-33705.93,1.2753
1499,0,1,0.36,-33726.69,1.2523
1500,0,1,0.36,-33776.23,1.3100
1501,1,1,0.36,-33771.76,1.3183
1502,1,1,0.36,-33747.26,1.2448
1503,1,1,0.36,-33769.93,1.2864
1504,0,1,0.36,-33827.57,1.3971
1505,0,1,0.36,-33880.86,1.5008
1506,0,1,0.36,-33862.55,1.2568
1507,0,1,0.36,-33923.81,1.3164
1508,0,1,0.36,-33959.76,1.3023
1509,1,1,0.36,-33928.32,1.2954
1510,0,1,0.36,-33981.44,1.3081
1511,0,1,0.36,-33947.98,1.2429
1512,0,1,0.36,-33977.89,1.2623
1513,0,1,0.36,-34004.68,1.2520
1514,1,1,0.36,-34000.21,1.2983
1515,0,1,0.36,-34045.21,1.2704
1516,1,1,0.36,-34040.73,1.2502
1517,1,1,0.36,-34033.14,1.2167
1518,0,1,0.36,-34072.58,1.2481
1519,1,1,0.36,-34068.10,1.3239
1520,0,1,0.36,-34127.21,1.4002
1521,1,1,0.36,-34117.74,1.3788
1522,0,1,0.36,-34168.70,1.4456
1523,0,1,0.36,-34215.24,1.3743
1524,1,1,0.36,-34220.93,1.2502
1525,0,1,0.36,-34260.89,1.2610
1526,0,1,0.36,-34264.27,1.4058
1527,0,1,0.36,-34304.12,1.4380
1528,0,1,0.36,-34340.25,1.4676
1529,0,1,0.36,-34395.12,1.3814
1530,0,1,0.36,-34434.35,1.4574
1531,0,1,0.36,-34427.72,1.4015
1532,0,1,0.36,-34467.77,1.4451
1533,0,1,0.36,-34509.04,1.4496
1534,0,1,0.36,-34562.95,1.4322
1535,1,1,0.36,-34586.75,1.5273
1536,0,1,0.36,-34596.77,1.4311
1537,0,1,0.36,-34632.98,1.4617
